id,stratum,level,expected,outcome,P1,P2,P3,P4,P5,P6,P7,P8,P9,P10,P11,fifths,metre,bars,detected
O_1-left_at_1.3_d1,O,1,WRITE,WRITE,PASS,PASS,PASS,PASS,PASS,PASS,PASS,PASS,PASS,PASS,NA,0,4/4,4,clef.bass interval.step
O_1-left_at_1.3_d2,O,1,WRITE,WRITE,PASS,PASS,PASS,PASS,PASS,PASS,PASS,PASS,PASS,PASS,NA,0,4/4,4,clef.bass interval.step
O_1-left_at_1.3_d3,O,1,WRITE,WRITE,PASS,PASS,PASS,PASS,PASS,PASS,PASS,PASS,PASS,PASS,NA,0,4/4,4,clef.bass interval.step
O_1-left_at_1.3_d4,O,1,WRITE,WRITE,PASS,PASS,PASS,PASS,PASS,PASS,PASS,PASS,PASS,PASS,NA,0,4/4,4,clef.bass interval.step
O_1-left_at_1.3_d5,O,1,WRITE,WRITE,PASS,PASS,PASS,PASS,PASS,PASS,PASS,PASS,PASS,PASS,NA,0,4/4,4,clef.bass interval.step
O_1-left_at_1.3_d6,O,1,WRITE,WRITE,PASS,PASS,PASS,PASS,PASS,PASS,PASS,PASS,PASS,PASS,NA,0,4/4,4,clef.bass interval.step
O_1-left_at_1.3_d7,O,1,WRITE,WRITE,PASS,PASS,PASS,PASS,PASS,PASS,PASS,PASS,PASS,PASS,NA,0,4/4,4,clef.bass interval.step
O_1-left_at_1.3_d8,O,1,WRITE,WRITE,PASS,PASS,PASS,PASS,PASS,PASS,PASS,PASS,PASS,PASS,NA,0,4/4,4,clef.bass interval.step
O_1-left_at_1.4_d1,O,1,WRITE,WRITE,PASS,PASS,PASS,PASS,PASS,PASS,PASS,PASS,PASS,PASS,NA,0,4/4,4,clef.bass interval.step
O_1-left_at_1.4_d2,O,1,WRITE,WRITE,PASS,PASS,PASS,PASS,PASS,PASS,PASS,PASS,PASS,PASS,NA,0,4/4,4,clef.bass interval.step
O_1-left_at_1.4_d3,O,1,WRITE,WRITE,PASS,PASS,PASS,PASS,PASS,PASS,PASS,PASS,PASS,PASS,NA,0,4/4,4,clef.bass interval.step
O_1-left_at_1.4_d4,O,1,WRITE,WRITE,PASS,PASS,PASS,PASS,PASS,PASS,PASS,PASS,PASS,PASS,NA,0,4/4,4,clef.bass interval.step
O_1-left_at_1.4_d5,O,1,WRITE,WRITE,PASS,PASS,PASS,PASS,PASS,PASS,PASS,PASS,PASS,PASS,NA,0,4/4,4,clef.bass interval.step
O_1-left_at_1.4_d6,O,1,WRITE,WRITE,PASS,PASS,PASS,PASS,PASS,PASS,PASS,PASS,PASS,PASS,NA,0,4/4,4,clef.bass interval.step
O_1-left_at_1.4_d7,O,1,WRITE,WRITE,PASS,PASS,PASS,PASS,PASS,PASS,PASS,PASS,PASS,PASS,NA,0,4/4,4,clef.bass interval.step
O_1-left_at_1.4_d8,O,1,WRITE,WRITE,PASS,PASS,PASS,PASS,PASS,PASS,PASS,PASS,PASS,PASS,NA,0,4/4,4,clef.bass interval.step
O_1_at_1.5_d1,O,1,WRITE,WRITE,PASS,PASS,PASS,PASS,PASS,PASS,PASS,PASS,PASS,PASS,NA,0,4/4,4,interval.skip interval.step
O_1_at_1.5_d2,O,1,WRITE,WRITE,PASS,PASS,PASS,PASS,PASS,PASS,PASS,PASS,PASS,PASS,NA,0,4/4,4,interval.skip interval.step
O_1_at_1.5_d3,O,1,WRITE,WRITE,PASS,PASS,PASS,PASS,PASS,PASS,PASS,PASS,PASS,PASS,NA,0,4/4,4,interval.skip interval.step
O_1_at_1.5_d4,O,1,WRITE,WRITE,PASS,PASS,PASS,PASS,PASS,PASS,PASS,PASS,PASS,PASS,NA,0,4/4,4,interval.skip interval.step
O_1_at_1.5_d5,O,1,WRITE,WRITE,PASS,PASS,PASS,PASS,PASS,PASS,PASS,PASS,PASS,PASS,NA,0,4/4,4,interval.skip interval.step
O_1_at_1.5_d6,O,1,WRITE,WRITE,PASS,PASS,PASS,PASS,PASS,PASS,PASS,PASS,PASS,PASS,NA,0,4/4,4,interval.skip interval.step
O_1_at_1.5_d7,O,1,WRITE,WRITE,PASS,PASS,PASS,PASS,PASS,PASS,PASS,PASS,PASS,PASS,NA,0,4/4,4,interval.skip interval.step
O_1_at_1.5_d8,O,1,WRITE,WRITE,PASS,PASS,PASS,PASS,PASS,PASS,PASS,PASS,PASS,PASS,NA,0,4/4,4,interval.skip interval.step
O_2-right_at_2.2_d1,O,2,WRITE,WRITE,PASS,PASS,PASS,PASS,PASS,PASS,PASS,PASS,PASS,PASS,NA,0,3/4,4,interval.skip interval.step metre.triple rhythm.eighths rhythm.shorter-than-quarter
O_2-right_at_2.2_d2,O,2,WRITE,WRITE,PASS,PASS,PASS,PASS,PASS,PASS,PASS,PASS,PASS,PASS,NA,0,3/4,4,interval.skip interval.step metre.triple rhythm.eighths rhythm.shorter-than-quarter
O_2-right_at_2.2_d3,O,2,WRITE,WRITE,PASS,PASS,PASS,PASS,PASS,PASS,PASS,PASS,PASS,PASS,NA,0,3/4,4,interval.skip interval.step metre.triple rhythm.eighths rhythm.shorter-than-quarter
O_2-right_at_2.2_d4,O,2,WRITE,WRITE,PASS,PASS,PASS,PASS,PASS,PASS,PASS,PASS,PASS,PASS,NA,0,4/4,4,interval.skip interval.step rhythm.eighths rhythm.shorter-than-quarter
O_2-right_at_2.2_d5,O,2,WRITE,WRITE,PASS,PASS,PASS,PASS,PASS,PASS,PASS,PASS,PASS,PASS,NA,0,3/4,4,interval.skip interval.step metre.triple rhythm.eighths rhythm.shorter-than-quarter
O_2-right_at_2.2_d6,O,2,WRITE,WRITE,PASS,PASS,PASS,PASS,PASS,PASS,PASS,PASS,PASS,PASS,NA,0,4/4,4,interval.skip interval.step rhythm.eighths rhythm.shorter-than-quarter
O_2-right_at_2.2_d7,O,2,WRITE,WRITE,PASS,PASS,PASS,PASS,PASS,PASS,PASS,PASS,PASS,PASS,NA,0,3/4,4,interval.skip interval.step metre.triple rhythm.eighths rhythm.shorter-than-quarter
O_2-right_at_2.2_d8,O,2,WRITE,WRITE,PASS,PASS,PASS,PASS,PASS,PASS,PASS,PASS,PASS,PASS,NA,0,3/4,4,interval.skip interval.step metre.triple rhythm.eighths rhythm.shorter-than-quarter
O_2-right_at_2.5_d1,O,2,WRITE,WRITE,PASS,PASS,PASS,PASS,PASS,PASS,PASS,PASS,PASS,PASS,NA,0,3/4,4,interval.skip interval.step metre.triple range.beyond-position rhythm.eighths rhythm.shorter-than-quarter
O_2-right_at_2.5_d2,O,2,WRITE,WRITE,PASS,PASS,PASS,PASS,PASS,PASS,PASS,PASS,PASS,PASS,NA,0,3/4,4,interval.skip interval.step metre.triple range.beyond-position rhythm.eighths rhythm.shorter-than-quarter
O_2-right_at_2.5_d3,O,2,WRITE,WRITE,PASS,PASS,PASS,PASS,PASS,PASS,PASS,PASS,PASS,PASS,NA,0,3/4,4,interval.skip interval.step metre.triple rhythm.eighths rhythm.shorter-than-quarter
O_2-right_at_2.5_d4,O,2,WRITE,WRITE,PASS,PASS,PASS,PASS,PASS,PASS,PASS,PASS,PASS,PASS,NA,0,4/4,4,interval.skip interval.step range.beyond-position rhythm.eighths rhythm.shorter-than-quarter
O_2-right_at_2.5_d5,O,2,WRITE,WRITE,PASS,PASS,PASS,PASS,PASS,PASS,PASS,PASS,PASS,PASS,NA,0,3/4,4,interval.skip interval.step metre.triple rhythm.eighths rhythm.shorter-than-quarter
O_2-right_at_2.5_d6,O,2,WRITE,WRITE,PASS,PASS,PASS,PASS,PASS,PASS,PASS,PASS,PASS,PASS,NA,0,4/4,4,interval.skip interval.step range.beyond-position rhythm.eighths rhythm.shorter-than-quarter
O_2-right_at_2.5_d7,O,2,WRITE,WRITE,PASS,PASS,PASS,PASS,PASS,PASS,PASS,PASS,PASS,PASS,NA,0,3/4,4,interval.skip interval.step metre.triple rhythm.eighths rhythm.shorter-than-quarter
O_2-right_at_2.5_d8,O,2,WRITE,WRITE,PASS,PASS,PASS,PASS,PASS,PASS,PASS,PASS,PASS,PASS,NA,0,3/4,4,interval.skip interval.step metre.triple range.beyond-position rhythm.eighths rhythm.shorter-than-quarter
O_2_at_3.4_d1,O,2,WRITE,WRITE,PASS,PASS,PASS,PASS,PASS,PASS,PASS,PASS,PASS,PASS,NA,0,4/4,4,clef.bass interval.leap interval.skip interval.step range.beyond-position rhythm.eighths rhythm.shorter-than-quarter texture.hands-together
O_2_at_3.4_d2,O,2,WRITE,WRITE,PASS,PASS,PASS,PASS,PASS,PASS,PASS,PASS,PASS,PASS,NA,1,3/4,4,clef.bass interval.skip interval.step key.signature metre.triple rhythm.eighths rhythm.shorter-than-quarter texture.hands-together
O_2_at_3.4_d3,O,2,WRITE,WRITE,PASS,PASS,PASS,PASS,PASS,PASS,PASS,PASS,PASS,PASS,NA,0,3/4,4,clef.bass interval.leap interval.skip interval.step metre.triple range.beyond-position rhythm.eighths rhythm.shorter-than-quarter texture.hands-together
O_2_at_3.4_d4,O,2,WRITE,WRITE,PASS,PASS,PASS,PASS,PASS,PASS,PASS,PASS,PASS,PASS,NA,-1,4/4,4,clef.bass interval.skip interval.step key.signature range.beyond-position rhythm.eighths rhythm.shorter-than-quarter texture.hands-together
O_2_at_3.4_d5,O,2,WRITE,WRITE,PASS,PASS,PASS,PASS,PASS,PASS,PASS,PASS,PASS,PASS,NA,1,4/4,4,clef.bass interval.skip interval.step key.signature range.beyond-position rhythm.eighths rhythm.shorter-than-quarter texture.hands-together
O_2_at_3.4_d6,O,2,WRITE,WRITE,PASS,PASS,PASS,PASS,PASS,PASS,PASS,PASS,PASS,PASS,NA,-1,3/4,4,clef.bass interval.skip interval.step key.signature metre.triple rhythm.eighths rhythm.shorter-than-quarter texture.hands-together
O_2_at_3.4_d7,O,2,WRITE,WRITE,PASS,PASS,PASS,PASS,PASS,PASS,PASS,PASS,PASS,PASS,NA,0,4/4,4,clef.bass interval.leap interval.skip interval.step rhythm.eighths rhythm.shorter-than-quarter texture.hands-together
O_2_at_3.4_d8,O,2,WRITE,WRITE,PASS,PASS,PASS,PASS,PASS,PASS,PASS,PASS,PASS,PASS,NA,1,4/4,4,clef.bass interval.skip interval.step key.signature range.beyond-position rhythm.eighths rhythm.shorter-than-quarter texture.hands-together
O_2_at_classical.3_d1,O,2,WRITE,WRITE,PASS,PASS,PASS,PASS,PASS,PASS,PASS,PASS,PASS,PASS,NA,0,4/4,4,clef.bass interval.leap interval.skip interval.step range.beyond-position rhythm.eighths rhythm.shorter-than-quarter texture.hands-together
O_2_at_classical.3_d2,O,2,WRITE,WRITE,PASS,PASS,PASS,PASS,PASS,PASS,PASS,PASS,PASS,PASS,NA,1,3/4,4,clef.bass interval.skip interval.step key.signature metre.triple rhythm.eighths rhythm.shorter-than-quarter texture.hands-together
O_2_at_classical.3_d3,O,2,WRITE,WRITE,PASS,PASS,PASS,PASS,PASS,PASS,PASS,PASS,PASS,PASS,NA,0,3/4,4,clef.bass interval.leap interval.skip interval.step metre.triple range.beyond-position rhythm.eighths rhythm.shorter-than-quarter texture.hands-together
O_2_at_classical.3_d4,O,2,WRITE,WRITE,PASS,PASS,PASS,PASS,PASS,PASS,PASS,PASS,PASS,PASS,NA,-1,4/4,4,clef.bass interval.skip interval.step key.signature range.beyond-position rhythm.eighths rhythm.shorter-than-quarter texture.hands-together
O_2_at_classical.3_d5,O,2,WRITE,WRITE,PASS,PASS,PASS,PASS,PASS,PASS,PASS,PASS,PASS,PASS,NA,1,4/4,4,clef.bass interval.skip interval.step key.signature range.beyond-position rhythm.eighths rhythm.shorter-than-quarter texture.hands-together
O_2_at_classical.3_d6,O,2,WRITE,WRITE,PASS,PASS,PASS,PASS,PASS,PASS,PASS,PASS,PASS,PASS,NA,-1,3/4,4,clef.bass interval.skip interval.step key.signature metre.triple rhythm.eighths rhythm.shorter-than-quarter texture.hands-together
O_2_at_classical.3_d7,O,2,WRITE,WRITE,PASS,PASS,PASS,PASS,PASS,PASS,PASS,PASS,PASS,PASS,NA,0,4/4,4,clef.bass interval.leap interval.skip interval.step rhythm.eighths rhythm.shorter-than-quarter texture.hands-together
O_2_at_classical.3_d8,O,2,WRITE,WRITE,PASS,PASS,PASS,PASS,PASS,PASS,PASS,PASS,PASS,PASS,NA,1,4/4,4,clef.bass interval.skip interval.step key.signature range.beyond-position rhythm.eighths rhythm.shorter-than-quarter texture.hands-together
O_3_at_4.5_d1,O,3,WRITE,WRITE,PASS,PASS,PASS,PASS,PASS,PASS,PASS,PASS,PASS,FAIL,NA,0,6/8,8,clef.bass compoundDottedQuarters interval.leap interval.skip interval.step metre.compound rhythm.eighths rhythm.shorter-than-quarter rhythm.syncopation rhythm.ties texture.hands-together
O_3_at_4.5_d2,O,3,WRITE,WRITE,PASS,PASS,PASS,PASS,PASS,PASS,PASS,PASS,PASS,PASS,NA,1,4/4,8,clef.bass interval.leap interval.skip interval.step key.signature range.beyond-position rhythm.eighths rhythm.shorter-than-quarter rhythm.syncopation rhythm.ties rhythm.triplets texture.hands-together
O_3_at_4.5_d3,O,3,WRITE,WRITE,PASS,PASS,PASS,PASS,PASS,PASS,PASS,PASS,PASS,PASS,NA,0,3/4,8,clef.bass interval.leap interval.skip interval.step metre.triple range.beyond-position rhythm.eighths rhythm.shorter-than-quarter rhythm.syncopation rhythm.ties rhythm.triplets texture.hands-together
O_3_at_4.5_d4,O,3,WRITE,WRITE,PASS,PASS,PASS,PASS,PASS,PASS,PASS,PASS,PASS,PASS,NA,-1,4/4,8,clef.bass interval.leap interval.skip interval.step key.signature range.beyond-position rhythm.eighths rhythm.shorter-than-quarter rhythm.syncopation rhythm.ties rhythm.triplets texture.hands-together
O_3_at_4.5_d5,O,3,WRITE,WRITE,PASS,PASS,PASS,PASS,PASS,PASS,PASS,PASS,PASS,FAIL,NA,1,6/8,8,clef.bass compoundDottedQuarters interval.leap interval.skip interval.step key.signature metre.compound range.beyond-position rhythm.eighths rhythm.shorter-than-quarter rhythm.syncopation rhythm.ties texture.hands-together
O_3_at_4.5_d6,O,3,WRITE,WRITE,PASS,PASS,PASS,PASS,PASS,PASS,PASS,PASS,PASS,PASS,NA,-1,3/4,8,clef.bass interval.leap interval.skip interval.step key.signature metre.triple range.beyond-position rhythm.eighths rhythm.shorter-than-quarter rhythm.syncopation rhythm.ties rhythm.triplets texture.hands-together
O_3_at_4.5_d7,O,3,WRITE,WRITE,PASS,PASS,PASS,PASS,PASS,PASS,PASS,PASS,PASS,FAIL,NA,0,6/8,8,clef.bass compoundDottedQuarters interval.leap interval.skip interval.step metre.compound range.beyond-position rhythm.eighths rhythm.shorter-than-quarter texture.hands-together
O_3_at_4.5_d8,O,3,WRITE,WRITE,PASS,PASS,PASS,PASS,PASS,PASS,PASS,PASS,PASS,FAIL,NA,1,6/8,8,clef.bass compoundDottedQuarters interval.leap interval.skip interval.step key.signature metre.compound rhythm.eighths rhythm.shorter-than-quarter rhythm.syncopation rhythm.ties texture.hands-together
O_3_at_4.6_d1,O,3,WRITE,WRITE,PASS,PASS,PASS,PASS,PASS,PASS,PASS,PASS,PASS,FAIL,NA,0,6/8,8,clef.bass compoundDottedQuarters interval.leap interval.skip interval.step metre.compound rhythm.eighths rhythm.shorter-than-quarter rhythm.syncopation rhythm.ties texture.hands-together
O_3_at_4.6_d2,O,3,WRITE,WRITE,PASS,PASS,PASS,PASS,PASS,PASS,PASS,PASS,PASS,PASS,NA,1,4/4,8,clef.bass interval.leap interval.skip interval.step key.signature range.beyond-position rhythm.eighths rhythm.shorter-than-quarter rhythm.syncopation rhythm.ties rhythm.triplets texture.hands-together
O_3_at_4.6_d3,O,3,WRITE,WRITE,PASS,PASS,PASS,PASS,PASS,PASS,PASS,PASS,PASS,PASS,NA,0,3/4,8,clef.bass interval.leap interval.skip interval.step metre.triple range.beyond-position rhythm.eighths rhythm.shorter-than-quarter rhythm.syncopation rhythm.ties rhythm.triplets texture.hands-together
O_3_at_4.6_d4,O,3,WRITE,WRITE,PASS,PASS,PASS,PASS,PASS,PASS,PASS,PASS,PASS,PASS,NA,-1,4/4,8,clef.bass interval.leap interval.skip interval.step key.signature range.beyond-position rhythm.eighths rhythm.shorter-than-quarter rhythm.syncopation rhythm.ties rhythm.triplets texture.hands-together
O_3_at_4.6_d5,O,3,WRITE,WRITE,PASS,PASS,PASS,PASS,PASS,PASS,PASS,PASS,PASS,FAIL,NA,1,6/8,8,clef.bass compoundDottedQuarters interval.leap interval.skip interval.step key.signature metre.compound range.beyond-position rhythm.eighths rhythm.shorter-than-quarter rhythm.syncopation rhythm.ties texture.hands-together
O_3_at_4.6_d6,O,3,WRITE,WRITE,PASS,PASS,PASS,PASS,PASS,PASS,PASS,PASS,PASS,PASS,NA,-1,3/4,8,clef.bass interval.leap interval.skip interval.step key.signature metre.triple range.beyond-position rhythm.eighths rhythm.shorter-than-quarter rhythm.syncopation rhythm.ties rhythm.triplets texture.hands-together
O_3_at_4.6_d7,O,3,WRITE,WRITE,PASS,PASS,PASS,PASS,PASS,PASS,PASS,PASS,PASS,FAIL,NA,0,6/8,8,clef.bass compoundDottedQuarters interval.leap interval.skip interval.step metre.compound range.beyond-position rhythm.eighths rhythm.shorter-than-quarter texture.hands-together
O_3_at_4.6_d8,O,3,WRITE,WRITE,PASS,PASS,PASS,PASS,PASS,PASS,PASS,PASS,PASS,FAIL,NA,1,6/8,8,clef.bass compoundDottedQuarters interval.leap interval.skip interval.step key.signature metre.compound rhythm.eighths rhythm.shorter-than-quarter rhythm.syncopation rhythm.ties texture.hands-together
O_4_at_4.6_d1,O,4,WRITE,WRITE,PASS,PASS,PASS,PASS,PASS,PASS,PASS,PASS,PASS,PASS,NA,0,4/4,8,clef.bass interval.leap interval.skip interval.step pitch.chromatic pitch.ledger range.beyond-position rhythm.dotted-quarter rhythm.eighths rhythm.shorter-than-quarter rhythm.ties texture.hands-together
O_4_at_4.6_d2,O,4,WRITE,WRITE,PASS,PASS,PASS,PASS,PASS,PASS,PASS,PASS,PASS,PASS,NA,1,3/4,8,clef.bass interval.leap interval.skip interval.step key.signature metre.triple pitch.chromatic range.beyond-position rhythm.dotted-quarter rhythm.eighths rhythm.shorter-than-quarter rhythm.ties texture.hands-together
O_4_at_4.6_d3,O,4,WRITE,WRITE,PASS,PASS,PASS,PASS,PASS,PASS,PASS,PASS,PASS,PASS,NA,0,3/4,8,clef.bass interval.leap interval.skip interval.step metre.triple pitch.chromatic pitch.ledger range.beyond-position rhythm.dotted-quarter rhythm.eighths rhythm.shorter-than-quarter texture.hands-together
O_4_at_4.6_d4,O,4,WRITE,WRITE,PASS,PASS,PASS,PASS,PASS,PASS,PASS,PASS,PASS,PASS,NA,-1,4/4,8,clef.bass interval.leap interval.skip interval.step key.signature pitch.chromatic pitch.ledger range.beyond-position rhythm.dotted-quarter rhythm.eighths rhythm.shorter-than-quarter texture.hands-together
O_4_at_4.6_d5,O,4,WRITE,WRITE,PASS,PASS,PASS,PASS,PASS,PASS,PASS,PASS,PASS,PASS,NA,1,4/4,8,clef.bass interval.leap interval.skip interval.step key.signature pitch.chromatic range.beyond-position rhythm.dotted-quarter rhythm.eighths rhythm.shorter-than-quarter texture.hands-together
O_4_at_4.6_d6,O,4,WRITE,WRITE,PASS,PASS,PASS,PASS,PASS,PASS,PASS,PASS,PASS,PASS,NA,-1,3/4,8,clef.bass interval.leap interval.skip interval.step key.signature metre.triple pitch.chromatic pitch.ledger range.beyond-position rhythm.dotted-quarter rhythm.eighths rhythm.shorter-than-quarter texture.hands-together
O_4_at_4.6_d7,O,4,WRITE,WRITE,PASS,PASS,PASS,PASS,PASS,PASS,PASS,PASS,PASS,PASS,NA,0,4/4,8,clef.bass interval.leap interval.skip interval.step pitch.chromatic pitch.ledger range.beyond-position rhythm.dotted-quarter rhythm.eighths rhythm.shorter-than-quarter rhythm.ties texture.hands-together
O_4_at_4.6_d8,O,4,WRITE,WRITE,PASS,PASS,PASS,PASS,PASS,PASS,PASS,PASS,PASS,PASS,NA,1,4/4,8,clef.bass interval.leap interval.skip interval.step key.signature pitch.chromatic pitch.ledger range.beyond-position rhythm.dotted-quarter rhythm.eighths rhythm.shorter-than-quarter rhythm.ties texture.hands-together
O_4_at_technique.5_d1,O,4,WRITE,WRITE,PASS,PASS,PASS,PASS,PASS,PASS,PASS,PASS,PASS,PASS,NA,0,4/4,8,clef.bass interval.leap interval.skip interval.step pitch.chromatic pitch.ledger range.beyond-position rhythm.dotted-quarter rhythm.eighths rhythm.shorter-than-quarter rhythm.ties texture.hands-together
O_4_at_technique.5_d2,O,4,WRITE,WRITE,PASS,PASS,PASS,PASS,PASS,PASS,PASS,PASS,PASS,PASS,NA,1,3/4,8,clef.bass interval.leap interval.skip interval.step key.signature metre.triple pitch.chromatic range.beyond-position rhythm.dotted-quarter rhythm.eighths rhythm.shorter-than-quarter rhythm.ties texture.hands-together
O_4_at_technique.5_d3,O,4,WRITE,WRITE,PASS,PASS,PASS,PASS,PASS,PASS,PASS,PASS,PASS,PASS,NA,0,3/4,8,clef.bass interval.leap interval.skip interval.step metre.triple pitch.chromatic pitch.ledger range.beyond-position rhythm.dotted-quarter rhythm.eighths rhythm.shorter-than-quarter texture.hands-together
O_4_at_technique.5_d4,O,4,WRITE,WRITE,PASS,PASS,PASS,PASS,PASS,PASS,PASS,PASS,PASS,PASS,NA,-1,4/4,8,clef.bass interval.leap interval.skip interval.step key.signature pitch.chromatic pitch.ledger range.beyond-position rhythm.dotted-quarter rhythm.eighths rhythm.shorter-than-quarter texture.hands-together
O_4_at_technique.5_d5,O,4,WRITE,WRITE,PASS,PASS,PASS,PASS,PASS,PASS,PASS,PASS,PASS,PASS,NA,1,4/4,8,clef.bass interval.leap interval.skip interval.step key.signature pitch.chromatic range.beyond-position rhythm.dotted-quarter rhythm.eighths rhythm.shorter-than-quarter texture.hands-together
O_4_at_technique.5_d6,O,4,WRITE,WRITE,PASS,PASS,PASS,PASS,PASS,PASS,PASS,PASS,PASS,PASS,NA,-1,3/4,8,clef.bass interval.leap interval.skip interval.step key.signature metre.triple pitch.chromatic pitch.ledger range.beyond-position rhythm.dotted-quarter rhythm.eighths rhythm.shorter-than-quarter texture.hands-together
O_4_at_technique.5_d7,O,4,WRITE,WRITE,PASS,PASS,PASS,PASS,PASS,PASS,PASS,PASS,PASS,PASS,NA,0,4/4,8,clef.bass interval.leap interval.skip interval.step pitch.chromatic pitch.ledger range.beyond-position rhythm.dotted-quarter rhythm.eighths rhythm.shorter-than-quarter rhythm.ties texture.hands-together
O_4_at_technique.5_d8,O,4,WRITE,WRITE,PASS,PASS,PASS,PASS,PASS,PASS,PASS,PASS,PASS,PASS,NA,1,4/4,8,clef.bass interval.leap interval.skip interval.step key.signature pitch.chromatic pitch.ledger range.beyond-position rhythm.dotted-quarter rhythm.eighths rhythm.shorter-than-quarter rhythm.ties texture.hands-together
O_5_at_theory.6_d1,O,5,WRITE,WRITE,PASS,PASS,PASS,PASS,PASS,PASS,PASS,PASS,PASS,PASS,PASS,0,4/4,8,clef.bass interval.leap interval.skip interval.step range.beyond-position rhythm.dotted-quarter rhythm.eighths rhythm.shorter-than-quarter rhythm.syncopation rhythm.ties texture.hands-together texture.left-hand-pattern
O_5_at_theory.6_d2,O,5,WRITE,WRITE,PASS,PASS,PASS,PASS,PASS,PASS,PASS,PASS,PASS,PASS,PASS,3,4/4,8,clef.bass interval.leap interval.skip interval.step key.signature pitch.ledger range.beyond-position rhythm.dotted-quarter rhythm.eighths rhythm.shorter-than-quarter rhythm.syncopation texture.hands-together texture.left-hand-pattern
O_5_at_theory.6_d3,O,5,WRITE,WRITE,PASS,PASS,PASS,PASS,PASS,PASS,PASS,PASS,PASS,PASS,PASS,0,4/4,8,clef.bass interval.leap interval.skip interval.step range.beyond-position rhythm.dotted-quarter rhythm.eighths rhythm.shorter-than-quarter rhythm.syncopation rhythm.ties texture.hands-together texture.left-hand-pattern
O_5_at_theory.6_d4,O,5,WRITE,WRITE,PASS,PASS,PASS,PASS,PASS,PASS,PASS,PASS,PASS,PASS,PASS,-2,4/4,8,clef.bass interval.leap interval.skip interval.step key.signature pitch.ledger range.beyond-position rhythm.dotted-quarter rhythm.eighths rhythm.shorter-than-quarter rhythm.syncopation rhythm.ties texture.hands-together texture.left-hand-pattern
O_5_at_theory.6_d5,O,5,WRITE,WRITE,PASS,PASS,PASS,PASS,PASS,PASS,PASS,PASS,PASS,PASS,PASS,3,4/4,8,clef.bass interval.leap interval.skip interval.step key.signature pitch.ledger range.beyond-position rhythm.dotted-quarter rhythm.eighths rhythm.shorter-than-quarter rhythm.syncopation texture.hands-together texture.left-hand-pattern
O_5_at_theory.6_d6,O,5,WRITE,WRITE,PASS,PASS,PASS,PASS,PASS,PASS,PASS,PASS,PASS,PASS,PASS,-3,4/4,8,clef.bass interval.leap interval.skip interval.step key.signature pitch.ledger range.beyond-position rhythm.dotted-quarter rhythm.eighths rhythm.shorter-than-quarter rhythm.syncopation rhythm.ties texture.hands-together texture.left-hand-pattern
O_5_at_theory.6_d7,O,5,WRITE,WRITE,PASS,PASS,PASS,PASS,PASS,PASS,PASS,PASS,PASS,PASS,PASS,0,4/4,8,clef.bass interval.leap interval.skip interval.step pitch.ledger range.beyond-position rhythm.dotted-quarter rhythm.eighths rhythm.shorter-than-quarter rhythm.syncopation texture.hands-together texture.left-hand-pattern
O_5_at_theory.6_d8,O,5,WRITE,WRITE,PASS,PASS,PASS,PASS,PASS,PASS,PASS,PASS,PASS,PASS,PASS,1,4/4,8,clef.bass interval.leap interval.skip interval.step key.signature range.beyond-position rhythm.dotted-quarter rhythm.eighths rhythm.shorter-than-quarter rhythm.syncopation rhythm.ties texture.hands-together texture.left-hand-pattern
O_6_at_chords-pop.8_d1,O,6,WRITE,WRITE,PASS,PASS,PASS,PASS,PASS,PASS,PASS,PASS,PASS,PASS,PASS,1,4/4,8,clef.bass interval.leap interval.skip interval.step key.signature lowerStaffQuarterPerBeat pitch.ledger range.beyond-position rhythm.dotted-quarter rhythm.eighths rhythm.shorter-than-quarter rhythm.syncopation rhythm.ties rhythm.triplets texture.hands-together texture.left-hand-pattern
O_6_at_chords-pop.8_d2,O,6,WRITE,WRITE,PASS,PASS,PASS,PASS,PASS,PASS,PASS,FAIL,PASS,PASS,PASS,4,4/4,8,clef.bass interval.leap interval.skip interval.step key.signature lowerStaffQuarterPerBeat pitch.ledger range.beyond-position rhythm.dotted-quarter rhythm.eighths rhythm.shorter-than-quarter rhythm.syncopation rhythm.ties rhythm.triplets texture.hands-together texture.left-hand-pattern
O_6_at_chords-pop.8_d3,O,6,WRITE,WRITE,PASS,PASS,PASS,PASS,PASS,PASS,PASS,PASS,PASS,PASS,PASS,0,4/4,8,clef.bass interval.leap interval.skip interval.step lowerStaffQuarterPerBeat pitch.ledger range.beyond-position rhythm.dotted-quarter rhythm.eighths rhythm.shorter-than-quarter rhythm.syncopation rhythm.ties rhythm.triplets texture.hands-together texture.left-hand-pattern
O_6_at_chords-pop.8_d4,O,6,WRITE,WRITE,PASS,PASS,PASS,PASS,PASS,PASS,PASS,FAIL,PASS,PASS,PASS,-2,4/4,8,clef.bass interval.leap interval.skip interval.step key.signature lowerStaffQuarterPerBeat pitch.ledger range.beyond-position rhythm.dotted-quarter rhythm.eighths rhythm.shorter-than-quarter rhythm.syncopation rhythm.triplets texture.hands-together texture.left-hand-pattern
O_6_at_chords-pop.8_d5,O,6,WRITE,WRITE,PASS,PASS,PASS,PASS,PASS,PASS,PASS,FAIL,PASS,PASS,PASS,4,4/4,8,clef.bass interval.leap interval.skip interval.step key.signature lowerStaffQuarterPerBeat pitch.ledger range.beyond-position rhythm.dotted-quarter rhythm.eighths rhythm.shorter-than-quarter rhythm.syncopation rhythm.ties rhythm.triplets texture.hands-together texture.left-hand-pattern
O_6_at_chords-pop.8_d6,O,6,WRITE,WRITE,PASS,PASS,PASS,PASS,PASS,PASS,PASS,FAIL,PASS,PASS,PASS,-4,4/4,8,clef.bass interval.leap interval.skip interval.step key.signature lowerStaffQuarterPerBeat pitch.ledger range.beyond-position rhythm.dotted-quarter rhythm.eighths rhythm.shorter-than-quarter rhythm.syncopation rhythm.ties rhythm.triplets texture.hands-together texture.left-hand-pattern
O_6_at_chords-pop.8_d7,O,6,WRITE,WRITE,PASS,PASS,PASS,PASS,PASS,PASS,PASS,FAIL,PASS,PASS,PASS,1,4/4,8,clef.bass interval.leap interval.skip interval.step key.signature lowerStaffQuarterPerBeat pitch.ledger range.beyond-position rhythm.dotted-quarter rhythm.eighths rhythm.shorter-than-quarter rhythm.syncopation rhythm.ties rhythm.triplets texture.hands-together texture.left-hand-pattern
O_6_at_chords-pop.8_d8,O,6,WRITE,WRITE,PASS,PASS,PASS,PASS,PASS,PASS,PASS,FAIL,PASS,PASS,PASS,2,4/4,8,clef.bass interval.leap interval.skip interval.step key.signature lowerStaffQuarterPerBeat pitch.ledger range.beyond-position rhythm.dotted-quarter rhythm.eighths rhythm.shorter-than-quarter rhythm.syncopation rhythm.ties rhythm.triplets texture.hands-together texture.left-hand-pattern
O_6_at_theory.9_d1,O,6,WRITE,WRITE,PASS,PASS,PASS,PASS,PASS,PASS,PASS,PASS,PASS,PASS,PASS,1,4/4,8,clef.bass interval.leap interval.skip interval.step key.signature lowerStaffQuarterPerBeat pitch.ledger range.beyond-position rhythm.dotted-quarter rhythm.eighths rhythm.shorter-than-quarter rhythm.syncopation rhythm.ties rhythm.triplets texture.hands-together texture.left-hand-pattern
O_6_at_theory.9_d2,O,6,WRITE,WRITE,PASS,PASS,PASS,PASS,PASS,PASS,PASS,FAIL,PASS,PASS,PASS,4,4/4,8,clef.bass interval.leap interval.skip interval.step key.signature lowerStaffQuarterPerBeat pitch.ledger range.beyond-position rhythm.dotted-quarter rhythm.eighths rhythm.shorter-than-quarter rhythm.syncopation rhythm.ties rhythm.triplets texture.hands-together texture.left-hand-pattern
O_6_at_theory.9_d3,O,6,WRITE,WRITE,PASS,PASS,PASS,PASS,PASS,PASS,PASS,PASS,PASS,PASS,PASS,0,4/4,8,clef.bass interval.leap interval.skip interval.step lowerStaffQuarterPerBeat pitch.ledger range.beyond-position rhythm.dotted-quarter rhythm.eighths rhythm.shorter-than-quarter rhythm.syncopation rhythm.ties rhythm.triplets texture.hands-together texture.left-hand-pattern
O_6_at_theory.9_d4,O,6,WRITE,WRITE,PASS,PASS,PASS,PASS,PASS,PASS,PASS,FAIL,PASS,PASS,PASS,-2,4/4,8,clef.bass interval.leap interval.skip interval.step key.signature lowerStaffQuarterPerBeat pitch.ledger range.beyond-position rhythm.dotted-quarter rhythm.eighths rhythm.shorter-than-quarter rhythm.syncopation rhythm.triplets texture.hands-together texture.left-hand-pattern
O_6_at_theory.9_d5,O,6,WRITE,WRITE,PASS,PASS,PASS,PASS,PASS,PASS,PASS,FAIL,PASS,PASS,PASS,4,4/4,8,clef.bass interval.leap interval.skip interval.step key.signature lowerStaffQuarterPerBeat pitch.ledger range.beyond-position rhythm.dotted-quarter rhythm.eighths rhythm.shorter-than-quarter rhythm.syncopation rhythm.ties rhythm.triplets texture.hands-together texture.left-hand-pattern
O_6_at_theory.9_d6,O,6,WRITE,WRITE,PASS,PASS,PASS,PASS,PASS,PASS,PASS,FAIL,PASS,PASS,PASS,-4,4/4,8,clef.bass interval.leap interval.skip interval.step key.signature lowerStaffQuarterPerBeat pitch.ledger range.beyond-position rhythm.dotted-quarter rhythm.eighths rhythm.shorter-than-quarter rhythm.syncopation rhythm.ties rhythm.triplets texture.hands-together texture.left-hand-pattern
O_6_at_theory.9_d7,O,6,WRITE,WRITE,PASS,PASS,PASS,PASS,PASS,PASS,PASS,FAIL,PASS,PASS,PASS,1,4/4,8,clef.bass interval.leap interval.skip interval.step key.signature lowerStaffQuarterPerBeat pitch.ledger range.beyond-position rhythm.dotted-quarter rhythm.eighths rhythm.shorter-than-quarter rhythm.syncopation rhythm.ties rhythm.triplets texture.hands-together texture.left-hand-pattern
O_6_at_theory.9_d8,O,6,WRITE,WRITE,PASS,PASS,PASS,PASS,PASS,PASS,PASS,FAIL,PASS,PASS,PASS,2,4/4,8,clef.bass interval.leap interval.skip interval.step key.signature lowerStaffQuarterPerBeat pitch.ledger range.beyond-position rhythm.dotted-quarter rhythm.eighths rhythm.shorter-than-quarter rhythm.syncopation rhythm.ties rhythm.triplets texture.hands-together texture.left-hand-pattern
O_7_at_jazz.8_d1,O,7,WRITE,WRITE,PASS,PASS,PASS,PASS,PASS,PASS,PASS,FAIL,PASS,PASS,PASS,1,4/4,8,clef.bass interval.leap interval.skip interval.step key.signature lowerStaffQuarterPerBeat pitch.ledger range.beyond-position rhythm.dotted-quarter rhythm.eighths rhythm.shorter-than-quarter rhythm.syncopation rhythm.ties rhythm.triplets texture.hands-together texture.left-hand-pattern
O_7_at_jazz.8_d2,O,7,WRITE,WRITE,PASS,PASS,PASS,PASS,PASS,PASS,PASS,FAIL,PASS,PASS,PASS,4,4/4,8,clef.bass interval.leap interval.skip interval.step key.signature lowerStaffQuarterPerBeat pitch.ledger range.beyond-position rhythm.dotted-quarter rhythm.eighths rhythm.shorter-than-quarter rhythm.syncopation rhythm.ties rhythm.triplets texture.hands-together texture.left-hand-pattern
O_7_at_jazz.8_d3,O,7,WRITE,WRITE,PASS,PASS,PASS,PASS,PASS,PASS,PASS,FAIL,PASS,PASS,PASS,0,4/4,8,clef.bass interval.leap interval.skip interval.step lowerStaffQuarterPerBeat pitch.ledger range.beyond-position rhythm.dotted-quarter rhythm.eighths rhythm.shorter-than-quarter rhythm.syncopation rhythm.ties rhythm.triplets texture.hands-together texture.left-hand-pattern
O_7_at_jazz.8_d4,O,7,WRITE,WRITE,PASS,PASS,PASS,PASS,PASS,PASS,PASS,FAIL,PASS,PASS,PASS,-2,4/4,8,clef.bass interval.leap interval.skip interval.step key.signature lowerStaffQuarterPerBeat pitch.ledger range.beyond-position rhythm.dotted-quarter rhythm.eighths rhythm.shorter-than-quarter rhythm.syncopation rhythm.ties rhythm.triplets texture.hands-together texture.left-hand-pattern
O_7_at_jazz.8_d5,O,7,WRITE,WRITE,PASS,PASS,PASS,PASS,PASS,PASS,PASS,FAIL,PASS,PASS,PASS,4,4/4,8,clef.bass interval.leap interval.skip interval.step key.signature lowerStaffQuarterPerBeat pitch.ledger range.beyond-position rhythm.dotted-quarter rhythm.eighths rhythm.shorter-than-quarter rhythm.syncopation rhythm.ties rhythm.triplets texture.hands-together texture.left-hand-pattern
O_7_at_jazz.8_d6,O,7,WRITE,WRITE,PASS,PASS,PASS,PASS,PASS,PASS,PASS,FAIL,PASS,PASS,PASS,-4,4/4,8,clef.bass interval.leap interval.skip interval.step key.signature lowerStaffQuarterPerBeat pitch.ledger range.beyond-position rhythm.dotted-quarter rhythm.eighths rhythm.shorter-than-quarter rhythm.syncopation rhythm.ties rhythm.triplets texture.hands-together texture.left-hand-pattern
O_7_at_jazz.8_d7,O,7,WRITE,WRITE,PASS,PASS,PASS,PASS,PASS,PASS,PASS,FAIL,PASS,PASS,PASS,1,4/4,8,clef.bass interval.leap interval.skip interval.step key.signature lowerStaffQuarterPerBeat pitch.ledger range.beyond-position rhythm.dotted-quarter rhythm.eighths rhythm.shorter-than-quarter rhythm.syncopation rhythm.ties rhythm.triplets texture.hands-together texture.left-hand-pattern
O_7_at_jazz.8_d8,O,7,WRITE,WRITE,PASS,PASS,PASS,PASS,PASS,PASS,PASS,FAIL,PASS,PASS,PASS,2,4/4,8,clef.bass interval.leap interval.skip interval.step key.signature lowerStaffQuarterPerBeat pitch.ledger range.beyond-position rhythm.dotted-quarter rhythm.eighths rhythm.shorter-than-quarter rhythm.syncopation rhythm.ties rhythm.triplets texture.hands-together texture.left-hand-pattern
BC_learner_0.1_d1,BC,1,KNOWN-DEFECT,WRITE,PASS,PASS,PASS,PASS,PASS,PASS,FAIL,PASS,PASS,PASS,NA,0,4/4,4,interval.skip interval.step
BC_learner_0.1_d2,BC,1,KNOWN-DEFECT,WRITE,PASS,PASS,PASS,PASS,PASS,PASS,FAIL,PASS,PASS,PASS,NA,0,4/4,4,interval.skip interval.step
BC_learner_0.1_d3,BC,1,KNOWN-DEFECT,WRITE,PASS,PASS,PASS,PASS,PASS,PASS,FAIL,PASS,PASS,PASS,NA,0,4/4,4,interval.skip interval.step
BC_learner_0.1_d4,BC,1,KNOWN-DEFECT,WRITE,PASS,PASS,PASS,PASS,PASS,PASS,FAIL,PASS,PASS,PASS,NA,0,4/4,4,interval.skip interval.step
BC_learner_1.1_d1,BC,1,KNOWN-DEFECT,WRITE,PASS,PASS,PASS,PASS,PASS,PASS,FAIL,PASS,PASS,PASS,NA,0,4/4,4,interval.skip interval.step
BC_learner_1.1_d2,BC,1,KNOWN-DEFECT,WRITE,PASS,PASS,PASS,PASS,PASS,PASS,FAIL,PASS,PASS,PASS,NA,0,4/4,4,interval.skip interval.step
BC_learner_1.1_d3,BC,1,KNOWN-DEFECT,WRITE,PASS,PASS,PASS,PASS,PASS,PASS,FAIL,PASS,PASS,PASS,NA,0,4/4,4,interval.skip interval.step
BC_learner_1.1_d4,BC,1,KNOWN-DEFECT,WRITE,PASS,PASS,PASS,PASS,PASS,PASS,FAIL,PASS,PASS,PASS,NA,0,4/4,4,interval.skip interval.step
BC_learner_2.1_d1,BC,1,WRITE,WRITE,PASS,PASS,PASS,PASS,PASS,PASS,PASS,PASS,PASS,PASS,NA,0,4/4,4,interval.skip interval.step
BC_learner_2.1_d2,BC,1,WRITE,WRITE,PASS,PASS,PASS,PASS,PASS,PASS,PASS,PASS,PASS,PASS,NA,0,4/4,4,interval.skip interval.step
BC_learner_2.1_d3,BC,1,WRITE,WRITE,PASS,PASS,PASS,PASS,PASS,PASS,PASS,PASS,PASS,PASS,NA,0,4/4,4,interval.skip interval.step
BC_learner_2.1_d4,BC,1,WRITE,WRITE,PASS,PASS,PASS,PASS,PASS,PASS,PASS,PASS,PASS,PASS,NA,0,4/4,4,interval.skip interval.step
BC_learner_3.1_d1,BC,2,WRITE,WRITE,PASS,PASS,PASS,PASS,PASS,PASS,PASS,PASS,PASS,PASS,NA,0,3/4,4,interval.skip interval.step metre.triple range.beyond-position rhythm.eighths rhythm.shorter-than-quarter
BC_learner_3.1_d2,BC,2,WRITE,WRITE,PASS,PASS,PASS,PASS,PASS,PASS,PASS,PASS,PASS,PASS,NA,0,3/4,4,interval.skip interval.step metre.triple range.beyond-position rhythm.eighths rhythm.shorter-than-quarter
BC_learner_3.1_d3,BC,2,WRITE,WRITE,PASS,PASS,PASS,PASS,PASS,PASS,PASS,PASS,PASS,PASS,NA,0,3/4,4,interval.skip interval.step metre.triple rhythm.eighths rhythm.shorter-than-quarter
BC_learner_3.1_d4,BC,2,WRITE,WRITE,PASS,PASS,PASS,PASS,PASS,PASS,PASS,PASS,PASS,PASS,NA,0,4/4,4,interval.skip interval.step range.beyond-position rhythm.eighths rhythm.shorter-than-quarter
BC_learner_3.3_d1,BC,2,WRITE,WRITE,PASS,PASS,PASS,PASS,PASS,PASS,PASS,PASS,PASS,PASS,NA,0,3/4,4,interval.skip interval.step metre.triple range.beyond-position rhythm.eighths rhythm.shorter-than-quarter
BC_learner_3.3_d2,BC,2,WRITE,WRITE,PASS,PASS,PASS,PASS,PASS,PASS,PASS,PASS,PASS,PASS,NA,0,3/4,4,interval.skip interval.step metre.triple range.beyond-position rhythm.eighths rhythm.shorter-than-quarter
BC_learner_3.3_d3,BC,2,WRITE,WRITE,PASS,PASS,PASS,PASS,PASS,PASS,PASS,PASS,PASS,PASS,NA,0,3/4,4,interval.skip interval.step metre.triple rhythm.eighths rhythm.shorter-than-quarter
BC_learner_3.3_d4,BC,2,WRITE,WRITE,PASS,PASS,PASS,PASS,PASS,PASS,PASS,PASS,PASS,PASS,NA,0,4/4,4,interval.skip interval.step range.beyond-position rhythm.eighths rhythm.shorter-than-quarter
BC_learner_4.4_d1,BC,2,WRITE,WRITE,PASS,PASS,PASS,PASS,PASS,PASS,PASS,PASS,PASS,PASS,NA,0,4/4,4,clef.bass interval.leap interval.skip interval.step range.beyond-position rhythm.eighths rhythm.shorter-than-quarter texture.hands-together
BC_learner_4.4_d2,BC,2,WRITE,WRITE,PASS,PASS,PASS,PASS,PASS,PASS,PASS,PASS,PASS,PASS,NA,1,3/4,4,clef.bass interval.skip interval.step key.signature metre.triple rhythm.eighths rhythm.shorter-than-quarter texture.hands-together
BC_learner_4.4_d3,BC,2,WRITE,WRITE,PASS,PASS,PASS,PASS,PASS,PASS,PASS,PASS,PASS,PASS,NA,0,3/4,4,clef.bass interval.leap interval.skip interval.step metre.triple range.beyond-position rhythm.eighths rhythm.shorter-than-quarter texture.hands-together
BC_learner_4.4_d4,BC,2,WRITE,WRITE,PASS,PASS,PASS,PASS,PASS,PASS,PASS,PASS,PASS,PASS,NA,-1,4/4,4,clef.bass interval.skip interval.step key.signature range.beyond-position rhythm.eighths rhythm.shorter-than-quarter texture.hands-together
BC_learner_4.7_d1,BC,3,WRITE,WRITE,PASS,PASS,PASS,PASS,PASS,PASS,PASS,PASS,PASS,FAIL,NA,0,6/8,8,clef.bass compoundDottedQuarters interval.leap interval.skip interval.step metre.compound rhythm.eighths rhythm.shorter-than-quarter rhythm.syncopation rhythm.ties texture.hands-together
BC_learner_4.7_d2,BC,3,WRITE,WRITE,PASS,PASS,PASS,PASS,PASS,PASS,PASS,PASS,PASS,PASS,NA,1,4/4,8,clef.bass interval.leap interval.skip interval.step key.signature range.beyond-position rhythm.eighths rhythm.shorter-than-quarter rhythm.syncopation rhythm.ties rhythm.triplets texture.hands-together
BC_learner_4.7_d3,BC,3,WRITE,WRITE,PASS,PASS,PASS,PASS,PASS,PASS,PASS,PASS,PASS,PASS,NA,0,3/4,8,clef.bass interval.leap interval.skip interval.step metre.triple range.beyond-position rhythm.eighths rhythm.shorter-than-quarter rhythm.syncopation rhythm.ties rhythm.triplets texture.hands-together
BC_learner_4.7_d4,BC,3,WRITE,WRITE,PASS,PASS,PASS,PASS,PASS,PASS,PASS,PASS,PASS,PASS,NA,-1,4/4,8,clef.bass interval.leap interval.skip interval.step key.signature range.beyond-position rhythm.eighths rhythm.shorter-than-quarter rhythm.syncopation rhythm.ties rhythm.triplets texture.hands-together
BL_L1_fifths-min_s1,BL,1,WRITE,WRITE,PASS,PASS,PASS,PASS,PASS,PASS,PASS,PASS,PASS,PASS,NA,0,4/4,4,interval.step
BL_L1_fifths-min_s2,BL,1,WRITE,WRITE,PASS,PASS,PASS,PASS,PASS,PASS,PASS,PASS,PASS,PASS,NA,0,4/4,4,interval.step
BL_L1_fifths-max_s1,BL,1,WRITE,WRITE,PASS,PASS,PASS,PASS,PASS,PASS,PASS,PASS,PASS,PASS,NA,0,4/4,4,interval.step
BL_L1_fifths-max_s2,BL,1,WRITE,WRITE,PASS,PASS,PASS,PASS,PASS,PASS,PASS,PASS,PASS,PASS,NA,0,4/4,4,interval.step
BL_L1_3-4_s1,BL,1,WRITE,WRITE,PASS,PASS,PASS,PASS,PASS,PASS,PASS,PASS,PASS,PASS,NA,0,3/4,4,interval.step metre.triple
BL_L1_3-4_s2,BL,1,WRITE,WRITE,PASS,PASS,PASS,PASS,PASS,PASS,PASS,PASS,PASS,PASS,NA,0,3/4,4,interval.step metre.triple
BL_L1_2-4_s1,BL,1,WRITE,WRITE,PASS,PASS,PASS,PASS,PASS,PASS,PASS,PASS,PASS,PASS,NA,0,2/4,4,interval.step
BL_L1_2-4_s2,BL,1,WRITE,WRITE,PASS,PASS,PASS,PASS,PASS,PASS,PASS,PASS,PASS,PASS,NA,0,2/4,4,interval.step
BL_L1_6-8_s1,BL,1,WRITE,WRITE,PASS,PASS,PASS,PASS,PASS,PASS,PASS,PASS,PASS,PASS,NA,0,6/8,4,compoundDottedQuarters interval.step metre.compound rhythm.eighths rhythm.shorter-than-quarter
BL_L1_6-8_s2,BL,1,WRITE,WRITE,PASS,PASS,PASS,PASS,PASS,PASS,PASS,PASS,PASS,PASS,NA,0,6/8,4,compoundDottedQuarters interval.step metre.compound rhythm.eighths rhythm.shorter-than-quarter
BL_L1_left-alone_s1,BL,1,WRITE,WRITE,PASS,PASS,PASS,PASS,PASS,PASS,PASS,PASS,PASS,PASS,NA,0,4/4,4,clef.bass interval.step
BL_L1_left-alone_s2,BL,1,WRITE,WRITE,PASS,PASS,PASS,PASS,PASS,PASS,PASS,PASS,PASS,PASS,NA,0,4/4,4,clef.bass interval.step
BL_L1_16-bars_s1,BL,1,WRITE,WRITE,PASS,PASS,PASS,PASS,PASS,PASS,PASS,PASS,PASS,PASS,NA,0,4/4,16,interval.step
BL_L1_16-bars_s2,BL,1,WRITE,WRITE,PASS,PASS,PASS,PASS,PASS,PASS,PASS,PASS,PASS,PASS,NA,0,4/4,16,interval.step
BL_L2_fifths-min_s1,BL,2,WRITE,WRITE,PASS,PASS,PASS,PASS,PASS,PASS,PASS,PASS,PASS,PASS,NA,-1,4/4,4,clef.bass interval.skip interval.step key.signature range.beyond-position rhythm.eighths rhythm.shorter-than-quarter texture.hands-together
BL_L2_fifths-min_s2,BL,2,WRITE,WRITE,PASS,PASS,PASS,PASS,PASS,PASS,PASS,PASS,PASS,PASS,NA,-1,4/4,4,clef.bass interval.skip interval.step key.signature rhythm.eighths rhythm.shorter-than-quarter texture.hands-together
BL_L2_fifths-max_s1,BL,2,WRITE,WRITE,PASS,PASS,PASS,PASS,PASS,PASS,PASS,PASS,PASS,PASS,NA,1,4/4,4,clef.bass interval.skip interval.step key.signature range.beyond-position rhythm.eighths rhythm.shorter-than-quarter texture.hands-together
BL_L2_fifths-max_s2,BL,2,WRITE,WRITE,PASS,PASS,PASS,PASS,PASS,PASS,PASS,PASS,PASS,PASS,NA,1,4/4,4,clef.bass interval.skip interval.step key.signature rhythm.eighths rhythm.shorter-than-quarter texture.hands-together
BL_L2_3-4_s1,BL,2,WRITE,WRITE,PASS,PASS,PASS,PASS,PASS,PASS,PASS,PASS,PASS,PASS,NA,0,3/4,4,clef.bass interval.leap interval.skip interval.step metre.triple range.beyond-position rhythm.eighths rhythm.shorter-than-quarter texture.hands-together
BL_L2_3-4_s2,BL,2,WRITE,WRITE,PASS,PASS,PASS,PASS,PASS,PASS,PASS,PASS,PASS,PASS,NA,0,3/4,4,clef.bass interval.leap interval.skip interval.step metre.triple rhythm.eighths rhythm.shorter-than-quarter texture.hands-together
BL_L2_2-4_s1,BL,2,WRITE,WRITE,PASS,PASS,PASS,PASS,PASS,PASS,PASS,PASS,PASS,PASS,NA,0,2/4,4,clef.bass interval.leap interval.skip interval.step rhythm.eighths rhythm.shorter-than-quarter texture.hands-together
BL_L2_2-4_s2,BL,2,WRITE,WRITE,PASS,PASS,PASS,PASS,PASS,PASS,PASS,PASS,PASS,PASS,NA,0,2/4,4,clef.bass interval.leap interval.skip interval.step rhythm.eighths rhythm.shorter-than-quarter texture.hands-together
BL_L2_6-8_s1,BL,2,WRITE,WRITE,PASS,PASS,PASS,PASS,PASS,PASS,PASS,PASS,PASS,PASS,NA,0,6/8,4,clef.bass compoundDottedQuarters interval.skip interval.step metre.compound range.beyond-position rhythm.eighths rhythm.shorter-than-quarter texture.hands-together
BL_L2_6-8_s2,BL,2,WRITE,WRITE,PASS,PASS,PASS,PASS,PASS,PASS,PASS,PASS,PASS,PASS,NA,0,6/8,4,clef.bass compoundDottedQuarters interval.skip interval.step metre.compound range.beyond-position rhythm.eighths rhythm.shorter-than-quarter texture.hands-together
BL_L2_left-alone_s1,BL,2,WRITE,WRITE,PASS,PASS,PASS,PASS,PASS,NA,PASS,PASS,PASS,PASS,NA,0,4/4,4,clef.bass interval.leap
BL_L2_left-alone_s2,BL,2,WRITE,WRITE,PASS,PASS,PASS,PASS,PASS,NA,PASS,PASS,PASS,PASS,NA,0,4/4,4,clef.bass interval.leap
BL_L2_16-bars_s1,BL,2,WRITE,WRITE,PASS,PASS,PASS,PASS,PASS,PASS,PASS,PASS,PASS,PASS,NA,0,4/4,16,clef.bass interval.leap interval.skip interval.step range.beyond-position rhythm.eighths rhythm.shorter-than-quarter texture.hands-together
BL_L2_16-bars_s2,BL,2,WRITE,WRITE,PASS,PASS,PASS,PASS,PASS,PASS,PASS,PASS,PASS,PASS,NA,0,4/4,16,clef.bass interval.leap interval.skip interval.step range.beyond-position rhythm.eighths rhythm.shorter-than-quarter texture.hands-together
BL_L3_fifths-min_s1,BL,3,WRITE,WRITE,PASS,PASS,PASS,PASS,PASS,PASS,PASS,PASS,PASS,PASS,NA,-1,4/4,4,clef.bass interval.leap interval.skip interval.step key.signature rhythm.eighths rhythm.shorter-than-quarter texture.hands-together
BL_L3_fifths-min_s2,BL,3,WRITE,WRITE,PASS,PASS,PASS,PASS,PASS,PASS,PASS,PASS,PASS,PASS,NA,-1,4/4,4,clef.bass interval.leap interval.skip interval.step key.signature range.beyond-position rhythm.eighths rhythm.shorter-than-quarter texture.hands-together
BL_L3_fifths-max_s1,BL,3,WRITE,WRITE,PASS,PASS,PASS,PASS,PASS,PASS,PASS,PASS,PASS,PASS,NA,1,4/4,4,clef.bass interval.leap interval.skip interval.step key.signature rhythm.eighths rhythm.shorter-than-quarter rhythm.ties texture.hands-together
BL_L3_fifths-max_s2,BL,3,WRITE,WRITE,PASS,PASS,PASS,PASS,PASS,PASS,PASS,PASS,PASS,PASS,NA,1,4/4,4,clef.bass interval.leap interval.skip interval.step key.signature rhythm.eighths rhythm.shorter-than-quarter texture.hands-together
BL_L3_3-4_s1,BL,3,WRITE,WRITE,PASS,PASS,PASS,PASS,PASS,PASS,PASS,PASS,PASS,PASS,NA,0,3/4,4,clef.bass interval.leap interval.skip interval.step metre.triple range.beyond-position rhythm.eighths rhythm.shorter-than-quarter texture.hands-together
BL_L3_3-4_s2,BL,3,WRITE,WRITE,PASS,PASS,PASS,PASS,PASS,PASS,PASS,PASS,PASS,PASS,NA,0,3/4,4,clef.bass interval.leap interval.skip interval.step metre.triple range.beyond-position rhythm.eighths rhythm.shorter-than-quarter texture.hands-together
BL_L3_2-4_s1,BL,3,WRITE,WRITE,PASS,PASS,PASS,PASS,PASS,PASS,PASS,PASS,PASS,PASS,NA,0,2/4,4,clef.bass interval.leap interval.skip interval.step range.beyond-position rhythm.eighths rhythm.shorter-than-quarter texture.hands-together
BL_L3_2-4_s2,BL,3,WRITE,WRITE,PASS,PASS,PASS,PASS,PASS,PASS,PASS,PASS,PASS,PASS,NA,0,2/4,4,clef.bass interval.leap interval.step rhythm.eighths rhythm.shorter-than-quarter texture.hands-together
BL_L3_6-8_s1,BL,3,WRITE,WRITE,PASS,PASS,PASS,PASS,PASS,PASS,PASS,PASS,PASS,PASS,NA,0,6/8,4,clef.bass interval.leap interval.skip interval.step metre.compound rhythm.eighths rhythm.shorter-than-quarter texture.hands-together
BL_L3_6-8_s2,BL,3,WRITE,WRITE,PASS,PASS,PASS,PASS,PASS,PASS,PASS,PASS,PASS,PASS,NA,0,6/8,4,clef.bass compoundDottedQuarters interval.leap interval.step metre.compound range.beyond-position rhythm.eighths rhythm.shorter-than-quarter texture.hands-together
BL_L3_left-alone_s1,BL,3,WRITE,WRITE,PASS,PASS,PASS,PASS,PASS,NA,PASS,PASS,PASS,PASS,NA,0,4/4,4,clef.bass interval.leap interval.step
BL_L3_left-alone_s2,BL,3,WRITE,WRITE,PASS,PASS,PASS,PASS,PASS,NA,PASS,PASS,PASS,PASS,NA,0,4/4,4,clef.bass interval.leap interval.step
BL_L3_16-bars_s1,BL,3,WRITE,WRITE,PASS,PASS,PASS,PASS,PASS,PASS,PASS,PASS,PASS,PASS,NA,0,4/4,16,clef.bass interval.leap interval.skip interval.step range.beyond-position rhythm.eighths rhythm.shorter-than-quarter rhythm.ties texture.hands-together
BL_L3_16-bars_s2,BL,3,WRITE,WRITE,PASS,PASS,PASS,PASS,PASS,PASS,PASS,PASS,PASS,PASS,NA,0,4/4,16,clef.bass interval.leap interval.skip interval.step range.beyond-position rhythm.eighths rhythm.shorter-than-quarter rhythm.ties texture.hands-together
BL_L4_fifths-min_s1,BL,4,WRITE,WRITE,PASS,PASS,PASS,PASS,PASS,PASS,PASS,PASS,PASS,PASS,NA,-2,4/4,4,clef.bass interval.leap interval.skip interval.step key.signature pitch.ledger range.beyond-position rhythm.dotted-quarter rhythm.eighths rhythm.shorter-than-quarter rhythm.ties texture.hands-together
BL_L4_fifths-min_s2,BL,4,WRITE,WRITE,PASS,PASS,PASS,PASS,PASS,PASS,PASS,PASS,PASS,PASS,NA,-2,4/4,4,clef.bass interval.leap interval.skip interval.step key.signature pitch.ledger range.beyond-position rhythm.dotted-quarter rhythm.eighths rhythm.shorter-than-quarter texture.hands-together
BL_L4_fifths-max_s1,BL,4,WRITE,WRITE,PASS,PASS,PASS,PASS,PASS,PASS,PASS,PASS,PASS,PASS,NA,2,4/4,4,clef.bass interval.leap interval.skip interval.step key.signature pitch.ledger range.beyond-position rhythm.dotted-quarter rhythm.eighths rhythm.shorter-than-quarter texture.hands-together
BL_L4_fifths-max_s2,BL,4,WRITE,WRITE,PASS,PASS,PASS,PASS,PASS,PASS,PASS,PASS,PASS,PASS,NA,2,4/4,4,clef.bass interval.leap interval.skip interval.step key.signature pitch.ledger range.beyond-position rhythm.dotted-quarter rhythm.eighths rhythm.shorter-than-quarter texture.hands-together
BL_L4_3-4_s1,BL,4,WRITE,WRITE,PASS,PASS,PASS,PASS,PASS,PASS,PASS,PASS,PASS,PASS,NA,0,3/4,4,clef.bass interval.leap interval.skip interval.step metre.triple pitch.ledger range.beyond-position rhythm.dotted-quarter rhythm.eighths rhythm.shorter-than-quarter texture.hands-together
BL_L4_3-4_s2,BL,4,WRITE,WRITE,PASS,PASS,PASS,PASS,PASS,PASS,PASS,PASS,PASS,PASS,NA,0,3/4,4,clef.bass interval.leap interval.skip interval.step metre.triple range.beyond-position rhythm.dotted-quarter rhythm.eighths rhythm.shorter-than-quarter texture.hands-together
BL_L4_2-4_s1,BL,4,WRITE,WRITE,PASS,PASS,PASS,PASS,PASS,PASS,PASS,PASS,PASS,PASS,NA,0,2/4,4,clef.bass interval.leap interval.skip interval.step range.beyond-position rhythm.dotted-quarter rhythm.eighths rhythm.shorter-than-quarter rhythm.ties texture.hands-together
BL_L4_2-4_s2,BL,4,WRITE,WRITE,PASS,PASS,PASS,PASS,PASS,PASS,PASS,PASS,PASS,PASS,NA,0,2/4,4,clef.bass interval.leap interval.skip interval.step range.beyond-position rhythm.dotted-quarter rhythm.eighths rhythm.shorter-than-quarter texture.hands-together
BL_L4_6-8_s1,BL,4,WRITE,WRITE,PASS,PASS,PASS,PASS,PASS,PASS,PASS,PASS,PASS,PASS,NA,0,6/8,4,clef.bass compoundDottedQuarters interval.leap interval.skip interval.step metre.compound pitch.ledger range.beyond-position rhythm.eighths rhythm.shorter-than-quarter texture.hands-together
BL_L4_6-8_s2,BL,4,WRITE,WRITE,PASS,PASS,PASS,PASS,PASS,PASS,PASS,PASS,PASS,PASS,NA,0,6/8,4,clef.bass compoundDottedQuarters interval.leap interval.skip interval.step metre.compound pitch.ledger range.beyond-position rhythm.eighths rhythm.shorter-than-quarter texture.hands-together
BL_L4_left-alone_s1,BL,4,WRITE,WRITE,PASS,PASS,PASS,PASS,PASS,NA,PASS,PASS,PASS,PASS,NA,0,4/4,4,clef.bass interval.skip range.beyond-position
BL_L4_left-alone_s2,BL,4,WRITE,WRITE,PASS,PASS,PASS,PASS,PASS,NA,PASS,PASS,PASS,PASS,NA,0,4/4,4,clef.bass
BL_L4_16-bars_s1,BL,4,WRITE,WRITE,PASS,PASS,PASS,PASS,PASS,PASS,PASS,PASS,PASS,PASS,NA,0,4/4,16,clef.bass interval.leap interval.skip interval.step pitch.ledger range.beyond-position rhythm.dotted-quarter rhythm.eighths rhythm.shorter-than-quarter rhythm.ties texture.hands-together
BL_L4_16-bars_s2,BL,4,WRITE,WRITE,PASS,PASS,PASS,PASS,PASS,PASS,PASS,PASS,PASS,PASS,NA,0,4/4,16,clef.bass interval.leap interval.skip interval.step range.beyond-position rhythm.dotted-quarter rhythm.eighths rhythm.shorter-than-quarter texture.hands-together
BL_L5_fifths-min_s1,BL,5,WRITE,WRITE,PASS,PASS,PASS,PASS,PASS,PASS,PASS,PASS,PASS,PASS,PASS,-3,4/4,4,clef.bass interval.leap interval.skip interval.step key.signature pitch.ledger range.beyond-position rhythm.dotted-quarter rhythm.eighths rhythm.shorter-than-quarter rhythm.syncopation rhythm.ties texture.hands-together texture.left-hand-pattern
BL_L5_fifths-min_s2,BL,5,WRITE,WRITE,PASS,PASS,PASS,PASS,PASS,PASS,PASS,PASS,PASS,PASS,PASS,-3,4/4,4,clef.bass interval.leap interval.skip interval.step key.signature pitch.ledger range.beyond-position rhythm.dotted-quarter rhythm.eighths rhythm.shorter-than-quarter rhythm.syncopation texture.hands-together texture.left-hand-pattern
BL_L5_fifths-max_s1,BL,5,WRITE,WRITE,PASS,PASS,PASS,PASS,PASS,PASS,PASS,PASS,PASS,PASS,PASS,3,4/4,4,clef.bass interval.leap interval.skip interval.step key.signature pitch.ledger range.beyond-position rhythm.dotted-quarter rhythm.eighths rhythm.shorter-than-quarter rhythm.syncopation texture.hands-together texture.left-hand-pattern
BL_L5_fifths-max_s2,BL,5,WRITE,WRITE,PASS,PASS,PASS,PASS,PASS,PASS,PASS,PASS,PASS,PASS,PASS,3,4/4,4,clef.bass interval.leap interval.skip interval.step key.signature pitch.ledger range.beyond-position rhythm.dotted-quarter rhythm.eighths rhythm.shorter-than-quarter rhythm.syncopation texture.hands-together texture.left-hand-pattern
BL_L5_3-4_s1,BL,5,WRITE,WRITE,PASS,PASS,PASS,PASS,PASS,PASS,PASS,PASS,PASS,PASS,PASS,0,3/4,4,clef.bass interval.leap interval.skip interval.step metre.triple pitch.ledger range.beyond-position rhythm.dotted-quarter rhythm.eighths rhythm.shorter-than-quarter rhythm.syncopation texture.hands-together texture.left-hand-pattern
BL_L5_3-4_s2,BL,5,WRITE,WRITE,PASS,PASS,PASS,PASS,PASS,PASS,PASS,PASS,PASS,PASS,PASS,0,3/4,4,clef.bass interval.leap interval.skip interval.step metre.triple pitch.ledger range.beyond-position rhythm.dotted-quarter rhythm.eighths rhythm.shorter-than-quarter rhythm.syncopation rhythm.ties texture.hands-together texture.left-hand-pattern
BL_L5_2-4_s1,BL,5,WRITE,WRITE,PASS,PASS,PASS,PASS,PASS,PASS,PASS,PASS,PASS,PASS,PASS,0,2/4,4,clef.bass interval.leap interval.skip interval.step pitch.ledger range.beyond-position rhythm.eighths rhythm.shorter-than-quarter texture.hands-together texture.left-hand-pattern
BL_L5_2-4_s2,BL,5,WRITE,WRITE,PASS,PASS,PASS,PASS,PASS,PASS,PASS,PASS,PASS,PASS,PASS,0,2/4,4,clef.bass interval.leap interval.skip interval.step range.beyond-position rhythm.eighths rhythm.shorter-than-quarter texture.hands-together texture.left-hand-pattern
BL_L5_6-8_s1,BL,5,WRITE,WRITE,PASS,PASS,PASS,PASS,PASS,PASS,PASS,PASS,PASS,PASS,PASS,0,6/8,4,clef.bass compoundDottedQuarters interval.leap interval.skip interval.step metre.compound pitch.ledger range.beyond-position rhythm.eighths rhythm.shorter-than-quarter rhythm.syncopation rhythm.ties texture.hands-together texture.left-hand-pattern
BL_L5_6-8_s2,BL,5,WRITE,WRITE,PASS,PASS,PASS,PASS,PASS,PASS,PASS,PASS,PASS,PASS,PASS,0,6/8,4,clef.bass compoundDottedQuarters interval.leap interval.skip interval.step metre.compound pitch.ledger range.beyond-position rhythm.eighths rhythm.shorter-than-quarter rhythm.syncopation texture.hands-together texture.left-hand-pattern
BL_L5_left-alone_s1,BL,5,WRITE,WRITE,PASS,PASS,PASS,PASS,PASS,NA,PASS,PASS,PASS,PASS,NA,0,4/4,4,clef.bass interval.leap interval.skip range.beyond-position rhythm.eighths rhythm.shorter-than-quarter
BL_L5_left-alone_s2,BL,5,WRITE,WRITE,PASS,PASS,PASS,PASS,PASS,NA,PASS,PASS,PASS,PASS,NA,0,4/4,4,clef.bass interval.leap interval.skip interval.step range.beyond-position rhythm.eighths rhythm.shorter-than-quarter
BL_L5_16-bars_s1,BL,5,WRITE,WRITE,PASS,PASS,PASS,PASS,PASS,PASS,PASS,PASS,PASS,PASS,PASS,0,4/4,16,clef.bass interval.leap interval.skip interval.step pitch.ledger range.beyond-position rhythm.dotted-quarter rhythm.eighths rhythm.shorter-than-quarter rhythm.syncopation rhythm.ties texture.hands-together texture.left-hand-pattern
BL_L5_16-bars_s2,BL,5,WRITE,WRITE,PASS,PASS,PASS,PASS,PASS,PASS,PASS,PASS,PASS,PASS,PASS,0,4/4,16,clef.bass interval.leap interval.skip interval.step pitch.ledger range.beyond-position rhythm.dotted-quarter rhythm.eighths rhythm.shorter-than-quarter rhythm.syncopation rhythm.ties texture.hands-together texture.left-hand-pattern
BL_L6_fifths-min_s1,BL,6,WRITE,WRITE,PASS,PASS,PASS,PASS,PASS,PASS,PASS,PASS,PASS,PASS,PASS,-4,4/4,4,clef.bass interval.leap interval.skip interval.step key.signature lowerStaffQuarterPerBeat pitch.ledger range.beyond-position rhythm.dotted-quarter rhythm.eighths rhythm.shorter-than-quarter rhythm.syncopation rhythm.ties rhythm.triplets texture.hands-together texture.left-hand-pattern
BL_L6_fifths-min_s2,BL,6,WRITE,WRITE,PASS,PASS,PASS,PASS,PASS,PASS,PASS,FAIL,PASS,PASS,PASS,-4,4/4,4,clef.bass interval.leap interval.skip interval.step key.signature lowerStaffQuarterPerBeat pitch.ledger range.beyond-position rhythm.dotted-quarter rhythm.eighths rhythm.shorter-than-quarter rhythm.syncopation rhythm.triplets texture.hands-together texture.left-hand-pattern
BL_L6_fifths-max_s1,BL,6,WRITE,WRITE,PASS,PASS,PASS,PASS,PASS,PASS,PASS,PASS,PASS,PASS,PASS,4,4/4,4,clef.bass interval.leap interval.skip interval.step key.signature lowerStaffQuarterPerBeat pitch.ledger range.beyond-position rhythm.dotted-quarter rhythm.eighths rhythm.shorter-than-quarter rhythm.syncopation rhythm.ties rhythm.triplets texture.hands-together texture.left-hand-pattern
BL_L6_fifths-max_s2,BL,6,WRITE,WRITE,PASS,PASS,PASS,PASS,PASS,PASS,PASS,FAIL,PASS,PASS,PASS,4,4/4,4,clef.bass interval.leap interval.skip interval.step key.signature lowerStaffQuarterPerBeat range.beyond-position rhythm.dotted-quarter rhythm.eighths rhythm.shorter-than-quarter rhythm.syncopation rhythm.triplets texture.hands-together texture.left-hand-pattern
BL_L6_3-4_s1,BL,6,WRITE,WRITE,PASS,PASS,PASS,PASS,PASS,PASS,PASS,PASS,PASS,PASS,PASS,0,3/4,4,clef.bass interval.leap interval.skip interval.step lowerStaffQuarterPerBeat metre.triple pitch.ledger range.beyond-position rhythm.dotted-quarter rhythm.eighths rhythm.shorter-than-quarter rhythm.syncopation rhythm.ties rhythm.triplets texture.hands-together texture.left-hand-pattern
BL_L6_3-4_s2,BL,6,WRITE,WRITE,PASS,PASS,PASS,PASS,PASS,PASS,PASS,PASS,PASS,PASS,PASS,0,3/4,4,clef.bass interval.leap interval.skip interval.step lowerStaffQuarterPerBeat metre.triple pitch.ledger range.beyond-position rhythm.dotted-quarter rhythm.eighths rhythm.shorter-than-quarter rhythm.syncopation rhythm.triplets texture.hands-together texture.left-hand-pattern
BL_L6_2-4_s1,BL,6,WRITE,WRITE,PASS,PASS,PASS,PASS,PASS,PASS,PASS,PASS,PASS,PASS,PASS,0,2/4,4,clef.bass interval.leap lowerStaffQuarterPerBeat pitch.ledger range.beyond-position rhythm.dotted-quarter rhythm.eighths rhythm.shorter-than-quarter rhythm.syncopation rhythm.ties rhythm.triplets texture.hands-together texture.left-hand-pattern
BL_L6_2-4_s2,BL,6,WRITE,WRITE,PASS,PASS,PASS,PASS,PASS,PASS,PASS,FAIL,PASS,PASS,PASS,0,2/4,4,clef.bass interval.leap interval.step lowerStaffQuarterPerBeat range.beyond-position rhythm.eighths rhythm.shorter-than-quarter rhythm.syncopation texture.hands-together texture.left-hand-pattern
BL_L6_6-8_s1,BL,6,WRITE,WRITE,PASS,PASS,PASS,PASS,PASS,PASS,PASS,PASS,PASS,PASS,PASS,0,6/8,4,clef.bass compoundDottedQuarters interval.leap interval.skip interval.step metre.compound pitch.ledger range.beyond-position rhythm.eighths rhythm.shorter-than-quarter rhythm.syncopation rhythm.ties rhythm.triplets texture.hands-together texture.left-hand-pattern
BL_L6_6-8_s2,BL,6,WRITE,WRITE,PASS,PASS,PASS,PASS,PASS,PASS,PASS,PASS,PASS,PASS,PASS,0,6/8,4,clef.bass compoundDottedQuarters interval.leap interval.skip interval.step metre.compound pitch.ledger range.beyond-position rhythm.eighths rhythm.shorter-than-quarter rhythm.syncopation rhythm.triplets texture.hands-together texture.left-hand-pattern
BL_L6_left-alone_s1,BL,6,WRITE,WRITE,PASS,PASS,PASS,PASS,PASS,NA,PASS,FAIL,PASS,PASS,NA,0,4/4,4,clef.bass interval.leap interval.skip range.beyond-position
BL_L6_left-alone_s2,BL,6,WRITE,WRITE,PASS,PASS,PASS,PASS,PASS,NA,PASS,PASS,PASS,PASS,NA,0,4/4,4,clef.bass interval.leap interval.skip interval.step range.beyond-position
BL_L6_16-bars_s1,BL,6,WRITE,WRITE,PASS,PASS,PASS,PASS,PASS,PASS,PASS,FAIL,PASS,PASS,PASS,0,4/4,16,clef.bass interval.leap interval.skip interval.step lowerStaffQuarterPerBeat pitch.ledger range.beyond-position rhythm.dotted-quarter rhythm.eighths rhythm.shorter-than-quarter rhythm.syncopation rhythm.ties rhythm.triplets texture.hands-together texture.left-hand-pattern
BL_L6_16-bars_s2,BL,6,WRITE,WRITE,PASS,PASS,PASS,PASS,PASS,PASS,PASS,FAIL,PASS,PASS,PASS,0,4/4,16,clef.bass interval.leap interval.skip interval.step lowerStaffQuarterPerBeat pitch.ledger range.beyond-position rhythm.dotted-quarter rhythm.eighths rhythm.shorter-than-quarter rhythm.syncopation rhythm.ties rhythm.triplets texture.hands-together texture.left-hand-pattern
BL_L7_fifths-min_s1,BL,7,WRITE,WRITE,PASS,PASS,PASS,PASS,PASS,PASS,PASS,FAIL,PASS,PASS,PASS,-4,4/4,4,clef.bass interval.leap interval.skip interval.step key.signature lowerStaffQuarterPerBeat pitch.ledger range.beyond-position rhythm.dotted-quarter rhythm.eighths rhythm.shorter-than-quarter rhythm.sixteenths rhythm.syncopation rhythm.ties rhythm.triplets texture.hands-together texture.left-hand-pattern
BL_L7_fifths-min_s2,BL,7,WRITE,WRITE,PASS,PASS,PASS,PASS,PASS,PASS,PASS,FAIL,PASS,PASS,PASS,-4,4/4,4,clef.bass interval.leap interval.skip interval.step key.signature lowerStaffQuarterPerBeat pitch.ledger range.beyond-position rhythm.dotted-quarter rhythm.eighths rhythm.shorter-than-quarter rhythm.sixteenths rhythm.syncopation rhythm.ties rhythm.triplets texture.hands-together texture.left-hand-pattern
BL_L7_fifths-max_s1,BL,7,WRITE,WRITE,PASS,PASS,PASS,PASS,PASS,PASS,PASS,FAIL,PASS,PASS,PASS,4,4/4,4,clef.bass interval.leap interval.skip interval.step key.signature lowerStaffQuarterPerBeat pitch.ledger range.beyond-position rhythm.dotted-quarter rhythm.eighths rhythm.shorter-than-quarter rhythm.sixteenths rhythm.syncopation rhythm.triplets texture.hands-together texture.left-hand-pattern
BL_L7_fifths-max_s2,BL,7,WRITE,WRITE,PASS,PASS,PASS,PASS,PASS,PASS,PASS,FAIL,PASS,PASS,PASS,4,4/4,4,clef.bass interval.leap interval.skip interval.step key.signature lowerStaffQuarterPerBeat pitch.ledger range.beyond-position rhythm.dotted-quarter rhythm.eighths rhythm.shorter-than-quarter rhythm.sixteenths rhythm.syncopation rhythm.ties rhythm.triplets texture.hands-together texture.left-hand-pattern
BL_L7_3-4_s1,BL,7,WRITE,WRITE,PASS,PASS,PASS,PASS,PASS,PASS,PASS,FAIL,PASS,PASS,PASS,0,3/4,4,clef.bass interval.leap interval.skip interval.step lowerStaffQuarterPerBeat metre.triple pitch.ledger range.beyond-position rhythm.dotted-quarter rhythm.eighths rhythm.shorter-than-quarter rhythm.sixteenths rhythm.syncopation rhythm.triplets texture.hands-together texture.left-hand-pattern
BL_L7_3-4_s2,BL,7,WRITE,WRITE,PASS,PASS,PASS,PASS,PASS,PASS,PASS,FAIL,PASS,PASS,PASS,0,3/4,4,clef.bass interval.leap interval.skip interval.step lowerStaffQuarterPerBeat metre.triple pitch.ledger range.beyond-position rhythm.dotted-quarter rhythm.eighths rhythm.shorter-than-quarter rhythm.sixteenths rhythm.syncopation rhythm.ties rhythm.triplets texture.hands-together texture.left-hand-pattern
BL_L7_2-4_s1,BL,7,WRITE,WRITE,PASS,PASS,PASS,PASS,PASS,PASS,PASS,PASS,PASS,PASS,PASS,0,2/4,4,clef.bass interval.leap interval.skip interval.step lowerStaffQuarterPerBeat pitch.ledger range.beyond-position rhythm.dotted-quarter rhythm.eighths rhythm.shorter-than-quarter rhythm.sixteenths rhythm.syncopation texture.hands-together texture.left-hand-pattern
BL_L7_2-4_s2,BL,7,WRITE,WRITE,PASS,PASS,PASS,PASS,PASS,PASS,PASS,PASS,PASS,PASS,PASS,0,2/4,4,clef.bass interval.leap interval.skip interval.step lowerStaffQuarterPerBeat pitch.ledger range.beyond-position rhythm.dotted-quarter rhythm.eighths rhythm.shorter-than-quarter rhythm.sixteenths rhythm.syncopation rhythm.triplets texture.hands-together texture.left-hand-pattern
BL_L7_6-8_s1,BL,7,WRITE,WRITE,PASS,PASS,PASS,PASS,PASS,PASS,PASS,FAIL,PASS,PASS,PASS,0,6/8,4,clef.bass compoundDottedQuarters interval.leap interval.skip interval.step metre.compound pitch.ledger range.beyond-position rhythm.eighths rhythm.shorter-than-quarter rhythm.sixteenths rhythm.syncopation rhythm.triplets texture.hands-together texture.left-hand-pattern
BL_L7_6-8_s2,BL,7,WRITE,WRITE,PASS,PASS,PASS,PASS,PASS,PASS,PASS,FAIL,PASS,PASS,PASS,0,6/8,4,clef.bass compoundDottedQuarters interval.leap interval.skip interval.step metre.compound range.beyond-position rhythm.eighths rhythm.shorter-than-quarter rhythm.sixteenths rhythm.syncopation rhythm.ties rhythm.triplets texture.hands-together texture.left-hand-pattern
BL_L7_left-alone_s1,BL,7,WRITE,WRITE,PASS,PASS,PASS,PASS,PASS,NA,PASS,PASS,PASS,PASS,NA,0,4/4,4,clef.bass interval.leap interval.skip interval.step range.beyond-position
BL_L7_left-alone_s2,BL,7,WRITE,WRITE,PASS,PASS,PASS,PASS,PASS,NA,PASS,FAIL,PASS,PASS,NA,0,4/4,4,clef.bass interval.leap interval.skip interval.step range.beyond-position
BL_L7_16-bars_s1,BL,7,WRITE,WRITE,PASS,PASS,PASS,PASS,PASS,PASS,PASS,FAIL,PASS,PASS,PASS,0,4/4,16,clef.bass interval.leap interval.skip interval.step lowerStaffQuarterPerBeat pitch.ledger range.beyond-position rhythm.dotted-quarter rhythm.eighths rhythm.shorter-than-quarter rhythm.sixteenths rhythm.syncopation rhythm.triplets texture.hands-together texture.left-hand-pattern
BL_L7_16-bars_s2,BL,7,WRITE,WRITE,PASS,PASS,PASS,PASS,PASS,PASS,PASS,FAIL,PASS,PASS,PASS,0,4/4,16,clef.bass interval.leap interval.skip interval.step lowerStaffQuarterPerBeat pitch.ledger range.beyond-position rhythm.dotted-quarter rhythm.eighths rhythm.shorter-than-quarter rhythm.sixteenths rhythm.syncopation rhythm.ties rhythm.triplets texture.hands-together texture.left-hand-pattern
A_L4-fifths3_s1,A,4,WRITE,WRITE,PASS,PASS,PASS,PASS,PASS,PASS,PASS,PASS,PASS,PASS,NA,2,4/4,4,clef.bass interval.leap interval.skip interval.step key.signature range.beyond-position rhythm.dotted-quarter rhythm.eighths rhythm.shorter-than-quarter texture.hands-together
A_L4-fifths3_s2,A,4,WRITE,WRITE,PASS,PASS,PASS,PASS,PASS,PASS,PASS,PASS,PASS,PASS,NA,2,4/4,4,clef.bass interval.leap interval.skip interval.step key.signature range.beyond-position rhythm.dotted-quarter rhythm.eighths rhythm.shorter-than-quarter texture.hands-together
A_L7-fifths-5_s1,A,7,WRITE,WRITE,PASS,PASS,PASS,PASS,PASS,PASS,PASS,FAIL,PASS,PASS,PASS,-4,4/4,4,clef.bass interval.leap interval.skip interval.step key.signature lowerStaffQuarterPerBeat pitch.ledger range.beyond-position rhythm.dotted-quarter rhythm.eighths rhythm.shorter-than-quarter rhythm.sixteenths rhythm.syncopation rhythm.triplets texture.hands-together texture.left-hand-pattern
A_L7-fifths-5_s2,A,7,WRITE,WRITE,PASS,PASS,PASS,PASS,PASS,PASS,PASS,FAIL,PASS,PASS,PASS,-4,4/4,4,clef.bass interval.leap interval.skip interval.step key.signature lowerStaffQuarterPerBeat pitch.ledger range.beyond-position rhythm.dotted-quarter rhythm.eighths rhythm.shorter-than-quarter rhythm.sixteenths rhythm.syncopation rhythm.ties rhythm.triplets texture.hands-together texture.left-hand-pattern
A_L3-skipsoff-leapson_s1,A,3,REFUSE,REFUSE,NA,NA,NA,NA,NA,NA,NA,NA,PASS,PASS,NA,,,,
A_L3-skipsoff-leapson_s2,A,3,REFUSE,REFUSE,NA,NA,NA,NA,NA,NA,NA,NA,PASS,PASS,NA,,,,
A_L3-6-8-syncopation_s1,A,3,REFUSE,WRITE,PASS,PASS,PASS,PASS,PASS,PASS,PASS,PASS,PASS,PASS,NA,0,6/8,4,clef.bass compoundDottedQuarters interval.leap interval.skip interval.step metre.compound range.beyond-position rhythm.eighths rhythm.shorter-than-quarter rhythm.syncopation rhythm.ties texture.hands-together
A_L3-6-8-syncopation_s2,A,3,REFUSE,WRITE,PASS,PASS,PASS,PASS,PASS,PASS,PASS,PASS,PASS,PASS,NA,0,6/8,4,clef.bass compoundDottedQuarters interval.leap interval.skip interval.step metre.compound range.beyond-position rhythm.eighths rhythm.shorter-than-quarter texture.hands-together
A_L3-ties-1bar_s1,A,3,REFUSE,REFUSE,NA,NA,NA,NA,NA,NA,NA,NA,PASS,PASS,NA,,,,
A_L3-ties-1bar_s2,A,3,REFUSE,REFUSE,NA,NA,NA,NA,NA,NA,NA,NA,PASS,PASS,NA,,,,
A_L5-eighthsoff_s1,A,5,WRITE,WRITE,PASS,PASS,PASS,PASS,PASS,PASS,PASS,PASS,PASS,PASS,PASS,0,4/4,4,clef.bass interval.leap interval.skip interval.step pitch.ledger range.beyond-position rhythm.eighths rhythm.shorter-than-quarter rhythm.syncopation rhythm.ties texture.hands-together texture.left-hand-pattern
A_L5-eighthsoff_s2,A,5,WRITE,WRITE,PASS,PASS,PASS,PASS,PASS,PASS,PASS,PASS,PASS,PASS,PASS,0,4/4,4,clef.bass interval.leap interval.skip interval.step pitch.ledger range.beyond-position rhythm.eighths rhythm.shorter-than-quarter texture.hands-together texture.left-hand-pattern
A_L4-position-ledger_s1,A,4,REFUSE,REFUSE,NA,NA,NA,NA,NA,NA,NA,NA,PASS,PASS,NA,,,,
A_L4-position-ledger_s2,A,4,REFUSE,REFUSE,NA,NA,NA,NA,NA,NA,NA,NA,PASS,PASS,NA,,,,
A_seed0_1_at_1.5,A,1,WRITE,WRITE,PASS,PASS,PASS,PASS,PASS,PASS,PASS,PASS,PASS,PASS,NA,0,4/4,4,interval.skip interval.step
A_seed0_7_at_jazz.8,A,7,WRITE,WRITE,PASS,PASS,PASS,PASS,PASS,PASS,PASS,FAIL,PASS,PASS,PASS,2,4/4,8,clef.bass interval.leap interval.skip interval.step key.signature lowerStaffQuarterPerBeat pitch.ledger range.beyond-position rhythm.dotted-quarter rhythm.eighths rhythm.shorter-than-quarter rhythm.syncopation rhythm.ties rhythm.triplets texture.hands-together texture.left-hand-pattern
A_seed-1_1_at_1.5,A,1,WRITE,WRITE,PASS,PASS,PASS,PASS,PASS,PASS,PASS,PASS,PASS,PASS,NA,0,4/4,4,interval.skip interval.step
A_seed-1_7_at_jazz.8,A,7,WRITE,WRITE,PASS,PASS,PASS,PASS,PASS,PASS,PASS,FAIL,PASS,PASS,PASS,-2,4/4,8,clef.bass interval.leap interval.skip interval.step key.signature lowerStaffQuarterPerBeat pitch.ledger range.beyond-position rhythm.dotted-quarter rhythm.eighths rhythm.shorter-than-quarter rhythm.syncopation rhythm.triplets texture.hands-together texture.left-hand-pattern
A_seed2147483647_1_at_1.5,A,1,WRITE,WRITE,PASS,PASS,PASS,PASS,PASS,PASS,PASS,PASS,PASS,PASS,NA,0,4/4,4,interval.skip interval.step
A_seed2147483647_7_at_jazz.8,A,7,WRITE,WRITE,PASS,PASS,PASS,PASS,PASS,PASS,PASS,FAIL,PASS,PASS,PASS,-1,4/4,8,clef.bass interval.leap interval.skip interval.step key.signature lowerStaffQuarterPerBeat range.beyond-position rhythm.dotted-quarter rhythm.eighths rhythm.shorter-than-quarter rhythm.syncopation rhythm.ties rhythm.triplets texture.hands-together texture.left-hand-pattern
A_seed-2147483648_1_at_1.5,A,1,WRITE,WRITE,PASS,PASS,PASS,PASS,PASS,PASS,PASS,PASS,PASS,PASS,NA,0,4/4,4,interval.skip interval.step
A_seed-2147483648_7_at_jazz.8,A,7,WRITE,WRITE,PASS,PASS,PASS,PASS,PASS,PASS,PASS,FAIL,PASS,PASS,PASS,0,4/4,8,clef.bass interval.leap interval.skip interval.step lowerStaffQuarterPerBeat pitch.ledger range.beyond-position rhythm.dotted-quarter rhythm.eighths rhythm.shorter-than-quarter rhythm.syncopation rhythm.triplets texture.hands-together texture.left-hand-pattern
A_seed4294967295_1_at_1.5,A,1,WRITE,WRITE,PASS,PASS,PASS,PASS,PASS,PASS,PASS,PASS,PASS,PASS,NA,0,4/4,4,interval.skip interval.step
A_seed4294967295_7_at_jazz.8,A,7,WRITE,WRITE,PASS,PASS,PASS,PASS,PASS,PASS,PASS,FAIL,PASS,PASS,PASS,-2,4/4,8,clef.bass interval.leap interval.skip interval.step key.signature lowerStaffQuarterPerBeat pitch.ledger range.beyond-position rhythm.dotted-quarter rhythm.eighths rhythm.shorter-than-quarter rhythm.syncopation rhythm.triplets texture.hands-together texture.left-hand-pattern
A_3-4-gap_1-left_at_1.3_d1,A,1,KNOWN-DEFECT,WRITE,PASS,PASS,PASS,PASS,PASS,PASS,FAIL,PASS,PASS,PASS,NA,0,3/4,4,clef.bass interval.step metre.triple
A_3-4-gap_1-left_at_1.3_d2,A,1,KNOWN-DEFECT,WRITE,PASS,PASS,PASS,PASS,PASS,PASS,FAIL,PASS,PASS,PASS,NA,0,3/4,4,clef.bass interval.step metre.triple
A_3-4-gap_1-left_at_1.3_d3,A,1,KNOWN-DEFECT,WRITE,PASS,PASS,PASS,PASS,PASS,PASS,FAIL,PASS,PASS,PASS,NA,0,3/4,4,clef.bass interval.step metre.triple
A_3-4-gap_1-left_at_1.3_d4,A,1,KNOWN-DEFECT,WRITE,PASS,PASS,PASS,PASS,PASS,PASS,FAIL,PASS,PASS,PASS,NA,0,3/4,4,clef.bass interval.step metre.triple
A_compound-off_3_at_4.5_d1,A,3,WRITE,WRITE,PASS,PASS,PASS,PASS,PASS,PASS,PASS,PASS,PASS,PASS,NA,0,4/4,8,clef.bass interval.leap interval.skip interval.step range.beyond-position rhythm.eighths rhythm.shorter-than-quarter rhythm.syncopation rhythm.ties rhythm.triplets texture.hands-together
A_compound-off_3_at_4.5_d2,A,3,WRITE,WRITE,PASS,PASS,PASS,PASS,PASS,PASS,PASS,PASS,PASS,PASS,NA,1,4/4,8,clef.bass interval.leap interval.skip interval.step key.signature range.beyond-position rhythm.eighths rhythm.shorter-than-quarter rhythm.syncopation rhythm.ties rhythm.triplets texture.hands-together
A_compound-off_3_at_4.5_d3,A,3,WRITE,WRITE,PASS,PASS,PASS,PASS,PASS,PASS,PASS,PASS,PASS,PASS,NA,0,4/4,8,clef.bass interval.leap interval.skip interval.step range.beyond-position rhythm.eighths rhythm.shorter-than-quarter rhythm.syncopation rhythm.triplets texture.hands-together
A_compound-off_3_at_4.5_d4,A,3,WRITE,WRITE,PASS,PASS,PASS,PASS,PASS,PASS,PASS,PASS,PASS,PASS,NA,-1,4/4,8,clef.bass interval.leap interval.skip interval.step key.signature range.beyond-position rhythm.eighths rhythm.shorter-than-quarter rhythm.syncopation rhythm.ties rhythm.triplets texture.hands-together
C_1_at_1.5_4-4_s1,C,1,WRITE,WRITE,PASS,PASS,PASS,PASS,PASS,PASS,PASS,PASS,PASS,PASS,NA,0,4/4,4,interval.skip interval.step
C_1_at_1.5_4-4_s2,C,1,WRITE,WRITE,PASS,PASS,PASS,PASS,PASS,PASS,PASS,PASS,PASS,PASS,NA,0,4/4,4,interval.skip interval.step
C_1_at_1.5_3-4_s1,C,1,WRITE,WRITE,PASS,PASS,PASS,PASS,PASS,PASS,PASS,PASS,PASS,PASS,NA,0,3/4,4,interval.skip interval.step metre.triple
C_1_at_1.5_3-4_s2,C,1,WRITE,WRITE,PASS,PASS,PASS,PASS,PASS,PASS,PASS,PASS,PASS,PASS,NA,0,3/4,4,interval.skip interval.step metre.triple
C_2-right_at_2.2_4-4_s1,C,2,WRITE,WRITE,PASS,PASS,PASS,PASS,PASS,PASS,PASS,PASS,PASS,PASS,NA,0,4/4,4,interval.skip interval.step rhythm.eighths rhythm.shorter-than-quarter
C_2-right_at_2.2_4-4_s2,C,2,WRITE,WRITE,PASS,PASS,PASS,PASS,PASS,PASS,PASS,PASS,PASS,PASS,NA,0,4/4,4,interval.skip interval.step rhythm.eighths rhythm.shorter-than-quarter
C_2-right_at_2.2_3-4_s1,C,2,WRITE,WRITE,PASS,PASS,PASS,PASS,PASS,PASS,PASS,PASS,PASS,PASS,NA,0,3/4,4,interval.skip interval.step metre.triple rhythm.eighths rhythm.shorter-than-quarter
C_2-right_at_2.2_3-4_s2,C,2,WRITE,WRITE,PASS,PASS,PASS,PASS,PASS,PASS,PASS,PASS,PASS,PASS,NA,0,3/4,4,interval.skip interval.step metre.triple rhythm.eighths rhythm.shorter-than-quarter
C_2-right_at_2.5_4-4_s1,C,2,WRITE,WRITE,PASS,PASS,PASS,PASS,PASS,PASS,PASS,PASS,PASS,PASS,NA,0,4/4,4,interval.skip interval.step range.beyond-position rhythm.eighths rhythm.shorter-than-quarter
C_2-right_at_2.5_4-4_s2,C,2,WRITE,WRITE,PASS,PASS,PASS,PASS,PASS,PASS,PASS,PASS,PASS,PASS,NA,0,4/4,4,interval.skip interval.step range.beyond-position rhythm.eighths rhythm.shorter-than-quarter
C_2-right_at_2.5_3-4_s1,C,2,WRITE,WRITE,PASS,PASS,PASS,PASS,PASS,PASS,PASS,PASS,PASS,PASS,NA,0,3/4,4,interval.skip interval.step metre.triple range.beyond-position rhythm.eighths rhythm.shorter-than-quarter
C_2-right_at_2.5_3-4_s2,C,2,WRITE,WRITE,PASS,PASS,PASS,PASS,PASS,PASS,PASS,PASS,PASS,PASS,NA,0,3/4,4,interval.skip interval.step metre.triple range.beyond-position rhythm.eighths rhythm.shorter-than-quarter
C_2_at_3.4_4-4_f-1_s1,C,2,WRITE,WRITE,PASS,PASS,PASS,PASS,PASS,PASS,PASS,PASS,PASS,PASS,NA,-1,4/4,4,clef.bass interval.skip interval.step key.signature range.beyond-position rhythm.eighths rhythm.shorter-than-quarter texture.hands-together
C_2_at_3.4_4-4_f-1_s2,C,2,WRITE,WRITE,PASS,PASS,PASS,PASS,PASS,PASS,PASS,PASS,PASS,PASS,NA,-1,4/4,4,clef.bass interval.skip interval.step key.signature range.beyond-position rhythm.eighths rhythm.shorter-than-quarter texture.hands-together
C_2_at_3.4_4-4_f0_s1,C,2,WRITE,WRITE,PASS,PASS,PASS,PASS,PASS,PASS,PASS,PASS,PASS,PASS,NA,0,4/4,4,clef.bass interval.skip interval.step range.beyond-position rhythm.eighths rhythm.shorter-than-quarter texture.hands-together
C_2_at_3.4_4-4_f0_s2,C,2,WRITE,WRITE,PASS,PASS,PASS,PASS,PASS,PASS,PASS,PASS,PASS,PASS,NA,0,4/4,4,clef.bass interval.leap interval.skip interval.step range.beyond-position rhythm.eighths rhythm.shorter-than-quarter texture.hands-together
C_2_at_3.4_4-4_f1_s1,C,2,WRITE,WRITE,PASS,PASS,PASS,PASS,PASS,PASS,PASS,PASS,PASS,PASS,NA,1,4/4,4,clef.bass interval.skip interval.step key.signature range.beyond-position rhythm.eighths rhythm.shorter-than-quarter texture.hands-together
C_2_at_3.4_4-4_f1_s2,C,2,WRITE,WRITE,PASS,PASS,PASS,PASS,PASS,PASS,PASS,PASS,PASS,PASS,NA,1,4/4,4,clef.bass interval.skip interval.step key.signature rhythm.eighths rhythm.shorter-than-quarter texture.hands-together
C_2_at_3.4_3-4_f-1_s1,C,2,WRITE,WRITE,PASS,PASS,PASS,PASS,PASS,PASS,PASS,PASS,PASS,PASS,NA,-1,3/4,4,clef.bass interval.skip interval.step key.signature metre.triple rhythm.eighths rhythm.shorter-than-quarter texture.hands-together
C_2_at_3.4_3-4_f-1_s2,C,2,WRITE,WRITE,PASS,PASS,PASS,PASS,PASS,PASS,PASS,PASS,PASS,PASS,NA,-1,3/4,4,clef.bass interval.skip interval.step key.signature metre.triple rhythm.eighths rhythm.shorter-than-quarter texture.hands-together
C_2_at_3.4_3-4_f0_s1,C,2,WRITE,WRITE,PASS,PASS,PASS,PASS,PASS,PASS,PASS,PASS,PASS,PASS,NA,0,3/4,4,clef.bass interval.skip interval.step metre.triple range.beyond-position rhythm.eighths rhythm.shorter-than-quarter texture.hands-together
C_2_at_3.4_3-4_f0_s2,C,2,WRITE,WRITE,PASS,PASS,PASS,PASS,PASS,PASS,PASS,PASS,PASS,PASS,NA,0,3/4,4,clef.bass interval.leap interval.skip interval.step metre.triple range.beyond-position rhythm.eighths rhythm.shorter-than-quarter texture.hands-together
C_2_at_3.4_3-4_f1_s1,C,2,WRITE,WRITE,PASS,PASS,PASS,PASS,PASS,PASS,PASS,PASS,PASS,PASS,NA,1,3/4,4,clef.bass interval.skip interval.step key.signature metre.triple rhythm.eighths rhythm.shorter-than-quarter texture.hands-together
C_2_at_3.4_3-4_f1_s2,C,2,WRITE,WRITE,PASS,PASS,PASS,PASS,PASS,PASS,PASS,PASS,PASS,PASS,NA,1,3/4,4,clef.bass interval.skip interval.step key.signature metre.triple rhythm.eighths rhythm.shorter-than-quarter texture.hands-together
C_2_at_classical.3_4-4_f-1_s1,C,2,WRITE,WRITE,PASS,PASS,PASS,PASS,PASS,PASS,PASS,PASS,PASS,PASS,NA,-1,4/4,4,clef.bass interval.skip interval.step key.signature range.beyond-position rhythm.eighths rhythm.shorter-than-quarter texture.hands-together
C_2_at_classical.3_4-4_f-1_s2,C,2,WRITE,WRITE,PASS,PASS,PASS,PASS,PASS,PASS,PASS,PASS,PASS,PASS,NA,-1,4/4,4,clef.bass interval.skip interval.step key.signature range.beyond-position rhythm.eighths rhythm.shorter-than-quarter texture.hands-together
C_2_at_classical.3_4-4_f0_s1,C,2,WRITE,WRITE,PASS,PASS,PASS,PASS,PASS,PASS,PASS,PASS,PASS,PASS,NA,0,4/4,4,clef.bass interval.skip interval.step range.beyond-position rhythm.eighths rhythm.shorter-than-quarter texture.hands-together
C_2_at_classical.3_4-4_f0_s2,C,2,WRITE,WRITE,PASS,PASS,PASS,PASS,PASS,PASS,PASS,PASS,PASS,PASS,NA,0,4/4,4,clef.bass interval.leap interval.skip interval.step range.beyond-position rhythm.eighths rhythm.shorter-than-quarter texture.hands-together
C_2_at_classical.3_4-4_f1_s1,C,2,WRITE,WRITE,PASS,PASS,PASS,PASS,PASS,PASS,PASS,PASS,PASS,PASS,NA,1,4/4,4,clef.bass interval.skip interval.step key.signature range.beyond-position rhythm.eighths rhythm.shorter-than-quarter texture.hands-together
C_2_at_classical.3_4-4_f1_s2,C,2,WRITE,WRITE,PASS,PASS,PASS,PASS,PASS,PASS,PASS,PASS,PASS,PASS,NA,1,4/4,4,clef.bass interval.skip interval.step key.signature rhythm.eighths rhythm.shorter-than-quarter texture.hands-together
C_2_at_classical.3_3-4_f-1_s1,C,2,WRITE,WRITE,PASS,PASS,PASS,PASS,PASS,PASS,PASS,PASS,PASS,PASS,NA,-1,3/4,4,clef.bass interval.skip interval.step key.signature metre.triple rhythm.eighths rhythm.shorter-than-quarter texture.hands-together
C_2_at_classical.3_3-4_f-1_s2,C,2,WRITE,WRITE,PASS,PASS,PASS,PASS,PASS,PASS,PASS,PASS,PASS,PASS,NA,-1,3/4,4,clef.bass interval.skip interval.step key.signature metre.triple rhythm.eighths rhythm.shorter-than-quarter texture.hands-together
C_2_at_classical.3_3-4_f0_s1,C,2,WRITE,WRITE,PASS,PASS,PASS,PASS,PASS,PASS,PASS,PASS,PASS,PASS,NA,0,3/4,4,clef.bass interval.skip interval.step metre.triple range.beyond-position rhythm.eighths rhythm.shorter-than-quarter texture.hands-together
C_2_at_classical.3_3-4_f0_s2,C,2,WRITE,WRITE,PASS,PASS,PASS,PASS,PASS,PASS,PASS,PASS,PASS,PASS,NA,0,3/4,4,clef.bass interval.leap interval.skip interval.step metre.triple range.beyond-position rhythm.eighths rhythm.shorter-than-quarter texture.hands-together
C_2_at_classical.3_3-4_f1_s1,C,2,WRITE,WRITE,PASS,PASS,PASS,PASS,PASS,PASS,PASS,PASS,PASS,PASS,NA,1,3/4,4,clef.bass interval.skip interval.step key.signature metre.triple rhythm.eighths rhythm.shorter-than-quarter texture.hands-together
C_2_at_classical.3_3-4_f1_s2,C,2,WRITE,WRITE,PASS,PASS,PASS,PASS,PASS,PASS,PASS,PASS,PASS,PASS,NA,1,3/4,4,clef.bass interval.skip interval.step key.signature metre.triple rhythm.eighths rhythm.shorter-than-quarter texture.hands-together
C_3_at_4.5_6-8_f-1_s1,C,3,REFUSE,WRITE,PASS,PASS,PASS,PASS,PASS,PASS,PASS,PASS,PASS,PASS,NA,-1,6/8,8,clef.bass compoundDottedQuarters interval.leap interval.skip interval.step key.signature metre.compound range.beyond-position rhythm.eighths rhythm.shorter-than-quarter rhythm.syncopation rhythm.ties texture.hands-together
C_3_at_4.5_6-8_f-1_s2,C,3,REFUSE,WRITE,PASS,PASS,PASS,PASS,PASS,PASS,PASS,PASS,PASS,PASS,NA,-1,6/8,8,clef.bass compoundDottedQuarters interval.leap interval.skip interval.step key.signature metre.compound range.beyond-position rhythm.eighths rhythm.shorter-than-quarter rhythm.syncopation rhythm.ties texture.hands-together
C_3_at_4.5_6-8_f0_s1,C,3,REFUSE,WRITE,PASS,PASS,PASS,PASS,PASS,PASS,PASS,PASS,PASS,PASS,NA,0,6/8,8,clef.bass compoundDottedQuarters interval.leap interval.skip interval.step metre.compound range.beyond-position rhythm.eighths rhythm.shorter-than-quarter texture.hands-together
C_3_at_4.5_6-8_f0_s2,C,3,REFUSE,WRITE,PASS,PASS,PASS,PASS,PASS,PASS,PASS,PASS,PASS,PASS,NA,0,6/8,8,clef.bass compoundDottedQuarters interval.leap interval.skip interval.step metre.compound range.beyond-position rhythm.eighths rhythm.shorter-than-quarter rhythm.syncopation rhythm.ties texture.hands-together
C_3_at_4.5_6-8_f1_s1,C,3,REFUSE,WRITE,PASS,PASS,PASS,PASS,PASS,PASS,PASS,PASS,PASS,PASS,NA,1,6/8,8,clef.bass compoundDottedQuarters interval.leap interval.skip interval.step key.signature metre.compound range.beyond-position rhythm.eighths rhythm.shorter-than-quarter rhythm.syncopation rhythm.ties texture.hands-together
C_3_at_4.5_6-8_f1_s2,C,3,REFUSE,WRITE,PASS,PASS,PASS,PASS,PASS,PASS,PASS,PASS,PASS,PASS,NA,1,6/8,8,clef.bass compoundDottedQuarters interval.leap interval.skip interval.step key.signature metre.compound range.beyond-position rhythm.eighths rhythm.shorter-than-quarter rhythm.syncopation rhythm.ties texture.hands-together
C_3_at_4.5_4-4_f-1_s1,C,3,WRITE,WRITE,PASS,PASS,PASS,PASS,PASS,PASS,PASS,PASS,PASS,PASS,NA,-1,4/4,8,clef.bass interval.leap interval.skip interval.step key.signature range.beyond-position rhythm.eighths rhythm.shorter-than-quarter rhythm.syncopation rhythm.ties rhythm.triplets texture.hands-together
C_3_at_4.5_4-4_f-1_s2,C,3,WRITE,WRITE,PASS,PASS,PASS,PASS,PASS,PASS,PASS,PASS,PASS,PASS,NA,-1,4/4,8,clef.bass interval.leap interval.skip interval.step key.signature range.beyond-position rhythm.eighths rhythm.shorter-than-quarter rhythm.syncopation rhythm.ties rhythm.triplets texture.hands-together
C_3_at_4.5_4-4_f0_s1,C,3,WRITE,WRITE,PASS,PASS,PASS,PASS,PASS,PASS,PASS,PASS,PASS,PASS,NA,0,4/4,8,clef.bass interval.leap interval.skip interval.step range.beyond-position rhythm.eighths rhythm.shorter-than-quarter rhythm.syncopation rhythm.ties rhythm.triplets texture.hands-together
C_3_at_4.5_4-4_f0_s2,C,3,WRITE,WRITE,PASS,PASS,PASS,PASS,PASS,PASS,PASS,PASS,PASS,PASS,NA,0,4/4,8,clef.bass interval.leap interval.skip interval.step range.beyond-position rhythm.eighths rhythm.shorter-than-quarter rhythm.syncopation rhythm.ties rhythm.triplets texture.hands-together
C_3_at_4.5_4-4_f1_s1,C,3,WRITE,WRITE,PASS,PASS,PASS,PASS,PASS,PASS,PASS,PASS,PASS,PASS,NA,1,4/4,8,clef.bass interval.leap interval.skip interval.step key.signature range.beyond-position rhythm.eighths rhythm.shorter-than-quarter rhythm.syncopation rhythm.ties rhythm.triplets texture.hands-together
C_3_at_4.5_4-4_f1_s2,C,3,WRITE,WRITE,PASS,PASS,PASS,PASS,PASS,PASS,PASS,PASS,PASS,PASS,NA,1,4/4,8,clef.bass interval.leap interval.skip interval.step key.signature range.beyond-position rhythm.eighths rhythm.shorter-than-quarter rhythm.syncopation rhythm.ties rhythm.triplets texture.hands-together
C_3_at_4.5_3-4_f-1_s1,C,3,WRITE,WRITE,PASS,PASS,PASS,PASS,PASS,PASS,PASS,PASS,PASS,PASS,NA,-1,3/4,8,clef.bass interval.leap interval.skip interval.step key.signature metre.triple range.beyond-position rhythm.eighths rhythm.shorter-than-quarter rhythm.syncopation rhythm.ties rhythm.triplets texture.hands-together
C_3_at_4.5_3-4_f-1_s2,C,3,WRITE,WRITE,PASS,PASS,PASS,PASS,PASS,PASS,PASS,PASS,PASS,PASS,NA,-1,3/4,8,clef.bass interval.leap interval.skip interval.step key.signature metre.triple range.beyond-position rhythm.eighths rhythm.shorter-than-quarter rhythm.syncopation rhythm.ties rhythm.triplets texture.hands-together
C_3_at_4.5_3-4_f0_s1,C,3,WRITE,WRITE,PASS,PASS,PASS,PASS,PASS,PASS,PASS,PASS,PASS,PASS,NA,0,3/4,8,clef.bass interval.leap interval.skip interval.step metre.triple range.beyond-position rhythm.eighths rhythm.shorter-than-quarter rhythm.syncopation rhythm.ties rhythm.triplets texture.hands-together
C_3_at_4.5_3-4_f0_s2,C,3,WRITE,WRITE,PASS,PASS,PASS,PASS,PASS,PASS,PASS,PASS,PASS,PASS,NA,0,3/4,8,clef.bass interval.leap interval.skip interval.step metre.triple range.beyond-position rhythm.eighths rhythm.shorter-than-quarter rhythm.syncopation rhythm.ties rhythm.triplets texture.hands-together
C_3_at_4.5_3-4_f1_s1,C,3,WRITE,WRITE,PASS,PASS,PASS,PASS,PASS,PASS,PASS,PASS,PASS,PASS,NA,1,3/4,8,clef.bass interval.leap interval.skip interval.step key.signature metre.triple rhythm.eighths rhythm.shorter-than-quarter rhythm.syncopation rhythm.ties rhythm.triplets texture.hands-together
C_3_at_4.5_3-4_f1_s2,C,3,WRITE,WRITE,PASS,PASS,PASS,PASS,PASS,PASS,PASS,PASS,PASS,PASS,NA,1,3/4,8,clef.bass interval.leap interval.skip interval.step key.signature metre.triple range.beyond-position rhythm.eighths rhythm.shorter-than-quarter rhythm.syncopation rhythm.ties rhythm.triplets texture.hands-together
C_3_at_4.6_6-8_f-1_s1,C,3,REFUSE,WRITE,PASS,PASS,PASS,PASS,PASS,PASS,PASS,PASS,PASS,PASS,NA,-1,6/8,8,clef.bass compoundDottedQuarters interval.leap interval.skip interval.step key.signature metre.compound range.beyond-position rhythm.eighths rhythm.shorter-than-quarter rhythm.syncopation rhythm.ties texture.hands-together
C_3_at_4.6_6-8_f-1_s2,C,3,REFUSE,WRITE,PASS,PASS,PASS,PASS,PASS,PASS,PASS,PASS,PASS,PASS,NA,-1,6/8,8,clef.bass compoundDottedQuarters interval.leap interval.skip interval.step key.signature metre.compound range.beyond-position rhythm.eighths rhythm.shorter-than-quarter rhythm.syncopation rhythm.ties texture.hands-together
C_3_at_4.6_6-8_f0_s1,C,3,REFUSE,WRITE,PASS,PASS,PASS,PASS,PASS,PASS,PASS,PASS,PASS,PASS,NA,0,6/8,8,clef.bass compoundDottedQuarters interval.leap interval.skip interval.step metre.compound range.beyond-position rhythm.eighths rhythm.shorter-than-quarter texture.hands-together
C_3_at_4.6_6-8_f0_s2,C,3,REFUSE,WRITE,PASS,PASS,PASS,PASS,PASS,PASS,PASS,PASS,PASS,PASS,NA,0,6/8,8,clef.bass compoundDottedQuarters interval.leap interval.skip interval.step metre.compound range.beyond-position rhythm.eighths rhythm.shorter-than-quarter rhythm.syncopation rhythm.ties texture.hands-together
C_3_at_4.6_6-8_f1_s1,C,3,REFUSE,WRITE,PASS,PASS,PASS,PASS,PASS,PASS,PASS,PASS,PASS,PASS,NA,1,6/8,8,clef.bass compoundDottedQuarters interval.leap interval.skip interval.step key.signature metre.compound range.beyond-position rhythm.eighths rhythm.shorter-than-quarter rhythm.syncopation rhythm.ties texture.hands-together
C_3_at_4.6_6-8_f1_s2,C,3,REFUSE,WRITE,PASS,PASS,PASS,PASS,PASS,PASS,PASS,PASS,PASS,PASS,NA,1,6/8,8,clef.bass compoundDottedQuarters interval.leap interval.skip interval.step key.signature metre.compound range.beyond-position rhythm.eighths rhythm.shorter-than-quarter rhythm.syncopation rhythm.ties texture.hands-together
C_3_at_4.6_4-4_f-1_s1,C,3,WRITE,WRITE,PASS,PASS,PASS,PASS,PASS,PASS,PASS,PASS,PASS,PASS,NA,-1,4/4,8,clef.bass interval.leap interval.skip interval.step key.signature range.beyond-position rhythm.eighths rhythm.shorter-than-quarter rhythm.syncopation rhythm.ties rhythm.triplets texture.hands-together
C_3_at_4.6_4-4_f-1_s2,C,3,WRITE,WRITE,PASS,PASS,PASS,PASS,PASS,PASS,PASS,PASS,PASS,PASS,NA,-1,4/4,8,clef.bass interval.leap interval.skip interval.step key.signature range.beyond-position rhythm.eighths rhythm.shorter-than-quarter rhythm.syncopation rhythm.ties rhythm.triplets texture.hands-together
C_3_at_4.6_4-4_f0_s1,C,3,WRITE,WRITE,PASS,PASS,PASS,PASS,PASS,PASS,PASS,PASS,PASS,PASS,NA,0,4/4,8,clef.bass interval.leap interval.skip interval.step range.beyond-position rhythm.eighths rhythm.shorter-than-quarter rhythm.syncopation rhythm.ties rhythm.triplets texture.hands-together
C_3_at_4.6_4-4_f0_s2,C,3,WRITE,WRITE,PASS,PASS,PASS,PASS,PASS,PASS,PASS,PASS,PASS,PASS,NA,0,4/4,8,clef.bass interval.leap interval.skip interval.step range.beyond-position rhythm.eighths rhythm.shorter-than-quarter rhythm.syncopation rhythm.ties rhythm.triplets texture.hands-together
C_3_at_4.6_4-4_f1_s1,C,3,WRITE,WRITE,PASS,PASS,PASS,PASS,PASS,PASS,PASS,PASS,PASS,PASS,NA,1,4/4,8,clef.bass interval.leap interval.skip interval.step key.signature range.beyond-position rhythm.eighths rhythm.shorter-than-quarter rhythm.syncopation rhythm.ties rhythm.triplets texture.hands-together
C_3_at_4.6_4-4_f1_s2,C,3,WRITE,WRITE,PASS,PASS,PASS,PASS,PASS,PASS,PASS,PASS,PASS,PASS,NA,1,4/4,8,clef.bass interval.leap interval.skip interval.step key.signature range.beyond-position rhythm.eighths rhythm.shorter-than-quarter rhythm.syncopation rhythm.ties rhythm.triplets texture.hands-together
C_3_at_4.6_3-4_f-1_s1,C,3,WRITE,WRITE,PASS,PASS,PASS,PASS,PASS,PASS,PASS,PASS,PASS,PASS,NA,-1,3/4,8,clef.bass interval.leap interval.skip interval.step key.signature metre.triple range.beyond-position rhythm.eighths rhythm.shorter-than-quarter rhythm.syncopation rhythm.ties rhythm.triplets texture.hands-together
C_3_at_4.6_3-4_f-1_s2,C,3,WRITE,WRITE,PASS,PASS,PASS,PASS,PASS,PASS,PASS,PASS,PASS,PASS,NA,-1,3/4,8,clef.bass interval.leap interval.skip interval.step key.signature metre.triple range.beyond-position rhythm.eighths rhythm.shorter-than-quarter rhythm.syncopation rhythm.ties rhythm.triplets texture.hands-together
C_3_at_4.6_3-4_f0_s1,C,3,WRITE,WRITE,PASS,PASS,PASS,PASS,PASS,PASS,PASS,PASS,PASS,PASS,NA,0,3/4,8,clef.bass interval.leap interval.skip interval.step metre.triple range.beyond-position rhythm.eighths rhythm.shorter-than-quarter rhythm.syncopation rhythm.ties rhythm.triplets texture.hands-together
C_3_at_4.6_3-4_f0_s2,C,3,WRITE,WRITE,PASS,PASS,PASS,PASS,PASS,PASS,PASS,PASS,PASS,PASS,NA,0,3/4,8,clef.bass interval.leap interval.skip interval.step metre.triple range.beyond-position rhythm.eighths rhythm.shorter-than-quarter rhythm.syncopation rhythm.ties rhythm.triplets texture.hands-together
C_3_at_4.6_3-4_f1_s1,C,3,WRITE,WRITE,PASS,PASS,PASS,PASS,PASS,PASS,PASS,PASS,PASS,PASS,NA,1,3/4,8,clef.bass interval.leap interval.skip interval.step key.signature metre.triple rhythm.eighths rhythm.shorter-than-quarter rhythm.syncopation rhythm.ties rhythm.triplets texture.hands-together
C_3_at_4.6_3-4_f1_s2,C,3,WRITE,WRITE,PASS,PASS,PASS,PASS,PASS,PASS,PASS,PASS,PASS,PASS,NA,1,3/4,8,clef.bass interval.leap interval.skip interval.step key.signature metre.triple range.beyond-position rhythm.eighths rhythm.shorter-than-quarter rhythm.syncopation rhythm.ties rhythm.triplets texture.hands-together
C_4_at_4.6_4-4_f-1_s1,C,4,WRITE,WRITE,PASS,PASS,PASS,PASS,PASS,PASS,PASS,PASS,PASS,PASS,NA,-1,4/4,8,clef.bass interval.leap interval.skip interval.step key.signature pitch.chromatic pitch.ledger range.beyond-position rhythm.dotted-quarter rhythm.eighths rhythm.shorter-than-quarter rhythm.ties texture.hands-together
C_4_at_4.6_4-4_f-1_s2,C,4,WRITE,WRITE,PASS,PASS,PASS,PASS,PASS,PASS,PASS,PASS,PASS,PASS,NA,-1,4/4,8,clef.bass interval.leap interval.skip interval.step key.signature pitch.chromatic pitch.ledger range.beyond-position rhythm.dotted-quarter rhythm.eighths rhythm.shorter-than-quarter rhythm.ties texture.hands-together
C_4_at_4.6_4-4_f0_s1,C,4,WRITE,WRITE,PASS,PASS,PASS,PASS,PASS,PASS,PASS,PASS,PASS,PASS,NA,0,4/4,8,clef.bass interval.leap interval.skip interval.step pitch.chromatic pitch.ledger range.beyond-position rhythm.dotted-quarter rhythm.eighths rhythm.shorter-than-quarter texture.hands-together
C_4_at_4.6_4-4_f0_s2,C,4,WRITE,WRITE,PASS,PASS,PASS,PASS,PASS,PASS,PASS,PASS,PASS,PASS,NA,0,4/4,8,clef.bass interval.leap interval.skip interval.step pitch.chromatic pitch.ledger range.beyond-position rhythm.dotted-quarter rhythm.eighths rhythm.shorter-than-quarter texture.hands-together
C_4_at_4.6_4-4_f1_s1,C,4,WRITE,WRITE,PASS,PASS,PASS,PASS,PASS,PASS,PASS,PASS,PASS,PASS,NA,1,4/4,8,clef.bass interval.leap interval.skip interval.step key.signature pitch.chromatic range.beyond-position rhythm.dotted-quarter rhythm.eighths rhythm.shorter-than-quarter texture.hands-together
C_4_at_4.6_4-4_f1_s2,C,4,WRITE,WRITE,PASS,PASS,PASS,PASS,PASS,PASS,PASS,PASS,PASS,PASS,NA,1,4/4,8,clef.bass interval.leap interval.skip interval.step key.signature pitch.chromatic pitch.ledger range.beyond-position rhythm.dotted-quarter rhythm.eighths rhythm.shorter-than-quarter texture.hands-together
C_4_at_4.6_3-4_f-1_s1,C,4,WRITE,WRITE,PASS,PASS,PASS,PASS,PASS,PASS,PASS,PASS,PASS,PASS,NA,-1,3/4,8,clef.bass interval.leap interval.skip interval.step key.signature metre.triple pitch.chromatic pitch.ledger range.beyond-position rhythm.dotted-quarter rhythm.eighths rhythm.shorter-than-quarter rhythm.ties texture.hands-together
C_4_at_4.6_3-4_f-1_s2,C,4,WRITE,WRITE,PASS,PASS,PASS,PASS,PASS,PASS,PASS,PASS,PASS,PASS,NA,-1,3/4,8,clef.bass interval.leap interval.skip interval.step key.signature metre.triple pitch.chromatic pitch.ledger range.beyond-position rhythm.dotted-quarter rhythm.eighths rhythm.shorter-than-quarter texture.hands-together
C_4_at_4.6_3-4_f0_s1,C,4,WRITE,WRITE,PASS,PASS,PASS,PASS,PASS,PASS,PASS,PASS,PASS,PASS,NA,0,3/4,8,clef.bass interval.leap interval.skip interval.step metre.triple pitch.chromatic pitch.ledger range.beyond-position rhythm.dotted-quarter rhythm.eighths rhythm.shorter-than-quarter rhythm.ties texture.hands-together
C_4_at_4.6_3-4_f0_s2,C,4,WRITE,WRITE,PASS,PASS,PASS,PASS,PASS,PASS,PASS,PASS,PASS,PASS,NA,0,3/4,8,clef.bass interval.leap interval.skip interval.step metre.triple pitch.chromatic pitch.ledger range.beyond-position rhythm.dotted-quarter rhythm.eighths rhythm.shorter-than-quarter texture.hands-together
C_4_at_4.6_3-4_f1_s1,C,4,WRITE,WRITE,PASS,PASS,PASS,PASS,PASS,PASS,PASS,PASS,PASS,PASS,NA,1,3/4,8,clef.bass interval.leap interval.skip interval.step key.signature metre.triple pitch.chromatic pitch.ledger range.beyond-position rhythm.dotted-quarter rhythm.eighths rhythm.shorter-than-quarter rhythm.ties texture.hands-together
C_4_at_4.6_3-4_f1_s2,C,4,WRITE,WRITE,PASS,PASS,PASS,PASS,PASS,PASS,PASS,PASS,PASS,PASS,NA,1,3/4,8,clef.bass interval.leap interval.skip interval.step key.signature metre.triple pitch.chromatic range.beyond-position rhythm.dotted-quarter rhythm.eighths rhythm.shorter-than-quarter rhythm.ties texture.hands-together
C_4_at_technique.5_4-4_f-1_s1,C,4,WRITE,WRITE,PASS,PASS,PASS,PASS,PASS,PASS,PASS,PASS,PASS,PASS,NA,-1,4/4,8,clef.bass interval.leap interval.skip interval.step key.signature pitch.chromatic pitch.ledger range.beyond-position rhythm.dotted-quarter rhythm.eighths rhythm.shorter-than-quarter rhythm.ties texture.hands-together
C_4_at_technique.5_4-4_f-1_s2,C,4,WRITE,WRITE,PASS,PASS,PASS,PASS,PASS,PASS,PASS,PASS,PASS,PASS,NA,-1,4/4,8,clef.bass interval.leap interval.skip interval.step key.signature pitch.chromatic pitch.ledger range.beyond-position rhythm.dotted-quarter rhythm.eighths rhythm.shorter-than-quarter rhythm.ties texture.hands-together
C_4_at_technique.5_4-4_f0_s1,C,4,WRITE,WRITE,PASS,PASS,PASS,PASS,PASS,PASS,PASS,PASS,PASS,PASS,NA,0,4/4,8,clef.bass interval.leap interval.skip interval.step pitch.chromatic pitch.ledger range.beyond-position rhythm.dotted-quarter rhythm.eighths rhythm.shorter-than-quarter texture.hands-together
C_4_at_technique.5_4-4_f0_s2,C,4,WRITE,WRITE,PASS,PASS,PASS,PASS,PASS,PASS,PASS,PASS,PASS,PASS,NA,0,4/4,8,clef.bass interval.leap interval.skip interval.step pitch.chromatic pitch.ledger range.beyond-position rhythm.dotted-quarter rhythm.eighths rhythm.shorter-than-quarter texture.hands-together
C_4_at_technique.5_4-4_f1_s1,C,4,WRITE,WRITE,PASS,PASS,PASS,PASS,PASS,PASS,PASS,PASS,PASS,PASS,NA,1,4/4,8,clef.bass interval.leap interval.skip interval.step key.signature pitch.chromatic range.beyond-position rhythm.dotted-quarter rhythm.eighths rhythm.shorter-than-quarter texture.hands-together
C_4_at_technique.5_4-4_f1_s2,C,4,WRITE,WRITE,PASS,PASS,PASS,PASS,PASS,PASS,PASS,PASS,PASS,PASS,NA,1,4/4,8,clef.bass interval.leap interval.skip interval.step key.signature pitch.chromatic pitch.ledger range.beyond-position rhythm.dotted-quarter rhythm.eighths rhythm.shorter-than-quarter texture.hands-together
C_4_at_technique.5_3-4_f-1_s1,C,4,WRITE,WRITE,PASS,PASS,PASS,PASS,PASS,PASS,PASS,PASS,PASS,PASS,NA,-1,3/4,8,clef.bass interval.leap interval.skip interval.step key.signature metre.triple pitch.chromatic pitch.ledger range.beyond-position rhythm.dotted-quarter rhythm.eighths rhythm.shorter-than-quarter rhythm.ties texture.hands-together
C_4_at_technique.5_3-4_f-1_s2,C,4,WRITE,WRITE,PASS,PASS,PASS,PASS,PASS,PASS,PASS,PASS,PASS,PASS,NA,-1,3/4,8,clef.bass interval.leap interval.skip interval.step key.signature metre.triple pitch.chromatic pitch.ledger range.beyond-position rhythm.dotted-quarter rhythm.eighths rhythm.shorter-than-quarter texture.hands-together
C_4_at_technique.5_3-4_f0_s1,C,4,WRITE,WRITE,PASS,PASS,PASS,PASS,PASS,PASS,PASS,PASS,PASS,PASS,NA,0,3/4,8,clef.bass interval.leap interval.skip interval.step metre.triple pitch.chromatic pitch.ledger range.beyond-position rhythm.dotted-quarter rhythm.eighths rhythm.shorter-than-quarter rhythm.ties texture.hands-together
C_4_at_technique.5_3-4_f0_s2,C,4,WRITE,WRITE,PASS,PASS,PASS,PASS,PASS,PASS,PASS,PASS,PASS,PASS,NA,0,3/4,8,clef.bass interval.leap interval.skip interval.step metre.triple pitch.chromatic pitch.ledger range.beyond-position rhythm.dotted-quarter rhythm.eighths rhythm.shorter-than-quarter texture.hands-together
C_4_at_technique.5_3-4_f1_s1,C,4,WRITE,WRITE,PASS,PASS,PASS,PASS,PASS,PASS,PASS,PASS,PASS,PASS,NA,1,3/4,8,clef.bass interval.leap interval.skip interval.step key.signature metre.triple pitch.chromatic pitch.ledger range.beyond-position rhythm.dotted-quarter rhythm.eighths rhythm.shorter-than-quarter rhythm.ties texture.hands-together
C_4_at_technique.5_3-4_f1_s2,C,4,WRITE,WRITE,PASS,PASS,PASS,PASS,PASS,PASS,PASS,PASS,PASS,PASS,NA,1,3/4,8,clef.bass interval.leap interval.skip interval.step key.signature metre.triple pitch.chromatic range.beyond-position rhythm.dotted-quarter rhythm.eighths rhythm.shorter-than-quarter rhythm.ties texture.hands-together
