id	source	sourceTableTempo	kernSourceStatements	printedMarks	soundsByPosition	openingPlays	playsAtDisagreements	catalogueTempoBpm	catalogueEqualsOpening	verdict	shape	sourceVsBuilt
song.beautiful.g-minor-bach	MT	none		["0:0 quarter=100 (q=100)"]	["0:0 100 [mark]"]	100		100	true	agrees	mark+sound	converted (2 separate parts): sounds 1->1, marks 1->1
song.beautiful.g-minor-bach.alt	MT	none		["0:0 quarter=80 (q=80)", "0:0.5 quarter=95 (q=95)", "15:3 quarter=80 (q=80)", "27:2 quarter=80 (q=80)", "28:0 quarter=80 (q=80)", "44:0 quarter=80 (q=80)", "45:0 quarter=80 (q=80)", "60:2 quarter=80 (q=80)", "61:0 quarter=80 (q=80)", "63:0 quarter=80 (q=80)", "64:1 quarter=80 (q=80)", "64:2 quarter=80 (q=80)"]	["0:0 79.9998 [mark]", "0:0.5 94.9998 [mark]", "15:3 90 [mark]", "27:2 85.0002 [mark]", "28:0 90 [mark]", "44:0 85.0002 [mark]", "45:0 90 [mark]", "60:2 85.9998 [mark]", "61:0 90 [mark]", "63:0 85.0002 [mark]", "64:1 94.9998 [mark]", "64:2 75 [mark]"]	79.9998	["15:3: 90", "28:0: 90", "45:0: 90", "61:0: 90", "64:1: 94.9998"]	80	true	sound contradicts the mark beyond R	mark+sound	verbatim copy
song.beautiful.hungarian-sonata	MT	none		["0:0 quarter=65 (q=65)", "46:0.75 quarter=50 (q=50)", "47:0 quarter=45 (q=45)"]	["0:0 64.9998 [mark]", "46:0.75 50 [mark]", "47:0 45 [mark]"]	64.9998		65	true	agrees	mark+sound	verbatim copy
song.beautiful.mariage-damour	MT	none		["44:4.5 quarter=10 (q=10)", "45:0 quarter=75 (q=75)", "80:3.5 quarter=30 (q=30)", "81:0 quarter=75 (q=75)"]	["0:0 75 [Andante]", "44:4.5 10 [mark]", "45:0 75 [mark]", "80:3.5 30 [mark]", "81:0 75 [mark]"]	75		75	true	agrees	mark+sound / sound	verbatim copy
song.beautiful.mariage-damour.alt	MT	none		["0:0 quarter=80 (q=80)", "10:0.25 quarter=75 (q=75)", "10:0.75 quarter=70 (q=70)", "10:1.25 quarter=65 (q=65)", "10:1.75 quarter=60 (q=60)", "11:0 quarter=80 (q=80)", "35:2 quarter=75 (q=75)", "35:2.5 quarter=70 (q=70)", "35:3.5 quarter=65 (q=65)", "36:0.5 quarter=55 (q=55)", "37:0 quarter=80 (q=80)", "80:2 quarter=70 (q=70)", "80:3.25 quarter=60 (q=60)", "80:2.75 quarter=65 (q=65)"]	["0:0 79.9998 [mark]", "10:0.25 75 [mark]", "10:0.75 70.0002 [mark]", "10:1.25 64.9998 [mark]", "10:1.75 60 [mark]", "11:0 79.9998 [mark]", "35:2 75 [mark]", "35:2.5 70.0002 [mark]", "35:3.5 64.9998 [mark]", "36:0.5 55 [mark]", "37:0 79.9998 [mark]", "80:2 70.0002 [mark]", "80:3.25 60 [mark]", "80:2.75 64.9998 [mark]"]	79.9998		80	true	agrees	mark+sound	verbatim copy
song.beautiful.mariage-damour.alt2	MT	none		["0:0 quarter=90 (q=90)", "27:2 quarter=85 (q=85)", "28:0 quarter=90 (q=90)"]	["0:0 90 [mark]", "27:2 85.0002 [mark]", "28:0 90 [mark]"]	90		90	true	agrees	mark+sound	verbatim copy
song.classical.bach-air-on-g-string	MT	none		["0:0 quarter=66 (q=66)"]	["0:0 66 [Adagio] [mark]"]	66		66	true	agrees	mark+sound	verbatim copy
song.classical.bach-toccata-fugue-bwv565	MT	none		["0:0.25 quarter=10 (q=10)", "0:0.5 quarter=40 (q=40)", "0:1.125 quarter=10 (q=10)", "0:2.125 quarter=60 (q=60)", "0:2.375 quarter=10 (q=10)", "0:2.625 quarter=40 (q=40)", "0:3.5 quarter=10 (q=10)", "1:0 quarter=60 (q=60)", "1:0.25 quarter=10 (q=10)", "1:0.5 quarter=40 (q=40)", "1:1.125 quarter=10 (q=10)", "1:4 quarter=48 (q=48)", "2:1 quarter=36 (q=36)", "2:2 quarter=82 (q=82)", "2:4 quarter=10 (q=10)", "4:1.5 quarter=48 (q=48)", "4:2 quarter=82 (q=82)", "6:1.5 quarter=48 (q=48)", "6:2 quarter=82 (q=82)", "10:3.75 quarter=36 (q=36)", "15:0 quarter=72 (q=72)", "15:2.5 quarter=60 (q=60)", "16:0 quarter=72 (q=72)", "16:2.5 quarter=60 (q=60)", "17:1 quarter=72 (q=72)", "18:0.875 quarter=60 (q=60)", "18:1.25 quarter=20 (q=20)", "18:1.5 quarter=60 (q=60)", "18:3.5 quarter=72 (q=72)", "19:1.5 quarter=60 (q=60)", "20:0.75 quarter=72 (q=72)", "20:1.75 quarter=20 (q=20)", "20:2 quarter=72 (q=72)", "21:0 quarter=48 (q=48)", "25:0.5 quarter=78 (q=78)", "25:2.5 quarter=72 (q=72)", "26:0.5 quarter=66 (q=66)", "125:0.5 quarter=82 (q=82)", "125:2.5 quarter=72 (q=72)", "126:0 quarter=36 (q=36)", "128:3.125 quarter=60 (q=60)", "128:3.625 quarter=36 (q=36)", "130:0 quarter=48 (q=48)", "135:1.625 quarter=66 (q=66)", "135:2.125 quarter=60 (q=60)", "135:2.5 quarter=44 (q=44)", "139:0.5 quarter=66 (q=66)", "139:2.5 quarter=60 (q=60)", "139:4 quarter=66 (q=66)"]	["0:0 60 [Adagio]", "0:0.25 20 [mark]", "0:0.5 40 [mark]", "0:1.125 36 [mark]", "0:2.125 60 [mark]", "0:2.375 20 [mark]", "0:2.625 40 [mark]", "0:3.5 36 [mark]", "1:0 60 [mark]", "1:0.25 20 [mark]", "1:0.5 40 [mark]", "1:1.125 36 [mark]", "1:4 48 [mark]", "2:1 36 [mark]", "2:2 82 [mark]", "2:4 20 [mark]", "3:0 82 [Prestissimo]", "4:1.5 48 [mark]", "4:2 82 [mark]", "6:1.5 48 [mark]", "6:2 82 [mark]", "9:3 48 [Lento]", "10:3.75 36 [mark]", "11:1 66 [Allegro]", "15:0 72 [mark]", "15:2.5 60 [mark]", "16:0 72 [mark]", "16:2.5 60 [mark]", "17:1 72 [mark]", "18:0.875 60 [mark]", "18:1.25 20 [mark]", "18:1.5 60 [mark]", "18:3.5 72 [mark]", "18:4 66 [ritard]", "19:1.5 60 [mark]", "20:0.75 72 [mark]", "20:1.75 20 [mark]", "20:2 72 [mark]", "21:0 48 [mark]", "21:2 82 [Prestissimo]", "25:0.5 78 [mark]", "25:2.5 72 [mark]", "26:0.5 66 [mark]", "26:2 60 [Maestoso]", "28:1.75 54 [ritard]", "29:4 92 [Andante]", "125:0.5 82 [mark]", "125:2.5 72 [mark]", "126:0 36 [mark]", "126:2.125 72 [Prestissimo]", "128:3.125 60 [mark]", "128:3.625 36 [mark]", "129:0 60 [Adagiosissimo]", "130:0 48 [mark]", "132:2 72 [Presto]", "135:1.625 66 [mark]", "135:2.125 60 [mark]", "135:2.5 44 [mark]", "136:0 72 [a tempo]", "139:0.5 66 [mark]", "139:2.5 60 [mark]", "139:4 66 [mark]", "140:0 60 [Molto Adagio]"]	60	["0:0.25: 20", "0:1.125: 36", "0:2.375: 20", "0:3.5: 36", "1:0.25: 20", "1:1.125: 36", "2:4: 20"]	60	true	sound contradicts the mark beyond R	mark+sound / sound	verbatim copy
song.classical.bach-wtc1-prelude-1	MT	none			["0:0 72 [Adagio]", "32:2 66 [Adagio]", "32:2.75 48 [Adagio]", "32:3.25 30 [Lento]"]	72		72	true	agrees	sound	verbatim copy
song.classical.bach-wtc1-prelude-2	MT	none		["37:2 quarter=100 (q=100)", "37:2.25 quarter=90 (q=90)", "37:2.5 quarter=70 (q=70)", "37:2.75 quarter=50 (q=50)", "37:3 quarter=25 (q=25)"]	["27:0 145 [Presto]", "33:0 20 [Adagio]", "33:0.625 32 [32]", "33:2.5 20 [20]", "33:2.625 32 [32]", "34:0 120 [Allegro]", "37:2 100 [mark]", "37:2.25 90 [mark]", "37:2.5 70.0002 [mark]", "37:2.75 50 [mark]", "37:3 25 [mark]"]	100		145	false	agrees	mark+sound / sound	verbatim copy
song.classical.beethoven-fur-elise	MT	none			["0:0 72 [Poco moto]", "104:0.75 66 [66]", "104:1 60 [60]", "104:1.25 48 [48]"]	72		72	true	agrees	sound	verbatim copy
song.classical.beethoven-fur-elise.beginner	MT	none			["0:0 53 [Poco moto]"]	53		53	true	agrees	sound	verbatim copy
song.classical.beethoven-fur-elise.easy	MT	none		["0:0 quarter=96 (q=96)"]	["0:0 96 [mark]"]	96		96	true	no tempo (defaulted)	mark+sound	converted: the source states no tempo; convert.py wrote its default (96) as a printed mark and a sound
song.classical.beethoven-moonlight-i	MT	none			["0:0 44 [Adagio sostenuto/Si deve suonare tutto questo pezzo delicatissimamente e senza sordini]"]	44		44	true	agrees	sound	verbatim copy
song.classical.beethoven-moonlight-iii	MT	none			["0:0 164 [Presto agitato]", "13:1 82.0002 [82]", "14:0 164 [164]", "115:1 82.0002 [82]", "116:0 164 [164]", "163:0 144 [144]", "164:1 72 [72]", "165:0 144 [144]", "166:0 88.0002 [88]", "166:1 54 [54]", "167:0 164 [164]", "187:4 144 [144]", "187:8.5 134 [134]", "187:11 124 [124]", "187:14.5 114 [114]", "188:0 72 [adagio]", "190:0 164 [Tempo I]"]	164		164	true	agrees	sound	verbatim copy
song.classical.beethoven-moonlight-iii.alt	MT	none		["0:0 quarter=170 (q=170)"]	["0:0 170 [mark]", "188:0 79.9998 [adagio]", "190:0 170 [tempo 1]"]	170		170	true	agrees	mark+sound / sound	verbatim copy
song.classical.beethoven-ode-to-joy.easy	MT	none		["0:0 quarter=140 (q=140)"]	["0:0 140 [mark]"]	140		140	true	agrees	mark+sound	verbatim copy
song.classical.beethoven-pathetique-ii	MT	none			["0:0 31.5 [Adagio cantabile]"]	31.5		31.5	true	agrees	sound	verbatim copy
song.classical.beethoven-symphony-5-i-piano	MT	none		["1:0 quarter=60 (q=60)", "2:0.5 quarter=164 (q=164)", "4:0 quarter=60 (q=60)", "5:0.5 quarter=164 (q=164)", "20:0 quarter=60 (q=60)", "21:0.5 quarter=164 (q=164)", "23:0 quarter=60 (q=60)", "24:0 quarter=164 (q=164)", "127:0 quarter=60 (q=60)", "128:0.5 quarter=164 (q=164)", "249:0 quarter=60 (q=60)", "250:0.5 quarter=164 (q=164)", "252:0 quarter=60 (q=60)", "253:0.5 quarter=164 (q=164)", "268:0 quarter=60 (q=60)", "268:9 quarter=30 (q=30)", "269:0.5 quarter=164 (q=164)", "480:0 quarter=60 (q=60)", "481:0.5 quarter=164 (q=164)", "483:0 quarter=60 (q=60)", "484:0.5 quarter=164 (q=164)"]	["0:0.5 164 [Allegro con brio]", "1:0 60 [mark]", "2:0.5 164 [mark]", "4:0 60 [mark]", "5:0.5 164 [mark]", "20:0 60 [mark]", "21:0.5 164 [mark]", "23:0 60 [mark]", "24:0 164 [mark]", "127:0 60 [mark]", "128:0.5 164 [mark]", "249:0 60 [mark]", "250:0.5 164 [mark]", "252:0 60 [mark]", "253:0.5 164 [mark]", "268:0 60 [mark]", "268:2 72 [Adagio]", "268:9 30 [mark]", "269:0.5 164 [mark]", "480:0 60 [mark]", "481:0.5 164 [mark]", "483:0 60 [mark]", "484:0.5 164 [mark]"]	164		164	true	agrees	mark+sound / sound	verbatim copy
song.classical.brahms-hungarian-dance-5	MT	none		["0:0 quarter=130 (q=130)", "40:0 quarter=110 (q=110)", "40:1 quarter=80 (q=80)", "42:0.5 quarter=60 (q=60)", "43:0 quarter=50 (q=50)", "43:1.5 quarter=20 (q=20)", "44:0 quarter=130 (q=130)", "48:0 quarter=140 (q=140)", "59:1.5 quarter=40 (q=40)", "60:0 quarter=60 (q=60)", "61:0 quarter=60 (q=60)", "61:1.5 quarter=20 (q=20)", "62:0 quarter=140 (q=140)", "64:0 quarter=60 (q=60)", "65:0 quarter=40 (q=40)", "65:0 quarter=50 (q=50)", "65:1.5 quarter=20 (q=20)", "66:0 quarter=140 (q=140)", "67:1 quarter=20 (q=20)", "67:1 quarter=40 (q=40)", "68:0 quarter=130 (q=130)", "92:0 quarter=100 (q=100)", "92:1 quarter=90 (q=90)", "93:0 quarter=80 (q=80)", "93:1.5 quarter=70 (q=70)", "94:0 quarter=60 (q=60)", "95:1.5 quarter=20 (q=20)", "96:0 quarter=130 (q=130)"]	["0:0 130 [Allegro] [mark]", "40:0 110 [mark]", "40:1 79.9998 [mark]", "42:0.5 60 [mark]", "43:0 50 [mark]", "43:1.5 20 [mark]", "44:0 130 [mark]", "48:0 140 [Vivace] [mark]", "59:1.5 40 [mark]", "60:0 60 [Dolce] [mark]", "61:0 60 [mark]", "61:1.5 20 [mark]", "62:0 140 [Vivace] [mark]", "64:0 60 [Dolce] [mark]", "65:0 40 [mark], 50 [mark]", "65:1.5 20 [mark]", "66:0 140 [Vivace] [mark]", "67:1 20 [mark], 40 [mark]", "68:0 130 [Allegro] [mark]", "92:0 100 [mark]", "92:1 90 [mark]", "93:0 79.9998 [mark]", "93:1.5 70.0002 [mark]", "94:0 60 [mark]", "95:1.5 20 [mark]", "96:0 130 [mark]"]	130	["65:0: 40", "67:1: 20"]	130	true	two sounds at one position	mark+sound	verbatim copy
song.classical.chopin-ballade-1	MT	none			["0:0 68 [Largo.]", "7:0 122 [Moderato.]", "35:1 122 [a tempo]", "67:0 138 [Meno mosso.]", "193:0 120 [Meno mosso.]", "207:0 160 [Presto con fuoco.]"]	68		68	true	agrees	sound	verbatim copy (normalisation failed; copied as it is)
song.classical.chopin-nocturne-20	MT	none			["0:0 58 [Lento con gran espressione]", "41:0 50 [50]", "44:0 72 [Adagio]", "45:0 36 [36]", "46:0 58 [Tempo I]", "61:0 50 [50]", "62:0 45 [45]", "63:0 40 [40]"]	58		58	true	agrees	sound	verbatim copy
song.classical.chopin-nocturne-20.alt	MT	none		["0:0 quarter=65 (q=65)", "33:0 quarter=68 (q=68)", "34:0 quarter=74 (q=74)", "35:1 quarter=79 (q=79)", "36:0 quarter=86 (q=86)", "37:3 quarter=94 (q=94)", "44:0 quarter=60 (q=60)", "44:2.33333 quarter=55 (q=55)", "44:3.33333 quarter=50 (q=50)", "46:0 quarter=65 (q=65)", "52:1 quarter=69 (q=69)", "52:2 quarter=77 (q=77)", "52:2.5 quarter=80 (q=80)", "52:3.16667 quarter=85 (q=85)", "53:0 quarter=69 (q=69)", "57:2 quarter=60 (q=60)", "58:3 quarter=20 (q=20)", "58:4.02083 quarter=55 (q=55)", "59:0 quarter=50 (q=50)", "60:0 quarter=50 (q=50)", "63:2.5 quarter=40 (q=40)", "63:3.5 quarter=30 (q=30)"]	["0:0 64.9998 [mark]", "33:0 67.9998 [mark]", "34:0 73.9998 [mark]", "35:1 79.0002 [mark]", "36:0 85.9998 [mark]", "37:3 94.0002 [mark]", "44:0 60 [mark]", "44:2.33333 55 [mark]", "44:3.33333 50 [mark]", "46:0 64.9998 [mark]", "52:1 69 [mark]", "52:2 76.9998 [mark]", "52:2.5 79.9998 [mark]", "52:3.16667 85.0002 [mark]", "53:0 69 [mark]", "57:2 60 [mark]", "58:3 20 [mark]", "58:4.02083 55 [mark]", "59:0 50 [mark]", "60:0 50 [mark]", "63:2.5 40 [mark]", "63:3.5 30 [mark]"]	64.9998		65	true	agrees	mark+sound	verbatim copy
song.classical.chopin-nocturne-op9-1	MT	none			["0:0 116 [Larghetto]", "23:0 107 [Adagio]", "24:0 102 [Adagio]", "25:0 91.0002 [Adagio]", "25:3 116 [a tempo]", "31:0 107 [a tempo]", "32:0 102 [a tempo]", "33:0 91.0002 [a tempo]", "33:3 116 [a tempo]", "36:0 120 [a tempo]", "37:1 124 [a tempo]", "38:0 120 [a tempo]", "39:0 112 [a tempo]", "40:0 104 [a tempo]", "41:0 91.0002 [a tempo]", "41:3 116 [a tempo]", "44:0 120 [a tempo]", "45:0 124 [a tempo]", "46:0 120 [a tempo]", "47:0 112 [a tempo]", "48:0 104 [a tempo]", "49:0 91.0002 [a tempo]", "49:3 116 [a tempo]", "68:0 110 [a tempo]", "69:0 104 [a tempo]", "70:0 96 [a tempo]", "71:0 116 [a tempo]", "83:5.5 110 [ritenuto]", "84:0 107 [ritenuto]", "85:0 105 [ritenuto]"]	116		116	true	agrees	sound	verbatim copy
song.classical.chopin-nocturne-op9-2	MT	none		["0:0 quarter=60 (q=60)", "33:0 quarter=35 (q=35)", "33:0.5 quarter=40 (q=40)", "33:1 quarter=60 (q=60)", "33:2 quarter=70 (q=70)", "34:0.5 quarter=80 (q=80)", "35:0 quarter=50 (q=50)", "35:1 quarter=35 (q=35)", "35:1.5 quarter=20 (q=20)", "36:0 quarter=60 (q=60)"]	["0:0 60 [mark]", "33:0 35 [mark]", "33:0.5 40 [mark]", "33:1 60 [mark]", "33:2 70.0002 [mark]", "34:0.5 79.9998 [mark]", "35:0 50 [mark]", "35:1 35 [mark]", "35:1.5 20 [mark]", "36:0 60 [mark]"]	60		60	true	agrees	mark+sound	verbatim copy
song.classical.chopin-nocturne-op9-2.easy	MT	none		["0:0 quarter=110 (q=110)"]	["0:0 110 [Andante] [mark]"]	110		110	true	agrees	mark+sound	verbatim copy
song.classical.chopin-prelude-op28-4	MT	none			["0:0 50 [Largo]"]	50		50	true	agrees	sound	verbatim copy
song.classical.chopin-prelude-op28-4.alt	MT	none			["0:0 42 [Largo]", "16:1 44 [stretto]", "16:2 47 [47]", "16:3 49 [49]", "16:3.75 52 [52]", "16:1.5 45 [45]", "16:1.75 46 [46]", "16:4 48 [48], 50 [50]", "17:0 54 [54]", "18:1 51 [51]", "18:1.33333 48 [48]", "18:1.66667 45 [45]", "18:2 42 [42]", "21:0 40 [40]", "21:4 38 [38]", "22:0 36 [36]", "22:3 32 [32]", "22:4 34 [34]", "24:0 28 [28]", "24:2 24 [24]", "25:0 20 [20]"]	42	["16:4: 48"]	42	true	two sounds at one position	sound	verbatim copy
song.classical.chopin-waltz-a-minor	MT	none			["0:0 120 [Allegretto]"]	120		120	true	agrees	sound	verbatim copy
song.classical.chopin-waltz-op64-2	MT	none			["0:0 120 [Tempo giusto]", "33:0 200 [Più mosso]", "47:0 190 [Andante]", "47:1 170 [Moderato]", "47:2 140 [Andante]", "48:0 130 [Maestoso]", "48:2 200 [Tempo II]", "63:0 190 [Prestissimo]", "63:1 170 [Moderato]", "63:2.5 132 [Con moto]", "64:0 120 [Allegretto]", "65:0 135 [Moderato]", "66:0 165 [Più lento]", "93:2 155 [poco ritenuto]", "95:0 132 [Con brio]", "96:0 112 [Moderato]", "97:0 96 [Andante]", "98:0 120 [Allegretto]", "98:0.5 200 [Più mosso]", "112:0 190 [Andante]", "112:1 170 [Moderato]", "112:2 140 [Andante]", "113:0 130 [Maestoso]", "113:2 200 [Tempo II]", "128:0 190 [Andante]", "128:1 170 [Moderato]", "128:2 140 [Andante]", "129:0 130 [Maestoso]", "130:0 120 [Tempo I]", "162:0 200 [Più mosso]", "176:0 190 [Andante]", "176:1 170 [Moderato]", "176:2 140 [Andante]", "177:0 130 [Maestoso]", "177:2 200 [Tempo II]", "192:0 190 [Andante]", "192:1 170 [Moderato]", "192:2 140 [Andante]", "193:0 115 [Maestoso]"]	120		120	true	agrees	sound	verbatim copy
song.classical.debussy-arabesque-1	MT	none			["0:0 120 [Andantino con moto]", "4:3 78 [78]", "4:3.33333 67.9998 [68]", "4:3.66667 58 [58]", "4:4 116 [rit.], 97.9998 [98]", "5:0 120 [a tempo]", "12:0 122 [stringendo]", "12:4 124 [124]", "13:0 126 [126]", "13:4 128 [128]", "14:0 130 [130]", "14:2 132 [132]", "15:0 134 [134]", "15:2 130 [rit.]", "15:2.5 122 [122]", "15:3.5 112 [112]", "16:0 120 [a tempo]", "21:2.33333 116 [rit.]", "22:0 112 [112]", "22:2 120 [a tempo]", "23:2.33333 116 [rit.]", "24:0 112 [112]", "24:1 108 [108]", "24:3 104 [104]", "25:0 120 [a tempo]", "28:1 124 [poco mosso]", "30:0 128 [128]", "32:0 132 [132]", "33:1 136 [136]", "34:2 140 [140]", "35:1 136 [136]", "35:2 132 [132]", "35:3 128 [128]", "36:0 120 [120]", "38:0 112 [tempo rubato (un peu moins vite)]", "46:0 142 [mosso]", "49:2 134 [rit.]", "49:2.5 128 [128]", "49:3 112 [112]", "49:3.5 96 [96]", "50:0 142 [mosso]", "54:0 112 [a tempo]", "62:0 126 [risoluto]", "66:0 124 [rit.]", "67:0 122 [122]", "68:0 122 [122]", "68:1 120 [120]", "68:3 112 [112]", "69:0 106 [106]", "69:0.333333 100 [100]", "69:0.666667 94.0002 [94]", "69:2 88.0002 [88]", "70:0 120 [tempo primo]", "74:3 78 [78]", "74:3.33333 67.9998 [68]", "74:3.66667 58 [58]", "74:4 116 [rit.], 97.9998 [98]", "75:0 120 [a tempo]", "83:0 122 [stringendo]", "83:4 124 [124]", "84:0 126 [126]", "84:2 128 [128]", "85:0 130 [130]", "85:2 128 [rit.]", "85:2.5 122 [122]", "85:3.5 112 [112]", "86:0 120 [a tempo]", "104:0 118 [118]", "104:2 116 [116]", "104:3 112 [112]", "104:3.66667 108 [108]", "105:0 100 [100]", "105:1 88.0002 [88]", "105:3 72 [72]"]	120	["4:4: 116", "74:4: 116"]	120	true	two sounds at one position	sound	verbatim copy
song.classical.debussy-clair-de-lune	MT	none			["0:0 48 [Andante très expressif]", "4:0 49 [49]", "6:0 50 [50]", "8:0 51 [51]", "10:0 52 [52]", "12:0 53 [53]", "13:0 54 [54]", "14:0 57 [Tempo rubato]", "14:0.75 54 [54]", "14:3 57 [57]", "15:0 60 [60]", "15:1.5 57 [57]", "15:2.25 54 [54]", "16:0 57 [57]", "16:0.75 54 [54]", "16:3 57 [57]", "17:0 60 [60]", "17:1.5 57 [57]", "17:2.25 54 [54]", "18:0 57 [57]", "19:0 60 [60]", "20:0 63 [63]", "21:0 66 [66]", "22:0 69 [69]", "23:0 72 [72]", "24:0 70.0002 [70]", "24:3 66 [66]", "25:0 63 [63]", "25:3 60 [60]", "25:4.50208 57 [57], 42 [42], 24 [24], 18 [18]", "26:0 96 [Un poco mosso]", "36:0 102 [En animant]", "50:0 79.9998 [a Tempo I]", "65:0 96 [/morendo jusqu'à la fin]", "65:4.5 93 [93], 90 [90]", "66:0 87 [87]", "66:1.5 84 [84]", "66:3 81 [81]", "67:0 78 [78]", "67:4.5 75 [75], 72 [72]", "68:0 69 [69]", "68:1.5 66 [66]", "68:3 63 [63]", "69:0 60 [60]", "69:1.5 57 [57]", "69:3 54 [54]", "70:0 51 [51]", "70:3 45 [45], 48 [48]", "71:0 42 [42]"]	48	["25:4.50208: 57", "65:4.5: 93", "67:4.5: 75", "70:3: 45"]	48	true	two sounds at one position	sound	verbatim copy
song.classical.debussy-clair-de-lune.alt	MT	none		["0:0 quarter.=50 (q=75)", "18:0 quarter.=58 (q=87)", "19:0 quarter.=50 (q=75)", "20:0 quarter.=58 (q=87)", "23:0 quarter.=48 (q=72)", "23:3 quarter.=45 (q=67.5)", "26:0 quarter.=55 (q=82.5)", "41:1.5 quarter.=53 (q=79.5)", "41:3.5 quarter.=50 (q=75)", "42:0 quarter.=48 (q=72)", "50:0 quarter.=50 (q=75)"]	["0:0 75 [Andante espressivo] [mark]", "18:0 87 [mark]", "19:0 75 [mark]", "20:0 87 [mark]", "23:0 72 [mark]", "23:3 67.5 [mark]", "26:0 82.5 [mark]", "41:1.5 79.5 [mark]", "41:3.5 75 [mark]", "42:0 72 [mark]", "50:0 75 [mark]"]	75		75	true	agrees	mark+sound	verbatim copy
song.classical.handel-halvorsen-passacaglia	MT	none		["0:0 quarter=130 (q=130)"]	["0:0 130 [mark]"]	130		130	true	agrees	mark+sound	verbatim copy
song.classical.liszt-la-campanella	MT	none		["0:0 eighth=194 (q=97)", "2:0.5 eighth=176 (q=88)", "2:1.5 eighth=164 (q=82)", "2:2 eighth=158 (q=79)", "2:2.5 eighth=128 (q=64)", "3:0.5 eighth=188 (q=94)", "4:0.5 eighth=194 (q=97)", "11:0 eighth=197 (q=98.5)", "12:1.5 eighth=188 (q=94)", "12:2 eighth=176 (q=88)", "12:2.5 eighth=164 (q=82)", "12:2.75 eighth=158 (q=79)", "13:0 eighth=170 (q=85)", "13:0.25 eighth=188 (q=94)", "13:0.5 eighth=197 (q=98.5)", "13:2.75 eighth=158 (q=79)", "14:0 eighth=170 (q=85)", "14:0.25 eighth=188 (q=94)", "14:0.5 eighth=197 (q=98.5)", "17:2.75 eighth=158 (q=79)", "18:0 eighth=197 (q=98.5)", "19:0 eighth=200 (q=100)", "21:1 eighth=176 (q=88)", "21:1.25 eighth=182 (q=91)", "21:1.5 eighth=194 (q=97)", "21:1.75 eighth=200 (q=100)", "22:1.25 eighth=176 (q=88)", "22:1.5 eighth=200 (q=100)", "22:2.75 eighth=176 (q=88)", "23:0 eighth=200 (q=100)", "23:0.75 eighth=176 (q=88)", "23:1 eighth=182 (q=91)", "23:1.25 eighth=194 (q=97)", "23:1.5 eighth=200 (q=100)", "24:1.25 eighth=176 (q=88)", "24:1.5 eighth=200 (q=100)", "24:2.75 eighth=176 (q=88)", "25:0 eighth=200 (q=100)", "25:0.75 eighth=176 (q=88)", "25:1 eighth=188 (q=94)", "25:1.25 eighth=194 (q=97)", "25:1.5 eighth=200 (q=100)", "26:1.25 eighth=176 (q=88)", "26:1.5 eighth=200 (q=100)", "26:2.75 eighth=188 (q=94)", "27:0 eighth=200 (q=100)", "27:0.5 eighth=188 (q=94)", "27:1 eighth=200 (q=100)", "27:2 eighth=188 (q=94)", "27:2.5 eighth=200 (q=100)", "28:0.5 eighth=194 (q=97)", "28:1 eighth=200 (q=100)", "28:2 eighth=194 (q=97)", "28:2.5 eighth=200 (q=100)", "29:0 eighth=194 (q=97)", "29:0.5 eighth=200 (q=100)", "34:1.5 eighth=206 (q=103)", "36:1.5 eighth=212 (q=106)", "37:0 eighth=215 (q=107.5)", "37:0.25 eighth=180 (q=90)", "37:0.5 eighth=206 (q=103)", "37:1 eighth=216 (q=108)", "41:0 eighth=206 (q=103)", "42:1 eighth=194 (q=97)", "46:1.5 eighth=197 (q=98.5)", "49:0 eighth=200 (q=100)", "49:1.5 eighth=194 (q=97)", "49:2.5 eighth=188 (q=94)", "50:1 eighth=152 (q=76)", "50:1.5 eighth=170 (q=85)", "50:2 eighth=188 (q=94)", "50:2.5 eighth=194 (q=97)", "51:0.5 eighth=195 (q=97.5)", "51:1 eighth=196 (q=98)", "51:1.5 eighth=197 (q=98.5)", "51:2 eighth=198 (q=99)", "51:2.5 eighth=199 (q=99.5)", "52:0 eighth=200 (q=100)", "59:0 eighth=194 (q=97)", "62:0 eighth=182 (q=91)", "62:0.375 eighth=100 (q=50)", "62:0.5 eighth=128 (q=64)", "62:0.625 eighth=140 (q=70)", "62:0.75 eighth=158 (q=79)", "62:1 eighth=170 (q=85)", "62:1.5 eighth=176 (q=88)", "62:2 eighth=182 (q=91)", "63:0 eighth=176 (q=88)", "63:1 eighth=200 (q=100)", "64:0 eighth=182 (q=91)", "64:0.375 eighth=110 (q=55)", "64:0.5 eighth=158 (q=79)", "64:1 eighth=170 (q=85)", "64:1.5 eighth=176 (q=88)", "64:2 eighth=179 (q=89.5)", "65:0 eighth=170 (q=85)", "65:1 eighth=200 (q=100)", "66:0 eighth=182 (q=91)", "66:0.375 eighth=128 (q=64)", "66:0.5 eighth=158 (q=79)", "66:1 eighth=170 (q=85)", "66:1.5 eighth=176 (q=88)", "66:2 eighth=170 (q=85)", "66:2.16667 eighth=167 (q=83.5)", "66:2.33333 eighth=164 (q=82)", "66:2.5 eighth=161 (q=80.5)", "66:2.66667 eighth=158 (q=79)", "67:0.25 eighth=164 (q=82)", "67:0.5 eighth=176 (q=88)", "67:1.5 eighth=182 (q=91)", "67:2.5 eighth=179 (q=89.5)", "68:0.5 eighth=185 (q=92.5)", "68:1 eighth=182 (q=91)", "69:0.1 eighth=179 (q=89.5)", "69:0.5 eighth=176 (q=88)", "70:0 eighth=179 (q=89.5)", "70:2 eighth=172 (q=86)", "71:0 eighth=164 (q=82)", "71:0.75 eighth=100 (q=50)", "71:1 eighth=164 (q=82)", "71:2 eighth=176 (q=88)", "72:0 eighth=179 (q=89.5)", "72:2 eighth=172 (q=86)", "73:0 eighth=164 (q=82)", "73:0.75 eighth=110 (q=55)", "73:1 eighth=164 (q=82)", "73:2 eighth=179 (q=89.5)", "74:0 eighth=182 (q=91)", "74:1 eighth=170 (q=85)", "74:1.5 eighth=182 (q=91)", "76:0 eighth=164 (q=82)", "76:1 eighth=161 (q=80.5)", "76:1.5 eighth=167 (q=83.5)", "77:0 eighth=170 (q=85)", "77:0.5 eighth=167 (q=83.5)", "78:1.5 eighth=197 (q=98.5)", "78:2 eighth=203 (q=101.5)", "85:0 eighth=212 (q=106)", "86:0 quarter=116 (q=116)", "86:3 eighth=116 (q=58)", "86:3.375 eighth=113 (q=56.5)", "86:3.75 eighth=110 (q=55)", "86:4.125 eighth=107 (q=53.5)", "86:4.5 eighth=104 (q=52)", "86:4.875 eighth=100 (q=50)", "86:5.25 eighth=97 (q=48.5)", "86:5.625 eighth=94 (q=47)", "87:0 eighth=164 (q=82)", "87:1 eighth=152 (q=76)", "91:0 eighth=146 (q=73)", "91:1.5 eighth=158 (q=79)", "91:2.5 eighth=161 (q=80.5)", "92:0 eighth=164 (q=82)", "92:1.5 eighth=170 (q=85)", "94:1.5 eighth=158 (q=79)", "95:0 eighth=146 (q=73)", "95:1.5 eighth=128 (q=64)", "95:2 eighth=131 (q=65.5)", "95:2.5 eighth=134 (q=67)", "95:2.875 eighth=104 (q=52)", "95:0.5 eighth=116 (q=58)", "96:0 eighth=122 (q=61)", "96:0.5 eighth=140 (q=70)", "96:2 eighth=143 (q=71.5)", "97:0 eighth=146 (q=73)", "97:1.5 eighth=149 (q=74.5)", "98:0 eighth=152 (q=76)", "99:0 eighth=146 (q=73)", "99:0.5 eighth=152 (q=76)", "99:1 eighth=140 (q=70)", "99:2 eighth=128 (q=64)", "99:2.5 eighth=104 (q=52)", "99:2.875 eighth=72 (q=36)", "100:0 eighth=86 (q=43)", "100:0.375 eighth=72 (q=36)", "100:0.5 eighth=122 (q=61)", "100:1.5 eighth=146 (q=73)", "101:0 eighth=158 (q=79)", "101:1.5 eighth=164 (q=82)", "102:0 eighth=134 (q=67)", "102:0.5 eighth=164 (q=82)", "102:1 eighth=194 (q=97)", "102:1.5 eighth=212 (q=106)", "103:0 eighth=224 (q=112)", "103:0.75 eighth=230 (q=115)", "103:1.5 eighth=212 (q=106)", "104:0 eighth=158 (q=79)", "104:0.125 eighth=200 (q=100)", "104:0.375 eighth=212 (q=106)", "104:1.125 eighth=209 (q=104.5)", "104:1.5 eighth=200 (q=100)", "105:0 eighth=236 (q=118)", "105:0.25 eighth=242 (q=121)", "106:0 eighth=248 (q=124)", "107:0.5 eighth=257 (q=128.5)", "107:1.25 eighth=194 (q=97)", "107:1.75 eighth=251 (q=125.5)", "107:0.25 eighth=112 (q=56)", "108:0 eighth=251 (q=125.5)", "109:0.5 eighth=257 (q=128.5)", "109:1.25 eighth=200 (q=100)", "109:1.75 eighth=251 (q=125.5)", "109:0.25 eighth=112 (q=56)", "110:0 eighth=254 (q=127)", "110:2.75 eighth=212 (q=106)", "111:0 eighth=257 (q=128.5)", "111:1.5 eighth=260 (q=130)", "112:0 eighth=263 (q=131.5)", "112:1.5 eighth=266 (q=133)", "112:2.5 eighth=269 (q=134.5)", "113:0 eighth=248 (q=124)", "113:0.5 eighth=242 (q=121)", "113:2 eighth=278 (q=139)", "114:0 eighth=224 (q=112)", "114:0.5 eighth=254 (q=127)", "115:0 eighth=230 (q=115)", "115:0.5 eighth=236 (q=118)", "115:2 eighth=278 (q=139)", "116:0 eighth=224 (q=112)", "116:0.5 eighth=254 (q=127)", "117:0 eighth=230 (q=115)", "117:0.5 eighth=236 (q=118)", "117:2 eighth=278 (q=139)", "118:0 eighth=224 (q=112)", "118:0.5 eighth=248 (q=124)", "118:1.5 eighth=254 (q=127)", "119:0 eighth=176 (q=88)", "119:0.5 eighth=194 (q=97)", "119:1.5 eighth=218 (q=109)", "119:2 eighth=254 (q=127)", "119:2.5 eighth=266 (q=133)", "120:0 eighth=188 (q=94)", "120:1.5 eighth=206 (q=103)", "121:0 eighth=230 (q=115)", "121:1.5 eighth=242 (q=121)", "122:0 eighth=251 (q=125.5)", "122:1.5 eighth=260 (q=130)", "123:0 eighth=266 (q=133)", "124:0 eighth=260 (q=130)", "124:1.5 eighth=300 (q=150)", "124:2.5 eighth=312 (q=156)", "126:1.5 eighth=300 (q=150)", "126:2 eighth=270 (q=135)", "127:1 eighth=282 (q=141)", "129:0 eighth=263 (q=131.5)", "130:1 eighth=242 (q=121)", "131:0 eighth=248 (q=124)", "131:1.5 eighth=249 (q=124.5)", "132:0 eighth=250 (q=125)", "132:1.5 eighth=251 (q=125.5)", "133:0 eighth=252 (q=126)", "134:1.5 eighth=253 (q=126.5)", "135:0 eighth=254 (q=127)", "137:0 eighth=244 (q=122)", "137:0.5 eighth=250 (q=125)", "137:1 eighth=254 (q=127)", "138:0 eighth=250 (q=125)", "138:0.75 eighth=244 (q=122)", "138:1.5 eighth=232 (q=116)", "138:1.75 eighth=220 (q=110)", "138:2 eighth=200 (q=100)", "138:2.5 eighth=180 (q=90)", "138:2.75 eighth=90 (q=45)", "139:0 eighth=200 (q=100)", "139:1 eighth=188 (q=94)", "139:1.5 eighth=238 (q=119)", "139:2 eighth=244 (q=122)", "139:2.5 eighth=254 (q=127)", "140:0.5 eighth=257 (q=128.5)", "143:1 eighth=260 (q=130)", "144:0.5 eighth=248 (q=124)", "144:1 eighth=254 (q=127)", "144:1.5 eighth=260 (q=130)", "145:0.5 eighth=248 (q=124)", "145:1 eighth=254 (q=127)", "145:1.5 eighth=294 (q=147)", "145:2.5 eighth=248 (q=124)", "146:0 eighth=303 (q=151.5)", "146:1 eighth=248 (q=124)", "146:1.5 eighth=303 (q=151.5)", "146:2 eighth=176 (q=88)", "146:2.5 eighth=215 (q=107.5)", "147:0.5 eighth=206 (q=103)", "147:1.5 eighth=254 (q=127)", "148:0 eighth=248 (q=124)", "149:0 eighth=168 (q=84)"]	["0:0 97 [mark]", "2:0.5 88 [mark]", "2:1.5 82 [mark]", "2:2 79 [mark]", "2:2.5 64 [mark]", "3:0.5 94 [mark]", "4:0.5 97 [mark]", "11:0 98.5 [mark]", "12:1.5 94 [mark]", "12:2 88 [mark]", "12:2.5 82 [mark]", "12:2.75 79 [mark]", "13:0 85 [mark]", "13:0.25 94 [mark]", "13:0.5 98.5 [mark]", "13:2.75 79 [mark]", "14:0 85 [mark]", "14:0.25 94 [mark]", "14:0.5 98.5 [mark]", "17:2.75 79 [mark]", "18:0 98.5 [mark]", "19:0 100 [mark]", "21:1 88 [mark]", "21:1.25 91 [mark]", "21:1.5 97 [mark]", "21:1.75 100 [mark]", "22:1.25 88 [mark]", "22:1.5 100 [mark]", "22:2.75 88 [mark]", "23:0 100 [mark]", "23:0.75 88 [mark]", "23:1 91 [mark]", "23:1.25 97 [mark]", "23:1.5 100 [mark]", "24:1.25 88 [mark]", "24:1.5 100 [mark]", "24:2.75 88 [mark]", "25:0 100 [mark]", "25:0.75 88 [mark]", "25:1 94 [mark]", "25:1.25 97 [mark]", "25:1.5 100 [mark]", "26:1.25 88 [mark]", "26:1.5 100 [mark]", "26:2.75 94 [mark]", "27:0 100 [mark]", "27:0.5 94 [mark]", "27:1 100 [mark]", "27:2 94 [mark]", "27:2.5 100 [mark]", "28:0.5 97 [mark]", "28:1 100 [mark]", "28:2 97 [mark]", "28:2.5 100 [mark]", "29:0 97 [mark]", "29:0.5 100 [mark]", "34:1.5 103 [mark]", "36:1.5 106 [mark]", "37:0 107.5 [mark]", "37:0.25 90 [mark]", "37:0.5 103 [mark]", "37:1 108 [mark]", "41:0 103 [mark]", "42:1 97 [mark]", "46:1.5 98.5 [mark]", "49:0 100 [mark]", "49:1.5 97 [mark]", "49:2.5 94 [mark]", "50:1 76 [mark]", "50:1.5 85 [mark]", "50:2 94 [mark]", "50:2.5 97 [mark]", "51:0.5 97.5 [mark]", "51:1 98 [mark]", "51:1.5 98.5 [mark]", "51:2 99 [mark]", "51:2.5 99.5 [mark]", "52:0 100 [mark]", "59:0 97 [mark]", "62:0 88 [mark]", "62:0.375 50 [mark]", "62:0.5 64 [mark]", "62:0.625 70 [mark]", "62:0.75 79 [mark]", "62:1 85 [mark]", "62:1.5 88 [mark]", "62:2 91 [mark]", "63:0 88 [mark]", "63:1 100 [mark]", "64:0 88 [mark]", "64:0.375 55 [mark]", "64:0.5 79 [mark]", "64:1 85 [mark]", "64:1.5 88 [mark]", "64:2 89.5 [mark]", "65:0 85 [mark]", "65:1 100 [mark]", "66:0 88 [mark]", "66:0.375 64 [mark]", "66:0.5 79 [mark]", "66:1 85 [mark]", "66:1.5 88 [mark]", "66:2 85 [mark]", "66:2.16667 83.5 [mark]", "66:2.33333 82 [mark]", "66:2.5 80.5 [mark]", "66:2.66667 79 [mark]", "67:0.25 82 [mark]", "67:0.5 88 [mark]", "67:1.5 91 [mark]", "67:2.5 89.5 [mark]", "68:0.5 92.5 [mark]", "68:1 91 [mark]", "69:0.1 89.5 [mark]", "69:0.5 88 [mark]", "70:0 89.5 [mark]", "70:2 86 [mark]", "71:0 82 [mark]", "71:0.75 50 [mark]", "71:1 82 [mark]", "71:2 88 [mark]", "72:0 89.5 [mark]", "72:2 86 [mark]", "73:0 82 [mark]", "73:0.75 55 [mark]", "73:1 82 [mark]", "73:2 89.5 [mark]", "74:0 91 [mark]", "74:1 85 [mark]", "74:1.5 91 [mark]", "76:0 82 [mark]", "76:1 80.5 [mark]", "76:1.5 83.5 [mark]", "77:0 85 [mark]", "77:0.5 83.5 [mark]", "78:1.5 98.5 [mark]", "78:2 101.5 [mark]", "85:0 106 [mark]", "86:0 116 [mark]", "86:3 58 [mark]", "86:3.375 56.5 [mark]", "86:3.75 55 [mark]", "86:4.125 53.5 [mark]", "86:4.5 52 [mark]", "86:4.875 50 [mark]", "86:5.25 48.5 [mark]", "86:5.625 47 [mark]", "87:0 82 [mark]", "87:1 76 [mark]", "91:0 70 [mark]", "91:1.5 79 [mark]", "91:2.5 80.5 [mark]", "92:0 82 [mark]", "92:1.5 85 [mark]", "94:1.5 79 [mark]", "95:0 73 [mark]", "95:1.5 61 [mark]", "95:2 65.5 [mark]", "95:2.5 67 [mark]", "95:2.875 52 [mark]", "95:0.5 58 [mark]", "96:0 58 [mark]", "96:0.5 70 [mark]", "96:2 71.5 [mark]", "97:0 73 [mark]", "97:1.5 74.5 [mark]", "98:0 76 [mark]", "99:0 73 [mark]", "99:0.5 76 [mark]", "99:1 70 [mark]", "99:2 64 [mark]", "99:2.5 52 [mark]", "99:2.875 36 [mark]", "100:0 43 [mark]", "100:0.375 36 [mark]", "100:0.5 61 [mark]", "100:1.5 73 [mark]", "101:0 79 [mark]", "101:1.5 82 [mark]", "102:0 67 [mark]", "102:0.5 82 [mark]", "102:1 97 [mark]", "102:1.5 106 [mark]", "103:0 112 [mark]", "103:0.75 115 [mark]", "103:1.5 106 [mark]", "104:0 79 [mark]", "104:0.125 100 [mark]", "104:0.375 106 [mark]", "104:1.125 104.5 [mark]", "104:1.5 100 [mark]", "105:0 118 [mark]", "105:0.25 121 [mark]", "106:0 124 [mark]", "107:0.5 128.5 [mark]", "107:1.25 97 [mark]", "107:1.75 125.5 [mark]", "107:0.25 56 [mark]", "108:0 125.5 [mark]", "109:0.5 128.5 [mark]", "109:1.25 100 [mark]", "109:1.75 125.5 [mark]", "109:0.25 56 [mark]", "110:0 127 [mark]", "110:2.75 106 [mark]", "111:0 128.5 [mark]", "111:1.5 130 [mark]", "112:0 131.5 [mark]", "112:1.5 133 [mark]", "112:2.5 134.5 [mark]", "113:0 124 [mark]", "113:0.5 121 [mark]", "113:2 139 [mark]", "114:0 112 [mark]", "114:0.5 127 [mark]", "115:0 115 [mark]", "115:0.5 118 [mark]", "115:2 139 [mark]", "116:0 112 [mark]", "116:0.5 127 [mark]", "117:0 115 [mark]", "117:0.5 118 [mark]", "117:2 139 [mark]", "118:0 112 [mark]", "118:0.5 124 [mark]", "118:1.5 127 [mark]", "119:0 88 [mark]", "119:0.5 97 [mark]", "119:1.5 109 [mark]", "119:2 127 [mark]", "119:2.5 133 [mark]", "120:0 94 [mark]", "120:1.5 103 [mark]", "121:0 115 [mark]", "121:1.5 121 [mark]", "122:0 125.5 [mark]", "122:1.5 130 [mark]", "123:0 133 [mark]", "124:0 130 [mark]", "124:1.5 150 [mark]", "124:2.5 156 [mark]", "126:1.5 150 [mark]", "126:2 135 [mark]", "127:1 141 [mark]", "129:0 131.5 [mark]", "130:1 121 [mark]", "131:0 124 [mark]", "131:1.5 124.5 [mark]", "132:0 125 [mark]", "132:1.5 125.5 [mark]", "133:0 126 [mark]", "134:1.5 126.5 [mark]", "135:0 127 [mark]", "137:0 122 [mark]", "137:0.5 125 [mark]", "137:1 127 [mark]", "138:0 125 [mark]", "138:0.75 122 [mark]", "138:1.5 116 [mark]", "138:1.75 110 [mark]", "138:2 100 [mark]", "138:2.5 90 [mark]", "138:2.75 45 [mark]", "139:0 100 [mark]", "139:1 94 [mark]", "139:1.5 119 [mark]", "139:2 122 [mark]", "139:2.5 127 [mark]", "140:0.5 128.5 [mark]", "143:1 130 [mark]", "144:0.5 124 [mark]", "144:1 127 [mark]", "144:1.5 130 [mark]", "145:0.5 124 [mark]", "145:1 127 [mark]", "145:1.5 147 [mark]", "145:2.5 124 [mark]", "146:0 151.5 [mark]", "146:1 124 [mark]", "146:1.5 151.5 [mark]", "146:2 88 [mark]", "146:2.5 107.5 [mark]", "147:0.5 103 [mark]", "147:1.5 127 [mark]", "148:0 124 [mark]", "149:0 84 [mark]"]	97		97	true	agrees	mark+sound	verbatim copy
song.classical.liszt-liebestraum-3	MT	none			["0:0 152 [Poco allegro, con affetto]", "23:0 38 [38]", "23:6 76 [76]", "24:6 152 [152]", "25:1 172 [172]", "26:0 167 [167]", "26:6 162 [162]", "26:12 157 [157]", "26:17 100 [100]", "26:19 50 [50]", "26:20 40 [40]", "27:0 170 [più animato con passione]", "38:0 186 [sempre stringendo]", "60:0 220 [220]", "61:0 240 [240]", "62:0 230 [230]", "62:1 220 [220]", "62:3 210 [210]", "62:6 200 [200]", "62:7.5 180 [180]", "62:8 160 [160]", "62:10 80 [80]", "62:11 40 [40]", "63:0 152 [Tempo primo]", "73:0 148 [148]", "74:0 147 [147]", "75:0 146 [146]", "76:0 145 [145]", "77:0 144 [144]", "79:0 140 [140]", "81:0 130 [130]", "81:4 125 [125]", "83:0 120 [120]", "84:0 115 [115]", "85:0 110 [110]", "86:0 100 [100]", "87:0 50 [50]"]	152		152	true	agrees	sound	verbatim copy
song.classical.mozart-k545-i	MT	none			["0:0 132 [Allegro]"]	132		132	true	agrees	sound	verbatim copy
song.classical.mozart-k545-i.alt	MT	none			["0:0 132 [Allegro]"]	132		132	true	agrees	sound	verbatim copy
song.classical.mozart-lacrimosa	MT	none		["0:0 half=32 (q=64)"]	["0:0 64.0002 [Larghetto] [mark]"]	64.0002		64	true	agrees	mark+sound	verbatim copy
song.classical.mozart-rondo-alla-turca	MT	none			["0:0 120 [Allegretto]"]	120		120	true	agrees	sound	verbatim copy
song.classical.mozart-rondo-alla-turca.fingered	MT	none			["0:0 120 [Allegretto]"]	120		120	true	agrees	sound	verbatim copy
song.classical.mozart-twinkle-variations-k265	MT	none		["0:0 quarter=120 (q=120)", "265:0 quarter=80 (q=80)", "289:0 quarter=120 (q=120)"]	["0:0 120 [mark]", "265:0 79.9998 [mark]", "289:0 120 [mark]"]	120		120	true	agrees	mark+sound	verbatim copy
song.classical.pachelbel-canon-d	MT	none		["0:0 quarter=100 (q=100)"]	["0:0 100 [mark]"]	100		100	true	agrees	mark+sound	verbatim copy
song.classical.pachelbel-canon-d.easy	MT	none		["0:0 half=50 (q=100)"]	["0:0 100 [mark]"]	100		100	true	agrees	mark+sound	verbatim copy
song.classical.petzold-minuet-g-bwv-anh114	MT	none			["0:0 126 [Allegro]"]	126		126	true	agrees	sound	verbatim copy
song.classical.petzold-minuet-g-bwv-anh114.alt	MT	none		["0:0 quarter=96 (q=96)"]	["0:0 96 [mark]"]	96		96	true	no tempo (defaulted)	mark+sound	converted: the source states no tempo; convert.py wrote its default (96) as a printed mark and a sound
song.classical.rimsky-flight-bumblebee	MT	none			["0:0 144 [Vivace]"]	144		144	true	agrees	sound	verbatim copy
song.classical.satie-gnossienne-1	MT	none			["0:0 102 [Lent]"]	102		102	true	agrees	sound	verbatim copy
song.classical.satie-gymnopedie-1	MT	none		["0:0 quarter=ca. 76 (q=76)"]	["0:0 60 [Lent et douloureux] [mark], 76.0002", "0:1 61.9998, 69, 72, 76.0002"]	60	["0:0: 60", "0:1: 61.9998"]	60	true	sound contradicts the mark beyond R	mark+sound / sound	verbatim copy
song.classical.satie-gymnopedie-1.alt	MT	none			["0:0 54 [Lent et douloureux]", "76:0 46 [46]", "77:0 34 [34]"]	54		54	true	agrees	sound	verbatim copy
song.classical.schubert-ave-maria	MT	none		["0:0 quarter=40 (q=40)", "1:3.16667 quarter=35 (q=35)", "1:3.83333 quarter=30 (q=30)", "2:0 quarter=40 (q=40)", "3:3 quarter=35 (q=35)", "4:0 quarter=40 (q=40)", "10:2 quarter=37 (q=37)", "10:3 quarter=40 (q=40)", "11:1 quarter=35 (q=35)", "11:2 quarter=40 (q=40)", "12:0 quarter=40 (q=40)", "14:3 quarter=35 (q=35)", "14:3.83333 quarter=30 (q=30)", "15:0.166667 quarter=35 (q=35)", "15:1.16667 quarter=30 (q=30)", "15:2.16667 quarter=25 (q=25)", "15:3.16667 quarter=20 (q=20)"]	["0:0 40 [mark]", "1:3.16667 35 [mark]", "1:3.83333 30 [mark]", "2:0 40 [mark]", "3:3 35 [mark]", "4:0 40 [mark]", "10:2 37 [mark]", "10:3 40 [mark]", "11:1 35 [mark]", "11:2 40 [mark]", "12:0 40 [mark]", "14:3 35 [mark]", "14:3.83333 30 [mark]", "15:0.166667 35 [mark]", "15:1.16667 30 [mark]", "15:2.16667 25 [mark]", "15:3.16667 20 [mark]"]	40		40	true	agrees	mark+sound	verbatim copy
song.classical.schubert-liszt-standchen	MT	none		["0:0 quarter=58 (q=58)"]	["0:0 58 [mark]"]	58		58	true	agrees	mark+sound	converted (2 separate parts): sounds 1->1, marks 1->1
song.classical.tchaikovsky-sugar-plum	MT	none		["0:0 quarter=70 (q=70)"]	["0:0 70.0002 [mark]"]	70.0002		70	true	agrees	mark+sound	verbatim copy
song.classical.tchaikovsky-swan-lake	MT	none		["0:0 quarter=100 (q=100)"]	["0:0 100 [mark]"]	100		100	true	agrees	mark+sound	verbatim copy
song.classical.tchaikovsky-waltz-flowers	MT	none		["0:0 half.=61 (q=183)"]	["0:0 183 [mark]"]	183		183	true	agrees	mark+sound	verbatim copy
song.folk.bella-ciao	MT	none		["0:0 quarter=96 (q=96)"]	["0:0 96 [mark]"]	96		96	true	no tempo (defaulted)	mark+sound	converted: the source states no tempo; convert.py wrote its default (96) as a printed mark and a sound
song.folk.greensleeves	MT	none		["0:0 quarter=120 (q=120)"]	["0:0 120 [mark]"]	120		120	true	agrees	mark+sound	verbatim copy
song.folk.happy-birthday	MT	none		["0:0 quarter=96 (q=96)"]	["0:0 96 [mark]"]	96		96	true	no tempo (defaulted)	mark+sound	converted: the source states no tempo; convert.py wrote its default (96) as a printed mark and a sound
song.folk.happy-birthday.alt	MT	none		["0:0 quarter=96 (q=96)"]	["0:0 96 [mark]"]	96		96	true	no tempo (defaulted)	mark+sound	converted: the source states no tempo; convert.py wrote its default (96) as a printed mark and a sound
song.holiday.carol-of-the-bells	MT	none		["0:0 quarter=180 (q=180)", "60:0 quarter=170 (q=170)", "60:0.5 quarter=160 (q=160)", "60:1 quarter=150 (q=150)"]	["0:0 180 [mark]", "60:0 170 [mark]", "60:0.5 160 [mark]", "60:1 150 [mark]"]	180		180	true	agrees	mark+sound	verbatim copy
song.holiday.carol-of-the-bells.easy	MT	none		["0:0 quarter=96 (q=96)"]	["0:0 96 [mark]"]	96		96	true	no tempo (defaulted)	mark+sound	converted: the source states no tempo; convert.py wrote its default (96) as a printed mark and a sound
song.ragtime.joplin-entertainer	MT	none			["0:0 70.0002"]	70.0002		70	true	agrees	sound	converted (2 separate parts): sounds 1->1, marks 0->0
song.ragtime.joplin-entertainer.alt	MT	none			["0:0 60 [Not  fast.]"]	60		60	true	agrees	sound	verbatim copy
song.ragtime.joplin-maple-leaf-rag	MT	none		["0:0 quarter=100 (q=100)", "1:0.25 quarter=100 (q=100)", "51:0 quarter=100 (q=100)", "51:0 quarter=100 (q=100)"]	["0:0 100 [mark]", "1:0.25 120 [Tempo Di Marcia], 100 [mark]", "51:0 120 [TRIO], 100 [mark], 100 [mark]"]	100	["1:0.25: 120", "51:0: 120"]	100	true	sound contradicts the mark beyond R	mark+sound	verbatim copy
song.classical.chopin-ballade-2.nifc	kern	none	["OMD@11: Andantino.", "LO:TX@331: Presto con fuoco.", "LO:TX@862: Tempo primo.", "LO:TX@1104: Tempo primo.", "LO:TX@1298: Presto con fuoco", "LO:TX@2245: Tempo Primo."]	["0:0 quarter=96 (q=96)"]	["0:0 96 [mark]"]	96				no tempo (defaulted)	mark+sound	the .krn states no *MM; convert.py wrote its default (96) as a printed mark and a sound
song.classical.chopin-ballade-3.nifc	kern	none	["OMD@11: Allegretto."]	["0:0 quarter=96 (q=96)"]	["0:0 96 [mark]"]	96				no tempo (defaulted)	mark+sound	the .krn states no *MM; convert.py wrote its default (96) as a printed mark and a sound
song.classical.chopin-ballade-4.nifc	kern	none	["OMD@10: Andante con moto.", "LO:TX@1220: in tempo.", "LO:TX@1381: a tempo.", "LO:TX@2026: a tempo.", "LO:TX@2698: in tempo."]	["0:0 quarter=96 (q=96)"]	["0:0 96 [mark]"]	96				no tempo (defaulted)	mark+sound	the .krn states no *MM; convert.py wrote its default (96) as a printed mark and a sound
song.classical.chopin-berceuse.nifc	kern	none	["OMD@11: Andante."]	["0:0 quarter=96 (q=96)"]	["0:0 96 [mark]"]	96				no tempo (defaulted)	mark+sound	the .krn states no *MM; convert.py wrote its default (96) as a printed mark and a sound
song.classical.chopin-bolero.nifc	kern	none	["OMD@8: Allegro molto [quarter-dot] = 88.", "LO:TX@363: Più lento [eighth] = 104", "LO:TX@875: [quarter] = 88.", "LO:TX@876: vivace.", "LO:TX@877: ALLEGRO.", "LO:TX@1318: a tempo.", "LO:TX@1382: a tempo.", "LO:TX@2154: a tempo", "LO:TX@2490: a tempo.", "LO:TX@2531: a tempo.", "LO:TX@2672: a tempo."]	["0:0 quarter=96 (q=96)"]	["0:0 96 [mark]"]	96				no tempo (defaulted)	mark+sound	the .krn states no *MM; convert.py wrote its default (96) as a printed mark and a sound
song.classical.chopin-ecossaise-op72-1.nifc	kern	none	["OMD@11: Vivace.", "OMD@12: No. 1.", "OMD@13: [quarter] = 108", "*MM@22: *MM108"]	["0:0 quarter=108 (q=108)"]	["0:0 108 [mark]"]	108		108	true	agrees	mark+sound	plays every *MM (1)
song.classical.chopin-ecossaise-op72-2.nifc	kern	none	["OMD@12: No 2."]	["0:0 quarter=96 (q=96)"]	["0:0 96 [mark]"]	96				no tempo (defaulted)	mark+sound	the .krn states no *MM; convert.py wrote its default (96) as a printed mark and a sound
song.classical.chopin-ecossaise-op72-3.nifc	kern	none	["OMD@11: No 3."]	["0:0 quarter=96 (q=96)"]	["0:0 96 [mark]"]	96				no tempo (defaulted)	mark+sound	the .krn states no *MM; convert.py wrote its default (96) as a printed mark and a sound
song.classical.chopin-etude-op10-1.nifc	kern	none	["OMD@11: Allegro.", "OMD@12: [quarter] = 176.", "*MM@23: *MM176"]	["0:0 quarter=176 (q=176)"]	["0:0 176 [mark]"]	176		176	true	agrees	mark+sound	plays every *MM (1)
song.classical.chopin-etude-op10-10.nifc	kern	none	["OMD@11: [quarter-dot] = 152.", "OMD@12: Vivace assai.", "*MM@20: *MM228", "LO:TX@977: a Tempo"]	["0:0 quarter=228 (q=228)"]	["0:0 228 [mark]"]	228		228	true	agrees	mark+sound	plays every *MM (1)
song.classical.chopin-etude-op10-11.nifc	kern	none	["OMD@11: Allegretto.", "OMD@12: [quarter] = 76.", "*MM@20: *MM76"]	["0:0 quarter=76 (q=76)"]	["0:0 76 [mark]"]	76		76	true	agrees	mark+sound	plays every *MM (1)
song.classical.chopin-etude-op10-12.nifc	kern	none	["OMD@11: All.º con fuoco.", "OMD@12: [quarter]=160.", "*MM@22: *MM160"]	["0:0 quarter=160 (q=160)"]	["0:0 160 [mark]"]	160		160	true	agrees	mark+sound	plays every *MM (1)
song.classical.chopin-etude-op10-2.nifc	kern	none	["OMD@11: [quarter] = 144.", "OMD@12: Allegro.", "*MM@21: *MM144"]	["0:0 quarter=144 (q=144)"]	["0:0 144 [mark]"]	144		144	true	agrees	mark+sound	plays every *MM (1)
song.classical.chopin-etude-op10-4.nifc	kern	none	["OMD@11: Presto.", "OMD@12: [half] = 88.", "*MM@21: *MM176"]	["0:0 quarter=176 (q=176)"]	["0:0 176 [mark]"]	176		176	true	agrees	mark+sound	plays every *MM (1)
song.classical.chopin-etude-op10-5.nifc	kern	none	["OMD@11: Vivace.", "OMD@12: Brillante. [quarter] = 116", "*MM@21: *MM116", "LO:TX@163: a Tempo", "LO:TX@1128: a Tempo"]	["0:0 quarter=116 (q=116)"]	["0:0 116 [mark]"]	116		116	true	agrees	mark+sound	plays every *MM (1)
song.classical.chopin-etude-op10-7.nifc	kern	none	["OMD@11: Vivace.", "OMD@12: M.M. [quarter-dot] = 84", "*MM@21: *MM126"]	["0:0 quarter=126 (q=126)"]	["0:0 126 [mark]"]	126		126	true	agrees	mark+sound	plays every *MM (1)
song.classical.chopin-etude-op10-9.nifc	kern	none	["OMD@11: Allo. molto agitato.", "OMD@12: [quarter-dot]=96.", "*MM@21: *MM144", "LO:TX@156: a Tempo", "LO:TX@660: a Tempo"]	["0:0 quarter=144 (q=144)"]	["0:0 144 [mark]"]	144		144	true	agrees	mark+sound	plays every *MM (1)
song.classical.chopin-etude-op25-1.nifc	kern	none	["OMD@11: Allegro sostenuto.", "OMD@12: (M.M. [quarter] = 104.)", "*MM@22: *MM104"]	["0:0 quarter=104 (q=104)"]	["0:0 104 [mark]"]	104		104	true	agrees	mark+sound	plays every *MM (1)
song.classical.chopin-etude-op25-11.nifc	kern	none	["OMD@11: Lento.", "*MM@21: *MM138", "LO:TX@51: Allegro con brio.( [half note]=69.)"]	["0:0 quarter=138 (q=138)"]	["0:0 138 [mark]"]	138		138	true	agrees	mark+sound	plays every *MM (1)
song.classical.chopin-etude-op25-12.nifc	kern	none	["OMD@11: [half-note] = 80.", "OMD@12: Allegro molto con fuoco.", "*MM@21: *MM160"]	["0:0 quarter=160 (q=160)"]	["0:0 160 [mark]"]	160		160	true	agrees	mark+sound	plays every *MM (1)
song.classical.chopin-etude-op25-2.nifc	kern	none	["OMD@11: [half-note] = 112.", "OMD@12: Presto.", "*MM@21: *MM224"]	["0:0 quarter=224 (q=224)"]	["0:0 224 [mark]"]	224		224	true	agrees	mark+sound	plays every *MM (1)
song.classical.chopin-etude-op25-4.nifc	kern	none	["OMD@11: ([quarter] = 160.)", "OMD@12: Agitato.", "*MM@22: *MM160", "LO:TX@741: lento."]	["0:0 quarter=160 (q=160)"]	["0:0 160 [mark]"]	160		160	true	agrees	mark+sound	plays every *MM (1)
song.classical.chopin-etude-op25-6.nifc	kern	none	["OMD@11: Allegro.", "OMD@12: ([half] = 69.)", "*MM@21: *MM69", "LO:TX@1316: lento."]	["0:0 quarter=69 (q=69)"]	["0:0 69 [mark]"]	69		69	true	agrees	mark+sound	plays every *MM (1)
song.classical.chopin-etude-op25-8.nifc	kern	none	["OMD@11: Vivace molto legato.", "*MM@21: *MM138"]	["0:0 quarter=138 (q=138)"]	["0:0 138 [mark]"]	138		138	true	agrees	mark+sound	plays every *MM (1)
song.classical.chopin-etude-op25-9.nifc	kern	none	["OMD@11: Allegro assai.", "OMD@12: ([quarter] = 112.)", "*MM@20: *MM112"]	["0:0 quarter=112 (q=112)"]	["0:0 112 [mark]"]	112		112	true	agrees	mark+sound	plays every *MM (1)
song.classical.chopin-fantaisie-impromptu.nifc	kern	none	["OMD@11: Allegro agitato.", "OMD@12: M.M. [half note] = 84.", "LO:TX@643: a tempo.", "LO:TX@1059: Largo.", "LO:TX@1092: Moderato cantabile.", "LO:TX@1250: a tempo.", "LO:TX@1913: Presto.", "LO:TX@2493: a tempo."]	["0:0 quarter=96 (q=96)"]	["0:0 96 [mark]"]	96				no tempo (defaulted)	mark+sound	the .krn states no *MM; convert.py wrote its default (96) as a printed mark and a sound
song.classical.chopin-marche-funebre-op72.nifc	kern	none	["OMD@11: Tempo di Marcia.", "OMD@12: [quarter] = 84"]	["0:0 quarter=96 (q=96)"]	["0:0 96 [mark]"]	96				no tempo (defaulted)	mark+sound	the .krn states no *MM; convert.py wrote its default (96) as a printed mark and a sound
song.classical.chopin-mazurka-op17-2.nifc	kern	none	["OMD@11: M.M. [quarter] = 144.", "OMD@12: Lento ma non troppo.", "*MM@20: *MM144", "LO:TX@408: Tempo 1."]	["0:0 quarter=144 (q=144)"]	["0:0 144 [mark]"]	144		144	true	agrees	mark+sound	plays every *MM (1)
song.classical.chopin-mazurka-op17-3.nifc	kern	none	["OMD@11: M.M. [quarter] = 144. Legato assai.", "*MM@19: *MM144", "LO:TX@199: a tempo"]	["0:0 quarter=144 (q=144)"]	["0:0 144 [mark]"]	144		144	true	agrees	mark+sound	plays every *MM (1)
song.classical.chopin-mazurka-op17-4.nifc	kern	none	["OMD@11: Lento ma non troppo.", "OMD@12: M.M. [quarter] = 152.", "*MM@20: *MM152", "LO:TX@378: Tempo 1."]	["0:0 quarter=152 (q=152)"]	["0:0 152 [mark]"]	152		152	true	agrees	mark+sound	plays every *MM (1)
song.classical.chopin-mazurka-op24-1.nifc	kern	none	["OMD@11: M.M. [quarter] = 108.", "OMD@12: LENTO.", "*MM@21: *MM108", "LO:TX@437: a Tempo."]	["0:0 quarter=108 (q=108)"]	["0:0 108 [mark]"]	108		108	true	agrees	mark+sound	plays every *MM (1)
song.classical.chopin-mazurka-op24-2.nifc	kern	none	["OMD@11: M. M. [quarter] = 108.", "OMD@12: ALLEGRO NON TROPPO.", "*MM@20: *MM108", "LO:TX@283: il Tempo", "LO:TX@408: a Tempo.", "LO:TX@601: a Tempo."]	["0:0 quarter=108 (q=108)"]	["0:0 108 [mark]"]	108		108	true	agrees	mark+sound	plays every *MM (1)
song.classical.chopin-mazurka-op24-3.nifc	kern	none	["OMD@11: M.M. [quarter] 126.", "OMD@12: MODERATO CON ANIMA.", "*MM@21: *MM126"]	["0:0 quarter=126 (q=126)"]	["0:0 126 [mark]"]	126		126	true	agrees	mark+sound	plays every *MM (1)
song.classical.chopin-mazurka-op24-4.nifc	kern	none	["OMD@11: M.M. [quarter] 132.", "OMD@12: MODERATO.", "*MM@20: *MM132", "LO:TX@323: a Tempo", "LO:TX@673: a Tempo.", "LO:TX@879: a Tempo."]	["0:0 quarter=132 (q=132)"]	["0:0 132 [mark]"]	132		132	true	agrees	mark+sound	plays every *MM (1)
song.classical.chopin-mazurka-op30-1.nifc	kern	none	["OMD@12: ALLEGRETTO NON TANTO."]	["0:0 quarter=96 (q=96)"]	["0:0 96 [mark]"]	96				no tempo (defaulted)	mark+sound	the .krn states no *MM; convert.py wrote its default (96) as a printed mark and a sound
song.classical.chopin-mazurka-op30-2.nifc	kern	none	["OMD@12: VIVACE."]	["0:0 quarter=96 (q=96)"]	["0:0 96 [mark]"]	96				no tempo (defaulted)	mark+sound	the .krn states no *MM; convert.py wrote its default (96) as a printed mark and a sound
song.classical.chopin-mazurka-op30-3.nifc	kern	none	["OMD@12: ALLEGRO NON TROPPO."]	["0:0 quarter=96 (q=96)"]	["0:0 96 [mark]"]	96				no tempo (defaulted)	mark+sound	the .krn states no *MM; convert.py wrote its default (96) as a printed mark and a sound
song.classical.chopin-mazurka-op30-4.nifc	kern	none	["OMD@12: ALLEGRETTO."]	["0:0 quarter=96 (q=96)"]	["0:0 96 [mark]"]	96				no tempo (defaulted)	mark+sound	the .krn states no *MM; convert.py wrote its default (96) as a printed mark and a sound
song.classical.chopin-mazurka-op33-3.nifc	kern	none	["OMD@11: Semplice."]	["0:0 quarter=96 (q=96)"]	["0:0 96 [mark]"]	96				no tempo (defaulted)	mark+sound	the .krn states no *MM; convert.py wrote its default (96) as a printed mark and a sound
song.classical.chopin-mazurka-op33-4.nifc	kern	none		["0:0 quarter=96 (q=96)"]	["0:0 96 [mark]"]	96				no tempo (defaulted)	mark+sound	the .krn states no *MM; convert.py wrote its default (96) as a printed mark and a sound
song.classical.chopin-mazurka-op41-3.nifc	kern	none	["OMD@12: Animato."]	["0:0 quarter=96 (q=96)"]	["0:0 96 [mark]"]	96				no tempo (defaulted)	mark+sound	the .krn states no *MM; convert.py wrote its default (96) as a printed mark and a sound
song.classical.chopin-mazurka-op41-4.nifc	kern	none	["OMD@12: Allegretto."]	["0:0 quarter=96 (q=96)"]	["0:0 96 [mark]"]	96				no tempo (defaulted)	mark+sound	the .krn states no *MM; convert.py wrote its default (96) as a printed mark and a sound
song.classical.chopin-mazurka-op50-1.nifc	kern	none	["OMD@11: Vivace."]	["0:0 quarter=96 (q=96)"]	["0:0 96 [mark]"]	96				no tempo (defaulted)	mark+sound	the .krn states no *MM; convert.py wrote its default (96) as a printed mark and a sound
song.classical.chopin-mazurka-op50-2.nifc	kern	none	["OMD@12: Allegretto."]	["0:0 quarter=96 (q=96)"]	["0:0 96 [mark]"]	96				no tempo (defaulted)	mark+sound	the .krn states no *MM; convert.py wrote its default (96) as a printed mark and a sound
song.classical.chopin-mazurka-op56-2.nifc	kern	none	["OMD@11: Vivace."]	["0:0 quarter=96 (q=96)"]	["0:0 96 [mark]"]	96				no tempo (defaulted)	mark+sound	the .krn states no *MM; convert.py wrote its default (96) as a printed mark and a sound
song.classical.chopin-mazurka-op59-2.nifc	kern	none	["OMD@11: P I A N O .", "OMD@12: Allegretto.", "LO:TX@818: a Tempo."]	["0:0 quarter=96 (q=96)"]	["0:0 96 [mark]"]	96				no tempo (defaulted)	mark+sound	the .krn states no *MM; convert.py wrote its default (96) as a printed mark and a sound
song.classical.chopin-mazurka-op59-3.nifc	kern	none	["OMD@11: No. 5.", "OMD@12: PIANO.", "OMD@13: Vivace.", "*MM@20: *MM180", "LO:TX@435: in Tempo", "LO:TX@1036: in Tempo.", "LO:TX@1292: a Tempo."]	["0:0 quarter=180 (q=180)"]	["0:0 180 [mark]"]	180		180	true	agrees	mark+sound	plays every *MM (1)
song.classical.chopin-mazurka-op6-1.nifc	kern	none	["OMD@11: M.M. [quarter] = 132.", "*MM@20: *MM132", "LO:TX@544: a Tempo."]	["0:0 quarter=132 (q=132)"]	["0:0 132 [mark]"]	132		132	true	agrees	mark+sound	plays every *MM (1)
song.classical.chopin-mazurka-op6-2.nifc	kern	none	["OMD@11: Metr: M: [quarter] = 63.", "OMD@12: sotto voce.", "*MM@21: *MM63", "LO:TX@228: a Tempo."]	["0:0 quarter=63 (q=63)"]	["0:0 63 [mark]"]	63		63	true	agrees	mark+sound	plays every *MM (1)
song.classical.chopin-mazurka-op63-2.nifc	kern	none	["OMD@11: Lento."]	["0:0 quarter=96 (q=96)"]	["0:0 96 [mark]"]	96				no tempo (defaulted)	mark+sound	the .krn states no *MM; convert.py wrote its default (96) as a printed mark and a sound
song.classical.chopin-mazurka-op63-3.nifc	kern	none	["OMD@11: Allegretto."]	["0:0 quarter=96 (q=96)"]	["0:0 96 [mark]"]	96				no tempo (defaulted)	mark+sound	the .krn states no *MM; convert.py wrote its default (96) as a printed mark and a sound
song.classical.chopin-mazurka-op67-1.nifc	kern	none	["OMD@8: Vivace.", "OMD@9: M.M. [quarter] = 160.", "LO:TX@439: a Tempo."]	["0:0 quarter=96 (q=96)"]	["0:0 96 [mark]"]	96				no tempo (defaulted)	mark+sound	the .krn states no *MM; convert.py wrote its default (96) as a printed mark and a sound
song.classical.chopin-mazurka-op67-3.nifc	kern	none	["OMD@11: M. M. [quarter] = 144.", "OMD@12: Allegretto.", "*MM@21: *MM144", "LO:TX@160: a tempo.", "LO:TX@296: a tempo.", "LO:TX@367: a tempo."]	["0:0 quarter=144 (q=144)"]	["0:0 144 [mark]"]	144		144	true	agrees	mark+sound	plays every *MM (1)
song.classical.chopin-mazurka-op67-4.nifc	kern	none	["OMD@11: M. M. [quarter] = 138.", "OMD@12: Moderato animato.", "*MM@21: *MM138", "LO:TX@85: a tempo.", "LO:TX@219: a tempo.", "LO:TX@353: a tempo.", "LO:TX@495: a tempo."]	["0:0 quarter=138 (q=138)"]	["0:0 138 [mark]"]	138		138	true	agrees	mark+sound	plays every *MM (1)
song.classical.chopin-mazurka-op68-1.nifc	kern	none	["OMD@8: Vivace.", "OMD@9: [quarter]=168.", "*MM@18: *MM168"]	["0:0 quarter=168 (q=168)"]	["0:0 168 [mark]"]	168		168	true	agrees	mark+sound	plays every *MM (1)
song.classical.chopin-mazurka-op68-2.nifc	kern	none	["OMD@8: Lento.", "OMD@9: [quarter]=116.", "*MM@18: *MM116", "LO:TX@201: a tempo.", "LO:TX@416: tempo 1º.", "LO:TX@517: a tempo."]	["0:0 quarter=116 (q=116)"]	["0:0 116 [mark]"]	116		116	true	agrees	mark+sound	plays every *MM (1)
song.classical.chopin-mazurka-op68-3.nifc	kern	none	["OMD@8: Allegro ma non troppo.", "OMD@9: [quarter] = 132.", "LO:TX@322: tempo 1.º"]	["0:0 quarter=96 (q=96)"]	["0:0 96 [mark]"]	96				no tempo (defaulted)	mark+sound	the .krn states no *MM; convert.py wrote its default (96) as a printed mark and a sound
song.classical.chopin-mazurka-op68-4.nifc	kern	none	["OMD@8: Andantino.", "OMD@9: [quarter] = 126."]	["0:0 quarter=96 (q=96)"]	["0:0 96 [mark]"]	96				no tempo (defaulted)	mark+sound	the .krn states no *MM; convert.py wrote its default (96) as a printed mark and a sound
song.classical.chopin-mazurka-op7-1.nifc	kern	none	["OMD@11: Vivace", "OMD@12: M.M. [half-dot] = 50.", "*MM@22: *MM150", "LO:TX@287: a Tempo.", "LO:TX@450: a Tempo."]	["0:0 quarter=150 (q=150)"]	["0:0 150 [mark]"]	150		150	true	agrees	mark+sound	plays every *MM (1)
song.classical.chopin-mazurka-op7-2.nifc	kern	none	["OMD@13: Metr: M: [quarter]=160.", "OMD@14: Vivo ma non troppo.", "*MM@23: *MM160", "LO:TX@113: a Tempo.", "LO:TX@208: a Tempo."]	["0:0 quarter=160 (q=160)"]	["0:0 160 [mark]"]	160		160	true	agrees	mark+sound	plays every *MM (1)
song.classical.chopin-mazurka-op7-3.nifc	kern	none	["OMD@11: M.M. [half-dot] = 54", "*MM@19: *MM162", "LO:TX@639: Tempo 1o."]	["0:0 quarter=162 (q=162)"]	["0:0 162 [mark]"]	162		162	true	agrees	mark+sound	plays every *MM (1)
song.classical.chopin-mazurka-op7-4.nifc	kern	none	["OMD@11: Metr: M: [half-dot] = 76.", "OMD@12: Presto ma non troppo.", "*MM@21: *MM228", "LO:TX@321: a Tempo."]	["0:0 quarter=228 (q=228)"]	["0:0 228 [mark]"]	228		228	true	agrees	mark+sound	plays every *MM (1)
song.classical.chopin-mazurka-op7-5.nifc	kern	none	["OMD@13: VIVO.", "OMD@14: M.M. [half-dot] = 60.", "*MM@22: *MM180"]	["0:0 quarter=180 (q=180)"]	["0:0 180 [mark]"]	180		180	true	agrees	mark+sound	plays every *MM (1)
song.classical.chopin-nocturne-op15-3.nifc	kern	none	["OMD@11: Lento.", "OMD@12: [half-dot] = 60.", "*MM@20: *MM180", "LO:TX@167:  a Tempo.", "LO:TX@328: a Tempo.", "LO:TX@558: a Tempo."]	["0:0 quarter=180 (q=180)"]	["0:0 180 [mark]"]	180		180	true	agrees	mark+sound	plays every *MM (1)
song.classical.chopin-nocturne-op27-2.nifc	kern	none	["OMD@11: Lento sostenuto.", "OMD@12: [quarter-dot] = 50.", "*MM@20: *MM75", "LO:TX@543: a Tempo."]	["0:0 quarter=75 (q=75)"]	["0:0 75 [mark]"]	75		75	true	agrees	mark+sound	plays every *MM (1)
song.classical.chopin-nocturne-op37-1.nifc	kern	none	["OMD@11: Andante sostenuto."]	["0:0 quarter=96 (q=96)"]	["0:0 96 [mark]"]	96				no tempo (defaulted)	mark+sound	the .krn states no *MM; convert.py wrote its default (96) as a printed mark and a sound
song.classical.chopin-nocturne-op48-1.nifc	kern	none	["OMD@11: Lento.", "LO:TX@387: Poco più lento."]	["0:0 quarter=96 (q=96)"]	["0:0 96 [mark]"]	96				no tempo (defaulted)	mark+sound	the .krn states no *MM; convert.py wrote its default (96) as a printed mark and a sound
song.classical.chopin-nocturne-op55-1.nifc	kern	none	["OMD@11: Andante.", "LO:TX@277: in tempo.", "LO:TX@454: in tempo.", "LO:TX@864: tempo 1.", "LO:TX@1241: in tempo"]	["0:0 quarter=96 (q=96)"]	["0:0 96 [mark]"]	96				no tempo (defaulted)	mark+sound	the .krn states no *MM; convert.py wrote its default (96) as a printed mark and a sound
song.classical.chopin-nocturne-op55-2.nifc	kern	none	["OMD@11: Lento sostenuto.", "LO:TX@1261: in tempo"]	["0:0 quarter=96 (q=96)"]	["0:0 96 [mark]"]	96				no tempo (defaulted)	mark+sound	the .krn states no *MM; convert.py wrote its default (96) as a printed mark and a sound
song.classical.chopin-polonaise-fantaisie.nifc	kern	none	["OMD@11: All°. Maestoso.", "LO:TX@327: a tempo giusto.", "LO:TX@1389: in tempo", "LO:TX@2303: più lento", "LO:TX@3227: a tempo primo"]	["0:0 quarter=96 (q=96)"]	["0:0 96 [mark]"]	96				no tempo (defaulted)	mark+sound	the .krn states no *MM; convert.py wrote its default (96) as a printed mark and a sound
song.classical.chopin-polonaise-g-minor.nifc	kern	none		["0:0 quarter=96 (q=96)"]	["0:0 96 [mark]"]	96				no tempo (defaulted)	mark+sound	the .krn states no *MM; convert.py wrote its default (96) as a printed mark and a sound
song.classical.chopin-polonaise-g-sharp-minor.nifc	kern	none	["OMD@11: Moderato.", "LO:TX@246: a tempo"]	["0:0 quarter=96 (q=96)"]	["0:0 96 [mark]"]	96				no tempo (defaulted)	mark+sound	the .krn states no *MM; convert.py wrote its default (96) as a printed mark and a sound
song.classical.chopin-polonaise-op26-2.nifc	kern	none	["OMD@11: MAESTOSO.", "LO:TX@101: in\\ Tempo.", "LO:TX@675: in\\ Tempo.", "LO:TX@1232: Adagio.", "LO:TX@1241: Tempo.", "LO:TX@1317: in\\ Tempo.", "LO:TX@1890: in\\ Tempo.", "LO:TX@2123: lento."]	["0:0 quarter=96 (q=96)"]	["0:0 96 [mark]"]	96				no tempo (defaulted)	mark+sound	the .krn states no *MM; convert.py wrote its default (96) as a printed mark and a sound
song.classical.chopin-polonaise-op40-1.nifc	kern	none	["OMD@10: POLONAISE. No.1.", "OMD@11: Allegro con brio."]	["0:0 quarter=96 (q=96)"]	["0:0 96 [mark]"]	96				no tempo (defaulted)	mark+sound	the .krn states no *MM; convert.py wrote its default (96) as a printed mark and a sound
song.classical.chopin-polonaise-op40-2.nifc	kern	none	["OMD@11: Allegro maestoso."]	["0:0 quarter=96 (q=96)"]	["0:0 96 [mark]"]	96				no tempo (defaulted)	mark+sound	the .krn states no *MM; convert.py wrote its default (96) as a printed mark and a sound
song.classical.chopin-polonaise-op44.nifc	kern	none	["OMD@11: POLONAISE.", "LO:TX@1611: Doppio movimento tempo di Mazourka.", "LO:TX@2661: Tempo 1.o tempo di Pollacca."]	["0:0 quarter=96 (q=96)"]	["0:0 96 [mark]"]	96				no tempo (defaulted)	mark+sound	the .krn states no *MM; convert.py wrote its default (96) as a printed mark and a sound
song.classical.chopin-polonaise-op53.nifc	kern	none	["OMD@11: Maestoso."]	["0:0 quarter=96 (q=96)"]	["0:0 96 [mark]"]	96				no tempo (defaulted)	mark+sound	the .krn states no *MM; convert.py wrote its default (96) as a printed mark and a sound
song.classical.chopin-polonaise-op71-1.nifc	kern	none	["OMD@11: Allegro maestoso. [quarter] = 84", "LO:TX@68: a tempo.", "LO:TX@246: a tempo.", "LO:TX@777: a tempo.", "LO:TX@1800: a tempo.", "LO:TX@2320: a tempo."]	["0:0 quarter=96 (q=96)"]	["0:0 96 [mark]"]	96				no tempo (defaulted)	mark+sound	the .krn states no *MM; convert.py wrote its default (96) as a printed mark and a sound
song.classical.chopin-prelude-op28-11.nifc	kern	none	["OMD@11: Vivace"]	["0:0 quarter=96 (q=96)"]	["0:0 96 [mark]"]	96				no tempo (defaulted)	mark+sound	the .krn states no *MM; convert.py wrote its default (96) as a printed mark and a sound
song.classical.chopin-prelude-op28-14.nifc	kern	none	["OMD@11: All°.", "*MM@21: *MM180"]	["0:0 quarter=180 (q=180)"]	["0:0 180 [mark]"]	180		180	true	agrees	mark+sound	plays every *MM (1)
song.classical.chopin-prelude-op28-16.nifc	kern	none	["*MM@19: *MM188", "LO:TX@30: Presto con fuoco."]	["0:0 quarter=188 (q=188)"]	["0:0 188 [mark]"]	188		188	true	agrees	mark+sound	plays every *MM (1)
song.classical.chopin-prelude-op28-17.nifc	kern	none	["OMD@11: Allegretto.", "*MM@19: *MM114"]	["0:0 quarter=114 (q=114)"]	["0:0 114 [mark]"]	114		114	true	agrees	mark+sound	plays every *MM (1)
song.classical.chopin-prelude-op28-18.nifc	kern	none	["OMD@11: All.o molto.", "*MM@20: *MM108"]	["0:0 quarter=108 (q=108)"]	["0:0 108 [mark]"]	108		108	true	agrees	mark+sound	plays every *MM (1)
song.classical.chopin-prelude-op28-19.nifc	kern	none	["OMD@11: Vivace."]	["0:0 quarter=96 (q=96)"]	["0:0 96 [mark]"]	96				no tempo (defaulted)	mark+sound	the .krn states no *MM; convert.py wrote its default (96) as a printed mark and a sound
song.classical.chopin-prelude-op28-2.nifc	kern	none	["OMD@11: No. 2.", "OMD@12: Lento.", "*MM@20: *MM63"]	["0:0 quarter=63 (q=63)"]	["0:0 63 [mark]"]	63		63	true	agrees	mark+sound	plays every *MM (1)
song.classical.chopin-prelude-op28-20.nifc	kern	none	["OMD@11: Largo."]	["0:0 quarter=96 (q=96)"]	["0:0 96 [mark]"]	96				no tempo (defaulted)	mark+sound	the .krn states no *MM; convert.py wrote its default (96) as a printed mark and a sound
song.classical.chopin-prelude-op28-21.nifc	kern	none	["OMD@11: Cantabile.", "*MM@20: *MM100"]	["0:0 quarter=100 (q=100)"]	["0:0 100 [mark]"]	100		100	true	agrees	mark+sound	plays every *MM (1)
song.classical.chopin-prelude-op28-22.nifc	kern	none	["OMD@11: Molto agitato.", "*MM@20: *MM198"]	["0:0 quarter=198 (q=198)"]	["0:0 198 [mark]"]	198		198	true	agrees	mark+sound	plays every *MM (1)
song.classical.chopin-prelude-op28-23.nifc	kern	none	["OMD@11: No. 23.", "OMD@12: Moderato.", "*MM@21: *MM104", "LO:TX@285:  poco  ritenuto in tempo."]	["0:0 quarter=104 (q=104)"]	["0:0 104 [mark]"]	104		104	true	agrees	mark+sound	plays every *MM (1)
song.classical.chopin-prelude-op28-3.nifc	kern	none	["OMD@11: Vivace.", "*MM@21: *MM148"]	["0:0 quarter=148 (q=148)"]	["0:0 148 [mark]"]	148		148	true	agrees	mark+sound	plays every *MM (1)
song.classical.chopin-prelude-op28-4.nifc	kern	none	["OMD@11: Largo.", "*MM@22: *MM63"]	["0:0 quarter=63 (q=63)"]	["0:0 63 [mark]"]	63		63	true	agrees	mark+sound	plays every *MM (1)
song.classical.chopin-prelude-op28-5.nifc	kern	none	["OMD@11: Allo. molto.", "OMD@12: No. 5."]	["0:0 quarter=96 (q=96)"]	["0:0 96 [mark]"]	96				no tempo (defaulted)	mark+sound	the .krn states no *MM; convert.py wrote its default (96) as a printed mark and a sound
song.classical.chopin-prelude-op28-6.nifc	kern	none	["OMD@11: Lento assai.", "*MM@20: *MM48"]	["0:0 quarter=48 (q=48)"]	["0:0 48 [mark]"]	48		48	true	agrees	mark+sound	plays every *MM (1)
song.classical.chopin-prelude-op28-7.nifc	kern	none	["OMD@11: No. 7.", "OMD@12: Andantino.", "*MM@21: *MM92"]	["0:0 quarter=92 (q=92)"]	["0:0 92 [mark]"]	92		92	true	agrees	mark+sound	plays every *MM (1)
song.classical.chopin-prelude-op28-8.nifc	kern	none	["OMD@11: Molto agitato.", "*MM@21: *MM108"]	["0:0 quarter=108 (q=108)"]	["0:0 108 [mark]"]	108		108	true	agrees	mark+sound	plays every *MM (1)
song.classical.chopin-rondo-mazur.nifc	kern	none	["OMD@11: Vivace.", "OMD@12: (M.M. [quarter] = 132.)", "*MM@21: *MM132", "LO:TX@1179: a Tempo.", "LO:TX@3990: a Tempo."]	["0:0 quarter=132 (q=132)"]	["0:0 132 [mark]"]	132		132	true	agrees	mark+sound	plays every *MM (1)
song.classical.chopin-rondo-op1.nifc	kern	none	["OMD@10: Allegro. ([eighth] = 108)", "LO:TX@578: Piu lento ([eighth] = 132)", "LO:TX@888: a tempo con fuoco", "LO:TX@1405: A tempo primo. ([quarter] = 108.)", "LO:TX@2993: Piu lento. ([quarter] = 132)", "LO:TX@2994: a tempo", "OMD@3271: A tempo ([eighth]=108)"]	["0:0 quarter=96 (q=96)"]	["0:0 96 [mark]"]	96				no tempo (defaulted)	mark+sound	the .krn states no *MM; convert.py wrote its default (96) as a printed mark and a sound
song.classical.chopin-rondo-op16.nifc	kern	none	["OMD@11: Andante [quarter] = 48.", "*MM@21: *MM48", "*MM@271: *MM152", "LO:TX@272:  Piu mosso M:M: [quarter] = 152.", "OMD@867: Allo. vivace [quarter] = 96.", "*MM@872: *MM96", "LO:TX@1715: a Tempo", "LO:TX@2127: a Tempo", "LO:TX@2198: a tempo.", "LO:TX@3581: a Tempo", "LO:TX@4630: a tempo."]	["0:0 quarter=48 (q=48)"]	["0:0 48 [mark]"]	48		48	true	agrees	mark+sound	drops the later *MM: *MM152@line 271, *MM96@line 872 (convert.py keeps the first tempo mark only)
song.classical.chopin-scherzo-2.nifc	kern	none	["OMD@11: PRESTO."]	["0:0 quarter=96 (q=96)"]	["0:0 96 [mark]"]	96				no tempo (defaulted)	mark+sound	the .krn states no *MM; convert.py wrote its default (96) as a printed mark and a sound
song.classical.chopin-sonata-2-1.nifc	kern	none	["OMD@10: Grave."]	["0:0 quarter=96 (q=96)"]	["0:0 96 [mark]"]	96				no tempo (defaulted)	mark+sound	the .krn states no *MM; convert.py wrote its default (96) as a printed mark and a sound
song.classical.chopin-sonata-2-2.nifc	kern	none	["LO:TX@550: Più lento.", "LO:TX@1240: tempo primo."]	["0:0 quarter=96 (q=96)"]	["0:0 96 [mark]"]	96				no tempo (defaulted)	mark+sound	the .krn states no *MM; convert.py wrote its default (96) as a printed mark and a sound
song.classical.chopin-sonata-2-3.nifc	kern	none		["0:0 quarter=96 (q=96)"]	["0:0 96 [mark]"]	96				no tempo (defaulted)	mark+sound	the .krn states no *MM; convert.py wrote its default (96) as a printed mark and a sound
song.classical.chopin-sonata-2-4.nifc	kern	none	["OMD@12: FINALE.", "OMD@13: Presto."]	["0:0 quarter=96 (q=96)"]	["0:0 96 [mark]"]	96				no tempo (defaulted)	mark+sound	the .krn states no *MM; convert.py wrote its default (96) as a printed mark and a sound
song.classical.chopin-sonata-3-4.nifc	kern	none	["OMD@11: Presto non tanto."]	["0:0 quarter=96 (q=96)"]	["0:0 96 [mark]"]	96				no tempo (defaulted)	mark+sound	the .krn states no *MM; convert.py wrote its default (96) as a printed mark and a sound
song.classical.chopin-tarantelle.nifc	kern	none	["OMD@11: Presto."]	["0:0 quarter=96 (q=96)"]	["0:0 96 [mark]"]	96				no tempo (defaulted)	mark+sound	the .krn states no *MM; convert.py wrote its default (96) as a printed mark and a sound
song.classical.chopin-variations-op12.nifc	kern	none	["OMD@11: All.|o maestoso", "OMD@12: Metr: [quarter]=118.", "LO:TX@774: [quarter].=92", "LO:TX@1230: Scherzo. [quarter].=66.", "LO:TX@1522: Lento. [quarter].=43.", "LO:TX@1888: a Tempo", "LO:TX@2185: Scherzo vivace. [quarter].= 88.", "LO:TX@2282: a Tempo"]	["0:0 quarter=96 (q=96)"]	["0:0 96 [mark]"]	96				no tempo (defaulted)	mark+sound	the .krn states no *MM; convert.py wrote its default (96) as a printed mark and a sound
song.classical.chopin-waltz-e-minor.nifc	kern	none		["0:0 quarter=96 (q=96)"]	["0:0 96 [mark]"]	96				no tempo (defaulted)	mark+sound	the .krn states no *MM; convert.py wrote its default (96) as a printed mark and a sound
song.classical.chopin-waltz-op18.nifc	kern	none	["OMD@11: Vivo."]	["0:0 quarter=96 (q=96)"]	["0:0 96 [mark]"]	96				no tempo (defaulted)	mark+sound	the .krn states no *MM; convert.py wrote its default (96) as a printed mark and a sound
song.classical.chopin-waltz-op34-1.nifc	kern	none	["OMD@11: Vivace."]	["0:0 quarter=96 (q=96)"]	["0:0 96 [mark]"]	96				no tempo (defaulted)	mark+sound	the .krn states no *MM; convert.py wrote its default (96) as a printed mark and a sound
song.classical.chopin-waltz-op34-2.nifc	kern	none	["OMD@11: Lento."]	["0:0 quarter=96 (q=96)"]	["0:0 96 [mark]"]	96				no tempo (defaulted)	mark+sound	the .krn states no *MM; convert.py wrote its default (96) as a printed mark and a sound
song.classical.chopin-waltz-op34-3.nifc	kern	none	["OMD@11: Vivace."]	["0:0 quarter=96 (q=96)"]	["0:0 96 [mark]"]	96				no tempo (defaulted)	mark+sound	the .krn states no *MM; convert.py wrote its default (96) as a printed mark and a sound
song.classical.chopin-waltz-op64-1.nifc	kern	none	["OMD@11: Molto vivace."]	["0:0 quarter=96 (q=96)"]	["0:0 96 [mark]"]	96				no tempo (defaulted)	mark+sound	the .krn states no *MM; convert.py wrote its default (96) as a printed mark and a sound
song.classical.chopin-waltz-op64-2.nifc	kern	none	["OMD@11: Tempo giusto.", "LO:TX@572: Più lento.", "LO:TX@1072: Tempo Iᵒ."]	["0:0 quarter=96 (q=96)"]	["0:0 96 [mark]"]	96				no tempo (defaulted)	mark+sound	the .krn states no *MM; convert.py wrote its default (96) as a printed mark and a sound
song.classical.chopin-waltz-op69-2.nifc	kern	none	["OMD@11: Moderato.", "OMD@12: [quarter] = 152.", "LO:TX@155: tempo.", "LO:TX@347: tempo.", "LO:TX@535: tempo."]	["0:0 quarter=96 (q=96)"]	["0:0 96 [mark]"]	96				no tempo (defaulted)	mark+sound	the .krn states no *MM; convert.py wrote its default (96) as a printed mark and a sound
song.classical.chopin-waltz-op70-1.nifc	kern	none	["OMD@7: Molto vivace.", "OMD@8: [half-dot] = 88", "*MM@17: *MM264", "OMD@350: Meno mosso. [quarter] = 96.", "*MM@351: *MM96", "LO:TX@794: tempo Iᵒ", "*MM@796: *MM264"]	["0:0 quarter=264 (q=264)"]	["0:0 264 [mark]"]	264		264	true	agrees	mark+sound	drops the later *MM: *MM96@line 351, *MM264@line 796 (convert.py keeps the first tempo mark only)
song.classical.chopin-waltz-op70-2.nifc	kern	none	["OMD@7: Tempo Giusto.", "OMD@8: [quarter] = 144.", "*MM@17: *MM144", "LO:TX@208: tempo."]	["0:0 quarter=144 (q=144)"]	["0:0 144 [mark]"]	144		144	true	agrees	mark+sound	plays every *MM (1)
song.ragtime.joplin-antoinette	kern	none	["OMD@6: Tempo de Marcia", "*MM@16: *MM144", "OMD@281: TRIO"]	["0:0 quarter=144 (q=144)"]	["0:0 144 [mark]"]	144		144	true	agrees	mark+sound	plays every *MM (1)
song.ragtime.joplin-augustan-club-waltz	kern	none	["OMD@5: Moderato", "*MM@16: *MM152", "OMD@57: Tempo di Valse."]	["0:0 quarter=152 (q=152)"]	["0:0 152 [mark]"]	152		152	true	agrees	mark+sound	plays every *MM (1)
song.ragtime.joplin-bethena	kern	editionNotes: Marked 'Valse Tempo';	["OMD@8: Valse Tempo", "*MM@18: *MM144", "LO:TX@59: Valse cantabile", "LO:TX@60: a tempo", "LO:TX@570: a tempo", "LO:TX@743: a tempo.", "LO:TX@839: a tempo.", "LO:TX@1045: a tempo.", "LO:TX@1202: Andante"]	["0:0 quarter=144 (q=144)"]	["0:0 144 [mark]"]	144		144	true	agrees	mark+sound	plays every *MM (1)
song.ragtime.joplin-binks-waltz	kern	none	["OMD@6: Andante. [quarter]=144.", "*MM@17: *MM132", "LO:TX@106: a tempo", "LO:TX@139: a tempo", "LO:TX@225: a tempo", "LO:TX@474: a tempo", "LO:TX@509: a tempo", "LO:TX@531: a tempo", "LO:TX@588: a tempo", "LO:TX@725: a tempo", "LO:TX@816: a tempo", "LO:TX@851: a tempo", "LO:TX@874: a tempo", "LO:TX@931: a tempo", "LO:TX@970: a tempo", "LO:TX@1008: adagio"]	["0:0 quarter=132 (q=132)"]	["0:0 132 [mark]"]	132		132	true	agrees	mark+sound	plays every *MM (1)
song.ragtime.joplin-breeze-from-alabama	kern	none	["OMD@9: Not fast.", "*MM@19: *MM90"]	["0:0 quarter=90 (q=90)"]	["0:0 90 [mark]"]	90		90	true	agrees	mark+sound	plays every *MM (1)
song.ragtime.joplin-cascades	kern	none	["OMD@6: Tempo di Marcia", "*MM@17: *MM100"]	["0:0 quarter=100 (q=100)"]	["0:0 100 [mark]"]	100		100	true	agrees	mark+sound	plays every *MM (1)
song.ragtime.joplin-chrysanthemum	kern	none	["OMD@7: Slow March Tempo.", "*MM@19: *MM90"]	["0:0 quarter=90 (q=90)"]	["0:0 90 [mark]"]	90		90	true	agrees	mark+sound	plays every *MM (1)
song.ragtime.joplin-cleopha	kern	none	["OMD@7: Tempo di Marcia.", "*MM@17: *MM116"]	["0:0 quarter=116 (q=116)"]	["0:0 116 [mark]"]	116		116	true	agrees	mark+sound	plays every *MM (1)
song.ragtime.joplin-combination-march	kern	none	["OMD@5: Andante.", "*MM@17: *MM100", "*MM@45: *MM120", "OMD@46: Tempo di Marcia."]	["0:0 quarter=100 (q=100)"]	["0:0 100 [mark]"]	100		100	true	agrees	mark+sound	drops the later *MM: *MM120@line 45 (convert.py keeps the first tempo mark only)
song.ragtime.joplin-country-club	kern	none	["OMD@7: Slow March Time.", "*MM@18: *MM100"]	["0:0 quarter=100 (q=100)"]	["0:0 100 [mark]"]	100		100	true	agrees	mark+sound	plays every *MM (1)
song.ragtime.joplin-crush-collision-march	kern	none	["*MM@16: *MM132", "OMD@17: Introd.", "OMD@48: Tempo di Marcia."]	["0:0 quarter=132 (q=132)"]	["0:0 132 [mark]"]	132		132	true	agrees	mark+sound	plays every *MM (1)
song.ragtime.joplin-easy-winners	kern	editionNotes: Marked 'Not fast.';	["OMD@7: Introduction. Not fast.", "*MM@16: *MM72"]	["0:0 quarter=72 (q=72)"]	["0:0 72 [mark]"]	72		72	true	agrees	mark+sound	plays every *MM (1)
song.ragtime.joplin-elite-syncopations	kern	none	["*MM@14: *MM100", "OMD@16: INTRODUCTION."]	["0:0 quarter=100 (q=100)"]	["0:0 100 [mark]"]	100		100	true	agrees	mark+sound	plays every *MM (1)
song.ragtime.joplin-entertainer.kern	kern	editionNotes: The complete original, marked 'Not fast.' — the docs/02 D5 Stage 6 option.	["*MM@14: *MM100", "LO:TX@16: Not fast."]	["0:0 quarter=100 (q=100)"]	["0:0 100 [mark]"]	100		100	true	agrees	mark+sound	plays every *MM (1)
song.ragtime.joplin-eugenia	kern	none	["OMD@6: Slow March Tempo [quarter]=72", "*MM@15: *MM90"]	["0:0 quarter=90 (q=90)"]	["0:0 90 [mark]"]	90		90	true	agrees	mark+sound	plays every *MM (1)
song.ragtime.joplin-felicity-rag	kern	none	["OMD@7: Tempo di Marcia", "*MM@15: *MM100"]	["0:0 quarter=100 (q=100)"]	["0:0 100 [mark]"]	100		100	true	agrees	mark+sound	plays every *MM (1)
song.ragtime.joplin-fig-leaf-rag	kern	none	["OMD@6: Slow March Tempo [quarter]=100", "*MM@15: *MM100"]	["0:0 quarter=100 (q=100)"]	["0:0 100 [mark]"]	100		100	true	agrees	mark+sound	plays every *MM (1)
song.ragtime.joplin-gladiolus-rag	kern	none	["OMD@5: Slow march tempo.", "*MM@14: *MM90"]	["0:0 quarter=90 (q=90)"]	["0:0 90 [mark]"]	90		90	true	agrees	mark+sound	plays every *MM (1)
song.ragtime.joplin-harmony-club-waltz	kern	none	["OMD@5: Andante", "*MM@16: *MM120", "OMD@84: WALTZ."]	["0:0 quarter=120 (q=120)"]	["0:0 120 [mark]"]	120		120	true	agrees	mark+sound	plays every *MM (1)
song.ragtime.joplin-heliotrope-bouquet	kern	none	["OMD@8: Slow March Tempo.", "*MM@19: *MM73"]	["0:0 quarter=73 (q=73)"]	["0:0 73 [mark]"]	73		73	true	agrees	mark+sound	plays every *MM (1)
song.ragtime.joplin-leola	kern	none	["OMD@7: Slow march tempo.", "*MM@17: *MM90"]	["0:0 quarter=90 (q=90)"]	["0:0 90 [mark]"]	90		90	true	agrees	mark+sound	plays every *MM (1)
song.ragtime.joplin-lily-queen	kern	none	["OMD@6: Moderato.", "*MM@16: *MM100"]	["0:0 quarter=100 (q=100)"]	["0:0 100 [mark]"]	100		100	true	agrees	mark+sound	plays every *MM (1)
song.ragtime.joplin-magnetic-rag	kern	none	["*MM@16: *MM112", "OMD@604: Tempo l'istesso"]	["0:0 quarter=112 (q=112)"]	["0:0 112 [mark]"]	112		112	true	agrees	mark+sound	plays every *MM (1)
song.ragtime.joplin-maple-leaf-rag.kern	kern	editionNotes: Marked 'Tempo di marcia';	["OMD@6: Tempo di marcia", "*MM@17: *MM100", "OMD@456: Trio"]	["0:0 quarter=100 (q=100)"]	["0:0 100 [mark]"]	100		100	true	agrees	mark+sound	plays every *MM (1)
song.ragtime.joplin-march-majestic	kern	none	["OMD@6: Tempo di marcia.", "*MM@16: *MM120"]	["0:0 quarter=120 (q=120)"]	["0:0 120 [mark]"]	120		120	true	agrees	mark+sound	plays every *MM (1)
song.ragtime.joplin-new-rag	kern	none	["OMD@5: Allegro Moderato", "*MM@18: *MM100"]	["0:0 quarter=100 (q=100)"]	["0:0 100 [mark]"]	100		100	true	agrees	mark+sound	plays every *MM (1)
song.ragtime.joplin-nonpareil	kern	none	["OMD@6: Slow march tempo.", "*MM@16: *MM90"]	["0:0 quarter=90 (q=90)"]	["0:0 90 [mark]"]	90		90	true	agrees	mark+sound	plays every *MM (1)
song.ragtime.joplin-original-rags	kern	none	["*MM@16: *MM90"]	["0:0 quarter=90 (q=90)"]	["0:0 90 [mark]"]	90		90	true	agrees	mark+sound	plays every *MM (1)
song.ragtime.joplin-palm-leaf-rag	kern	none	["OMD@6: Play a little slow", "*MM@18: *MM90"]	["0:0 quarter=90 (q=90)"]	["0:0 90 [mark]"]	90		90	true	agrees	mark+sound	plays every *MM (1)
song.ragtime.joplin-paragon-rag	kern	none	["OMD@6: Slow March Time", "*MM@16: *MM100", "OMD@463: Trio."]	["0:0 quarter=100 (q=100)"]	["0:0 100 [mark]"]	100		100	true	agrees	mark+sound	plays every *MM (1)
song.ragtime.joplin-peacherine-rag	kern	editionNotes: Marked 'Not too fast.';	["OMD@6: Not too fast.", "*MM@13: *MM100"]	["0:0 quarter=100 (q=100)"]	["0:0 100 [mark]"]	100		100	true	agrees	mark+sound	plays every *MM (1)
song.ragtime.joplin-pine-apple-rag	kern	editionNotes: Marked 'Slow March tempo. / [quarter]=100'; / the tempo is Joplin's own, printed on the first edition.	["OMD@6: Slow March tempo. [quarter]=100", "*MM@18: *MM100"]	["0:0 quarter=100 (q=100)"]	["0:0 100 [mark]"]	100		100	true	agrees	mark+sound	plays every *MM (1)
song.ragtime.joplin-pleasant-moments	kern	none	["*MM@18: *MM112"]	["0:0 quarter=112 (q=112)"]	["0:0 112 [mark]"]	112		112	true	agrees	mark+sound	plays every *MM (1)
song.ragtime.joplin-reflection-rag	kern	none	["OMD@7: Slow March Tempo.", "*MM@17: *MM100"]	["0:0 quarter=100 (q=100)"]	["0:0 100 [mark]"]	100		100	true	agrees	mark+sound	plays every *MM (1)
song.ragtime.joplin-rose-bud-march	kern	none	["OMD@7: Tempo di Marcia.", "*MM@17: *MM160"]	["0:0 quarter=160 (q=160)"]	["0:0 160 [mark]"]	160		160	true	agrees	mark+sound	plays every *MM (1)
song.ragtime.joplin-rose-leaf-rag	kern	none	["OMD@5: Slow March tempo", "*MM@17: *MM92"]	["0:0 quarter=92 (q=92)"]	["0:0 92 [mark]"]	92		92	true	agrees	mark+sound	plays every *MM (1)
song.ragtime.joplin-school-of-ragtime	kern	none	["*MM@22: *MM100", "OMD@39: Slow march tempo (Count Two)", "OMD@85: Slow march tempo (Count Two)", "OMD@131: Slow march tempo (Count Two)", "OMD@178: Slow march tempo (Count Two)", "OMD@227: Slow march tempo (Count Two)", "OMD@299: Slow march tempo (Count Two)"]	["0:0 quarter=100 (q=100)"]	["0:0 100 [mark]"]	100		100	true	agrees	mark+sound	plays every *MM (1)
song.ragtime.joplin-solace	kern	editionNotes: Marked 'Very slow march time';	["OMD@5: Very slow march time", "*MM@14: *MM84", "LO:TX@556: a tempo", "LO:TX@596: a tempo"]	["0:0 quarter=84 (q=84)"]	["0:0 84 [mark]"]	84		84	true	agrees	mark+sound	plays every *MM (1)
song.ragtime.joplin-something-doing	kern	none	["OMD@9: Intro. Not fast.", "*MM@15: *MM100"]	["0:0 quarter=100 (q=100)"]	["0:0 100 [mark]"]	100		100	true	agrees	mark+sound	plays every *MM (1)
song.ragtime.joplin-stoptime-rag	kern	none	["OMD@6: Fast or slow.", "*MM@16: *MM100"]	["0:0 quarter=100 (q=100)"]	["0:0 100 [mark]"]	100		100	true	agrees	mark+sound	plays every *MM (1)
song.ragtime.joplin-sugar-cane	kern	none	["OMD@6: Slow March Tempo [quarter]=100", "*MM@17: *MM100"]	["0:0 quarter=100 (q=100)"]	["0:0 100 [mark]"]	100		100	true	agrees	mark+sound	plays every *MM (1)
song.ragtime.joplin-sunflower-slow-drag	kern	none	["OMD@7: INTRO. Not fast.", "*MM@17: *MM90"]	["0:0 quarter=90 (q=90)"]	["0:0 90 [mark]"]	90		90	true	agrees	mark+sound	plays every *MM (1)
song.ragtime.joplin-swipesy-cakewalk	kern	none	["OMD@6: Slow.", "*MM@17: *MM72"]	["0:0 quarter=72 (q=72)"]	["0:0 72 [mark]"]	72		72	true	agrees	mark+sound	plays every *MM (1)
song.ragtime.joplin-the-favorite	kern	none	["OMD@6: Slow March Tempo.", "*MM@15: *MM100"]	["0:0 quarter=100 (q=100)"]	["0:0 100 [mark]"]	100		100	true	agrees	mark+sound	plays every *MM (1)
song.ragtime.joplin-wall-street-rag	kern	none	["OMD@5: Very Slow March Time", "*MM@15: *MM72"]	["0:0 quarter=72 (q=72)"]	["0:0 72 [mark]"]	72		72	true	agrees	mark+sound	plays every *MM (1)
song.ragtime.joplin-weeping-willow	kern	none	["OMD@6: Not fast.", "*MM@16: *MM88"]	["0:0 quarter=88 (q=88)"]	["0:0 88 [mark]"]	88		88	true	agrees	mark+sound	plays every *MM (1)
