composer,title,levels,candidate_file,candidate_title,pianocoda_url,cat_match,title_score,drive_id,png,end_url,end_png
J. F. F. Burgmüller,"Ballade, Op. 100 No. 15",4,./mxl/12/5/QmU6N3TkyWQa4ZByjNMwXt86J5N5cLFAUZ4R7gnUUoqmfW.mxl,Ballade,https://www.mutopiaproject.org/cgibin/piece-info.cgi?id=227,partial,1.00,,build/pieces/refs/mutopia-227.png,,
J. S. Bach,"Invention No. 8 in F, BWV 779",5,./mxl/9/39/QmRQ3eoq759Z6aMk6uJxun1gS1AVazFPhuYAyNgxjgsmpd.mxl,BWV 779: Invention VIII (A = 415 Hz) - Harpsichord sound,https://www.mutopiaproject.org/cgibin/piece-info.cgi?id=61,match,1.00,,build/pieces/refs/mutopia-61.png,,
J. S. Bach,"Invention No. 6 in E, BWV 777",6,./mxl/2/44/QmctmRvB7JG2SER77Ns1bRND7hebrG2NuXAwVKiJ7Wk4iJ.mxl,BWV 777: Invention VI (A = 415 Hz) - Harpsichord sound,https://www.mutopiaproject.org/cgibin/piece-info.cgi?id=159,match,1.00,,build/pieces/refs/mutopia-159.png,,
Mozart,"Gigue in G, K. 574",7,./mxl/7/16/QmPD9REJU9ssdA78fLwzoFYeWFS1SpiGuUvx2TcTqNST15.mxl,Gigue in G Major - K. 574,https://www.mutopiaproject.org/cgibin/piece-info.cgi?id=239,match,0.83,,build/pieces/refs/mutopia-239.png,,
Mozart,"Alla Turca (3rd movt from Sonata in A, K. 331)",8,./mxl/4/42/QmeswnMFsq7kKrfJU2KHcucQ55D1psa3djU7BiYUptXPPR.mxl,Thème du 1er mouvement de la sonate K.331,https://www.mutopiaproject.org/cgibin/piece-info.cgi?id=108,partial,0.41,,build/pieces/refs/mutopia-108.png,,
"Bach, Carl Philipp Emanuel","Minuet in E flat Major, H 171",2,./mxl/8/29/QmQKQtmH8DsnA5gc9vu2x1tgZeTdX2gXLP43id8LnKKREH.mxl,Minuet_in_C_Minor,https://www.mutopiaproject.org/cgibin/piece-info.cgi?id=1481,none,0.75,,build/pieces/refs/mutopia-1481.png,,
"Mozart, Wolfgang Amadeus","Minuet in C Major, from Sonata in C Major, K 6",2,./mxl/15/46/QmXusicmzuQ9Ph4kVB1e3nP6dSVvyAP6vdRNhaxqBg2iLe.mxl,Mozart Menuet I und II aus der Sonata KV 6,https://www.mutopiaproject.org/cgibin/piece-info.cgi?id=241,partial,0.47,,build/pieces/refs/mutopia-241.png,,
attr. J.S. Bach,"Musette in D Major, BWV Anh. 126",3,./mxl/12/32/QmUMjbvUcVKGhutBkr334mtKzcxWYcRsXzc2pQcjzP8kKH.mxl,Johann Sebastian Bach - Musette,https://www.mutopiaproject.org/cgibin/piece-info.cgi?id=79,match,1.00,,build/pieces/refs/mutopia-79.png,,
attr. J.S. Bach,"Polonaise in G Minor, BWV Anh. 119",3,./mxl/17/42/QmZsHHxzDb2d1gvFyqdkKeAPDWueRYWjs4reFvHbH6fCw9.mxl,Johann Sebastian Bach - Polonaise,https://www.mutopiaproject.org/cgibin/piece-info.cgi?id=1016,match,1.00,,build/pieces/refs/mutopia-1016.png,,
Clementi,"Sonatina in C Major, op. 36, no. 1: I",3,./mxl/2/30/QmcL4z88s7cMmkMnxMnYFMt8DkNyaCdGd2W3U7ex4Use19.mxl,Clementi Opus 36 no 1 First Movement,https://www.mutopiaproject.org/cgibin/piece-info.cgi?id=804,none,0.89,,build/pieces/refs/mutopia-804.png,,
"Bach, Johann Sebastian","Minuet in F Major, BWV Anh. 113",4,./mxl/17/30/QmZLB5s1pGDSPhmWx5Zwkt1APsVUQpbvyEqwvi9WP1xxzF.mxl,Minuet in F Major BWV 116 Anh. 113 by JS Bach,https://www.mutopiaproject.org/cgibin/piece-info.cgi?id=74,match,0.83,,build/pieces/refs/mutopia-74.png,,
"Bach, Johann Sebastian","Minuet in A Minor, BWV Anh. 120",4,./mxl/17/32/QmZMAg8KBp5Rtd8yAtjuXvvtDJ8HqPzUmP6mFZv4jAG6a8.mxl,Johann Sebastian Bach - Menuet,https://www.mutopiaproject.org/cgibin/piece-info.cgi?id=1612,match,1.00,,build/pieces/refs/mutopia-1612.png,,
"Bach, Johann Sebastian","Minuet in C Minor, BWV Anh. 121",4,./mxl/12/38/QmUqCoSTSoifrWw21QNi9mDvUpyJTkjx7qLuWB1LT55Euv.mxl,Johann Sebastian Bach - Menuet,https://www.mutopiaproject.org/cgibin/piece-info.cgi?id=1613,match,1.00,,build/pieces/refs/mutopia-1613.png,,
J.S. Bach,"Little Prelude in C Major, BWV 939",5,./mxl/6/26/QmNjDJ1X5fmH6pi6PzAysdfn1WMKDgHfb6nGxgaP3D2yBL.mxl,Johann Sebastian Bach - Pr\aludium,https://www.mutopiaproject.org/cgibin/piece-info.cgi?id=1593,partial,0.50,,build/pieces/refs/mutopia-1593.png,,
attr. Beethoven,"Sonatina in F Major, Anh. 5, no. 2: I",5,./mxl/15/24/QmXH7UowvxLRyffsi2q1895FqmrLSifjBM1gLbWy4wmC8r.mxl,Beethoven: Sonatina in F (Anh. 5 No. 2),https://www.mutopiaproject.org/cgibin/piece-info.cgi?id=276,none,0.60,,build/pieces/refs/mutopia-276.png,,
"Kuhlau, Friedrich","Sonatina in C Major, op. 55, no. 1: 1st movement",5,./mxl/17/17/QmZebw69299pYc7Fqdd8xyUXETMoHumsgE1RNeNzdZgZrR.mxl,Kuhlau: Sonatina Op. 55 No. 1,https://www.mutopiaproject.org/cgibin/piece-info.cgi?id=233,none,0.60,,build/pieces/refs/mutopia-233.png,,
"Kuhlau, Friedrich","Sonatina in C Major, op. 55, no. 1: 2nd movement",5,./mxl/17/17/QmZebw69299pYc7Fqdd8xyUXETMoHumsgE1RNeNzdZgZrR.mxl,Kuhlau: Sonatina Op. 55 No. 1,https://www.mutopiaproject.org/cgibin/piece-info.cgi?id=234,none,0.71,,build/pieces/refs/mutopia-234.png,,
"Bach, Johann Sebastian","March in E flat Major, BWV Anh. 127",5,./mxl/12/21/QmUgKKU4f6dAocxy7yJ75kF1v47RaPfK1ysUvqZWD7twTS.mxl,Johann Sebastian Bach - March,https://www.mutopiaproject.org/cgibin/piece-info.cgi?id=1614,match,1.00,,build/pieces/refs/mutopia-1614.png,,
"Kuhlau, Friedrich","Sonatina in C Major, op. 20, no. 1: 1st movement",5,./mxl/8/41/QmQR6PUBEzWWcB7AYyPja37sh6Djg9RPgiPhFHr7jBQrrL.mxl,Kuhlau Sonatina op. 20 Nr. 1 C Major - Allegro,https://www.mutopiaproject.org/cgibin/piece-info.cgi?id=233,none,0.60,,build/pieces/refs/mutopia-233.png,,
J.S. Bach,"Invention No. 8 in F Major, BWV 779",5 6,./mxl/9/39/QmRQ3eoq759Z6aMk6uJxun1gS1AVazFPhuYAyNgxjgsmpd.mxl,BWV 779: Invention VIII (A = 415 Hz) - Harpsichord sound,https://www.mutopiaproject.org/cgibin/piece-info.cgi?id=61,match,1.00,,build/pieces/refs/mutopia-61.png,,
"Bach, Johann Sebastian","Little Prelude in C Major, BWV 933",6,./mxl/0/4/Qma58kekAvv9TsecniR4ja9nDEv3GD4os1aDq9r8ZfzvD8.mxl,Bach: Little Prelude in C major BWV 933,https://www.mutopiaproject.org/cgibin/piece-info.cgi?id=1537,partial,0.50,,build/pieces/refs/mutopia-1537.png,,
J.S. Bach,"Little Prelude in E Major, BWV 937",6,./mxl/4/17/Qmeewpngop3DWGsMg1Gz3rLdLf5NpehRmPfmucHggCLLKr.mxl,Johann Sebastian Bach - Praeludium,https://www.mutopiaproject.org/cgibin/piece-info.cgi?id=1591,partial,0.50,,build/pieces/refs/mutopia-1591.png,,
"Bach, Johann Sebastian","Little Prelude in D Major, BWV 936",6,./mxl/7/44/QmPtDiCNEdqSNMe1JDkfNEBrcwQtsWNo43WNCpa8X2gpct.mxl,Bach Johann Sebastian Sechs kleine Präludien 4. Prelude in D major BWV 936,https://www.mutopiaproject.org/cgibin/piece-info.cgi?id=1576,partial,0.50,,build/pieces/refs/mutopia-1576.png,,
"Bach, Johann Sebastian","Invention No. 6 in E Major, BWV 777",6,./mxl/2/44/QmctmRvB7JG2SER77Ns1bRND7hebrG2NuXAwVKiJ7Wk4iJ.mxl,BWV 777: Invention VI (A = 415 Hz) - Harpsichord sound,https://www.mutopiaproject.org/cgibin/piece-info.cgi?id=159,match,1.00,,build/pieces/refs/mutopia-159.png,,
"Bach, Johann Sebastian","Invention No. 7 in E Minor, BWV 778",6,./mxl/7/15/QmPd5AzwrvBgj6EwTiu1uvG5Hoc8X2GSxqyrDycqrCY6w4.mxl,BWV 778: Invention VII (A = 415 Hz) - Harpsihord sound,https://www.mutopiaproject.org/cgibin/piece-info.cgi?id=73,match,1.00,,build/pieces/refs/mutopia-73.png,,
"Bach, Johann Sebastian","Invention No. 9 in F Minor, BWV 780",6,./mxl/7/53/QmPXBnwYth7knzNKpr3uWgZqxfnQ7DLkhjj9Zo8tHQN8t3.mxl,BWV 780: Invention IX (A = 415 Hz) - Harpsichord sound,https://www.mutopiaproject.org/cgibin/piece-info.cgi?id=171,match,1.00,,build/pieces/refs/mutopia-171.png,,
"Bach, Johann Sebastian","Invention No. 10 in G Major, BWV 781",5 6,./mxl/16/16/QmYDvsjMFNH9ZdPZKuo8JEQihnXgG5cKPYZdQscgEdyKNn.mxl,BWV 781: Invention X (A = 415 Hz) - Harpsichord sound,https://www.mutopiaproject.org/cgibin/piece-info.cgi?id=62,match,1.00,,build/pieces/refs/mutopia-62.png,,
"Bach, Johann Sebastian","Invention No. 11 in G Minor, BWV 782",5 6,./mxl/10/16/QmSDCwHjSSFa5GvZL9fzKZgXjk9bK7VSXiaHXhKomLydpf.mxl,Johann Sebastian Bach - Inventio 11,https://www.mutopiaproject.org/cgibin/piece-info.cgi?id=71,match,1.00,,build/pieces/refs/mutopia-71.png,,
"Bach, Johann Sebastian","Invention No. 12 in A Major, BWV 783",6 7,./mxl/12/11/QmUbcXeB8pEZedbPw9o8wMwdbR1KA5fsjo8fERbVwaz5yq.mxl,BWV 783: Invention XII (A = 415 Hz) - Harpsichord sound,https://www.mutopiaproject.org/cgibin/piece-info.cgi?id=174,match,1.00,,build/pieces/refs/mutopia-174.png,,
"Bach, Johann Sebastian","Invention No. 13 in A Minor, BWV 784",6,./mxl/12/11/QmUbCP81miGkFzFSk3cTqCXyNV4psQm4UM33sjmc4Twpae.mxl,Johann Sebastian Bach - Invention No. 13 in A minor BWV 784 for Piano - BreezePiano,https://www.mutopiaproject.org/cgibin/piece-info.cgi?id=59,match,1.00,,build/pieces/refs/mutopia-59.png,,
J.S. Bach,"Sinfonia No. 2 in C Minor, BWV 788",7,./mxl/5/57/QmfZTrMTJo9d1fYkQhrfRZYJ5T1qUAo6tyBo1CGDY6yiLm.mxl,BWV 788: Sinfonia II - Harpsichord sound,https://www.mutopiaproject.org/cgibin/piece-info.cgi?id=140,match,1.00,,build/pieces/refs/mutopia-140.png,,
"Bach, Johann Sebastian","Sinfonia No. 1 in C Major, BWV 787",7,./mxl/12/56/QmUzEXuuy2xGqdaAD2Yv2sjPTg1TBHecppsHjr7cqidhxp.mxl,BWV 787: Sinfonia I - Harpsichord sound,https://www.mutopiaproject.org/cgibin/piece-info.cgi?id=142,match,1.00,,build/pieces/refs/mutopia-142.png,,
"Bach, Johann Sebastian","Prelude and Fugue in C Minor, BWV 847",7,./mxl/1/19/Qmbfda5RowJHgjva4RjA34oPiZ38G1EjEEgomygxKcqXKi.mxl,Prelude and Fugue 2 - OpenWTC,https://www.mutopiaproject.org/cgibin/piece-info.cgi?id=550,partial,0.25,,build/pieces/refs/mutopia-550.png,https://www.mutopiaproject.org/cgibin/piece-info.cgi?id=1941,build/pieces/refs/mutopia-1941-end.png
"Mozart, Wolfgang Amadeus","Fantasia in D Minor, K 397 (385g)",7,./mxl/8/50/QmQwbzJxX8Qsr5FKKmvGVQm3MteDfUQZKQojt4BpTuBDkB.mxl,Fantasy in D minor by Mozart,https://www.mutopiaproject.org/cgibin/piece-info.cgi?id=2034,match,0.55,,build/pieces/refs/mutopia-2034.png,,
Chopin,"Nocturne in E flat Major, op. 9, no. 2",7,content/scores/imported/musetrainer/scores/Chopin_-_Nocturne_Op_9_No_2_E_Flat_Major.mxl,Chopin - Nocturne Op 9 No 2 E Flat Major,https://www.mutopiaproject.org/cgibin/piece-info.cgi?id=1590,match,1.00,,build/pieces/refs/mutopia-1590.png,,
"Chopin, Frédéric","Waltz in D flat Major, op. 64, no. 1 (“Minute”)",7,./mxl/11/26/QmTjD7qrdZCaNYy77zdiBjVy3NKkS1bbyj4LvTyivfZTPW.mxl,Minute Waltz,https://www.mutopiaproject.org/cgibin/piece-info.cgi?id=483,match,0.60,,build/pieces/refs/mutopia-483.png,,
"Schubert, Franz",Impromptu in A flat Major (no. 2),7,./mxl/16/9/QmYabfdUM8Lsp5UYzUaznfApPGC7uA2vShMR6xTFXtMGJ2.mxl,Schubert Impromptu Op. 142 No. 2,https://www.mutopiaproject.org/cgibin/piece-info.cgi?id=1195,none,0.72,,build/pieces/refs/mutopia-1195.png,,
"Bach, Johann Sebastian","Prelude and Fugue in E Major, BWV 854",8,content/scores/imported/asap-dataset/Bach/Fugue/bwv_854/xml_score.musicxml,xml_score,https://www.mutopiaproject.org/cgibin/piece-info.cgi?id=1791,partial,0.54,,build/pieces/refs/mutopia-1791.png,,
"Bach, Johann Sebastian","Prelude and Fugue in F Major, BWV 856",8,content/scores/imported/asap-dataset/Bach/Fugue/bwv_856/xml_score.musicxml,xml_score,https://www.mutopiaproject.org/cgibin/piece-info.cgi?id=963,partial,0.25,,build/pieces/refs/mutopia-963.png,https://www.mutopiaproject.org/cgibin/piece-info.cgi?id=964,build/pieces/refs/mutopia-964-end.png
"Bach, Johann Sebastian","Prelude and Fugue in A flat Major, BWV 862",8,content/scores/imported/asap-dataset/Bach/Fugue/bwv_862/xml_score.musicxml,xml_score,https://www.mutopiaproject.org/cgibin/piece-info.cgi?id=1045,partial,0.24,,build/pieces/refs/mutopia-1045.png,https://www.mutopiaproject.org/cgibin/piece-info.cgi?id=1375,build/pieces/refs/mutopia-1375-end.png
"Bach, Johann Sebastian","Prelude and Fugue in C Major, BWV 870",8,content/scores/imported/asap-dataset/Bach/Fugue/bwv_870/xml_score.musicxml,xml_score,https://www.mutopiaproject.org/cgibin/piece-info.cgi?id=2223,partial,0.25,,build/pieces/refs/mutopia-2223.png,https://www.mutopiaproject.org/cgibin/piece-info.cgi?id=209,build/pieces/refs/mutopia-209-end.png
"Bach, Johann Sebastian","Prelude and Fugue in D Minor, BWV 875",8,content/scores/imported/asap-dataset/Bach/Prelude/bwv_875/xml_score.musicxml,Prélude No. 6 in D Minor,https://www.mutopiaproject.org/cgibin/piece-info.cgi?id=974,partial,0.25,,build/pieces/refs/mutopia-974.png,,
"Beethoven, Ludwig van","Sonata in F Minor, op. 2, no. 1: 1st and 2nd movements",8,./mxl/5/16/QmfDbYzSNHbKmagNd7PwVSMh2AbHKKe3GcqJoeqt8vFf9Y.mxl,Beethoven - Sonata in F minor Op.2 No.1 Movement I,https://www.mutopiaproject.org/cgibin/piece-info.cgi?id=2070,match,0.59,,build/pieces/refs/mutopia-2070.png,,
"Beethoven, Ludwig van","Sonata in F Minor, op. 2, no. 1: 3rd and 4th movements",8,./mxl/5/16/QmfDbYzSNHbKmagNd7PwVSMh2AbHKKe3GcqJoeqt8vFf9Y.mxl,Beethoven - Sonata in F minor Op.2 No.1 Movement I,https://www.mutopiaproject.org/cgibin/piece-info.cgi?id=1276,match,0.58,,build/pieces/refs/mutopia-1276.png,,
"Beethoven, Ludwig van","Sonata in C Minor, op. 10, no. 1: 1st and 2nd movements",8,./mxl/9/17/QmReAFwCejeyHAoBsegKGqiJQDXNkpP2qdvtsXqf6ot1Lz.mxl,Beethoven Piano Sonata No. 5 in C-Minor Op. 10 No. 1,https://www.mutopiaproject.org/cgibin/piece-info.cgi?id=778,match,0.53,,build/pieces/refs/mutopia-778.png,,
"Beethoven, Ludwig van","Sonata in C Minor, op. 10, no. 1: 2nd and 3rd movements",8,./mxl/9/17/QmReAFwCejeyHAoBsegKGqiJQDXNkpP2qdvtsXqf6ot1Lz.mxl,Beethoven Piano Sonata No. 5 in C-Minor Op. 10 No. 1,https://www.mutopiaproject.org/cgibin/piece-info.cgi?id=779,match,0.57,,build/pieces/refs/mutopia-779.png,,
"Chopin, Frédéric","Nocturne in B flat Minor, op. 9, no. 1",8,content/scores/imported/musetrainer/scores/Chopin_-_Nocturne_Op._9_No._1.mxl,Chopin - Nocturne Op. 9 No. 1,https://www.mutopiaproject.org/cgibin/piece-info.cgi?id=582,match,1.00,,build/pieces/refs/mutopia-582.png,,
Johann Sebastian Bach,"Aria (from Goldberg Variations, BWV 988)",7,./mxl/14/24/QmWHjTTbQJFLQHZ94V55odFCFxDY5n2sKoDBy9sSLBthdj.mxl,Goldberg Variations,https://www.mutopiaproject.org/cgibin/piece-info.cgi?id=980,partial,0.88,,build/pieces/refs/mutopia-980.png,,
Johann Sebastian Bach,"Invention no. 12 in A, BWV 783",7,./mxl/12/11/QmUbcXeB8pEZedbPw9o8wMwdbR1KA5fsjo8fERbVwaz5yq.mxl,BWV 783: Invention XII (A = 415 Hz) - Harpsichord sound,https://www.mutopiaproject.org/cgibin/piece-info.cgi?id=174,match,1.00,,build/pieces/refs/mutopia-174.png,,
George Frideric Handel,Fughetta in D,7,./mxl/14/2/QmW3qWty3h9kqVW92iVFJ7gh7LdAD3mpuRAPkiXuT7fzGp.mxl,Fugueta nº 3,https://www.mutopiaproject.org/cgibin/piece-info.cgi?id=153,none,0.67,,build/pieces/refs/mutopia-153.png,,
Johann Sebastian Bach,"Prelude and Fugue in E, BWV 854 (from The Well-Tempered Clavier book 1)",8,content/scores/imported/asap-dataset/Bach/Fugue/bwv_854/xml_score.musicxml,xml_score,https://www.mutopiaproject.org/cgibin/piece-info.cgi?id=1791,partial,0.30,,build/pieces/refs/mutopia-1791.png,,
Frédéric Chopin,"Valse, op. 64 no. 1",8,./mxl/11/26/QmTjD7qrdZCaNYy77zdiBjVy3NKkS1bbyj4LvTyivfZTPW.mxl,Minute Waltz,https://www.mutopiaproject.org/cgibin/piece-info.cgi?id=483,match,0.43,,build/pieces/refs/mutopia-483.png,,
Turpin T.,The St Louis rag,7,./mxl/0/30/QmaLVzjqDHcFnwFupNyDw4SL2Nb62LowJiJVs7WAsmgVYv.mxl,Saint Louis Rag,https://www.mutopiaproject.org/cgibin/piece-info.cgi?id=369,none,1.00,,build/pieces/refs/mutopia-369.png,,
Joplin S.,Magnetic Rag,7,./mxl/9/36/QmRpQq3Bg9fZA6hAhAjQQ7vrd986k5BqSenkWwE9U83V6x.mxl,Magnetic Rag - Scott Joplin - 1914,https://www.mutopiaproject.org/cgibin/piece-info.cgi?id=441,none,1.00,,build/pieces/refs/mutopia-441.png,,
Chopin F.,Prelude in A minor Op 28 no 2,11,./mxl/5/32/QmfM3JtYkeZXaQbaDJrJV3V54mujUrEcGLBEn1djBtaUHM.mxl,Chopin 24 Préludes Opus 28,https://www.mutopiaproject.org/cgibin/piece-info.cgi?id=494,match,1.00,,build/pieces/refs/mutopia-494.png,,
Chopin F.,Prelude in C major Op 28 no 1,11,./mxl/4/13/QmecdkkSeqYbyHJYP8m1s2sNV2Un2c5P1kX7D6NR5ykG8z.mxl,Chopin Prelude in C Major Op. 28 No. 1 (Piano solo),https://www.mutopiaproject.org/cgibin/piece-info.cgi?id=411,match,1.00,,build/pieces/refs/mutopia-411.png,,
Chopin F.,Etude in Ab major No 1 from Etudes Op 25CT 26,11,./mxl/15/6/QmX7FqRKaQ9rxcr6jHhSxUVnvwCPhssmEKuxRu1rmWsoEw.mxl,Douze Études op. 25 (full),https://www.mutopiaproject.org/cgibin/piece-info.cgi?id=489,match,0.59,,build/pieces/refs/mutopia-489.png,,
Handel G.,Fugue in B minor HWV 608,,./mxl/14/2/QmW3qWty3h9kqVW92iVFJ7gh7LdAD3mpuRAPkiXuT7fzGp.mxl,Fugueta nº 3,https://www.mutopiaproject.org/cgibin/piece-info.cgi?id=153,none,0.67,,build/pieces/refs/mutopia-153.png,,
Chopin F.,Nocturne in Db major Op 27 No 2CT 115,11,./mxl/15/33/QmXnhQJy7fQLcWkcmFj1kGJtgEZrmCWgc4pHsFrFUd5xb9.mxl,Chopin Nocturne in D-Flat Major Op. 27 No. 2,https://www.mutopiaproject.org/cgibin/piece-info.cgi?id=486,none,0.84,,build/pieces/refs/mutopia-486.png,,
Chopin F.,Etude in Gb major Op 10 No 5,,./mxl/4/49/QmeVkP7EWTjxJBHryaXqsMjgTkkjk7Eu1pXYXLGCZ2v48o.mxl,12 ÉTUDES NO 10 OP 5,https://www.mutopiaproject.org/cgibin/piece-info.cgi?id=926,match,0.56,,build/pieces/refs/mutopia-926.png,,
Chopin F.,Ballade in Ab major Op 47,10 11,./mxl/3/5/Qmd67WvFZb7WTWP7zGHcQ3mCJLZEUoiMkqMtvPG8LuMN19.mxl,Chopin Ballad No. 3 (Piano solo),https://www.mutopiaproject.org/cgibin/piece-info.cgi?id=422,none,1.00,,build/pieces/refs/mutopia-422.png,,
Chopin F.,Etude in C minor Op 10 No 12 (Revolutionary),7,./mxl/5/39/QmfQKXZf9jRfYbvmZU8usVRg2ktCbtqbsJG6inTLH19D6g.mxl,Revolutionary Etude,https://www.mutopiaproject.org/cgibin/piece-info.cgi?id=743,match,0.55,,build/pieces/refs/mutopia-743.png,,
Chopin F.,Ballade in F major Op 38,10 11,./mxl/4/7/Qme88a7Fvz73EWc6i6ba61XjfTNxj1cJPeZBRsh1EGqVrC.mxl,Chopin Ballade No. 2 (Piano solo),https://www.mutopiaproject.org/cgibin/piece-info.cgi?id=422,none,1.00,,build/pieces/refs/mutopia-422.png,,
Chopin F.,Prelude in G minor Op 28 No 22 (Impatience),11,./mxl/0/17/Qmaej71cef7XHxx5PtNX1rk3onqMdRojphJhurMPbmE41Z.mxl,Chopin - Preludio op. 28 nº 22,https://www.mutopiaproject.org/cgibin/piece-info.cgi?id=2214,match,0.56,,build/pieces/refs/mutopia-2214.png,,
Bach J.S.,Little Prelude in C BWV 939,3 5,./mxl/6/26/QmNjDJ1X5fmH6pi6PzAysdfn1WMKDgHfb6nGxgaP3D2yBL.mxl,Johann Sebastian Bach - Pr\aludium,https://www.mutopiaproject.org/cgibin/piece-info.cgi?id=1593,partial,0.50,,build/pieces/refs/mutopia-1593.png,,
Burgmuller J.F.,Petit Reunion in C major Op 100 No 4,3,./mxl/15/39/QmXQUxkVLSZUanTaciCVpsBfNdnovofwRzybJp6aAda382.mxl,Burgmuller No 4 Petite Reunion,https://www.mutopiaproject.org/cgibin/piece-info.cgi?id=219,partial,0.87,,build/pieces/refs/mutopia-219.png,,
Bach J.S.,2-Part Invention No 13 in A minor BWV 784,5 6,./mxl/12/11/QmUbCP81miGkFzFSk3cTqCXyNV4psQm4UM33sjmc4Twpae.mxl,Johann Sebastian Bach - Invention No. 13 in A minor BWV 784 for Piano - BreezePiano,https://www.mutopiaproject.org/cgibin/piece-info.cgi?id=59,match,0.78,,build/pieces/refs/mutopia-59.png,,
Brahms J.,Waltz No 10 in G major Op 39,6,./mxl/16/22/QmYGyXrZr23KUSiWzFpzbmwbRQdk6Y35dpjVQU7PD5yg56.mxl,Waltz Op.39 N 10,https://www.mutopiaproject.org/cgibin/piece-info.cgi?id=2164,match,1.00,,build/pieces/refs/mutopia-2164.png,,
Handel G.,Fugue in Bb major HWV 607,8,./mxl/6/19/QmNfC6fPqeR7yL9itPc19BGcpaNn4y8F8ZiVegEzrSuqkP.mxl,Fugue in Bâ Major,https://www.mutopiaproject.org/cgibin/piece-info.cgi?id=153,none,0.67,,build/pieces/refs/mutopia-153.png,,
Bach C.P.E.,Minuet in Eb major H 171,2,./mxl/8/29/QmQKQtmH8DsnA5gc9vu2x1tgZeTdX2gXLP43id8LnKKREH.mxl,Minuet_in_C_Minor,https://www.mutopiaproject.org/cgibin/piece-info.cgi?id=1481,none,0.75,,build/pieces/refs/mutopia-1481.png,,
Burgmuller J.F.,Arabesque in A minor Op 100 No 2,2 3,./mxl/11/48/QmTvMxdMwcpLqNRRV8UBcFWvezab2dcr66WS7kVSAcF4dH.mxl,L'arabesque,https://www.mutopiaproject.org/cgibin/piece-info.cgi?id=203,partial,0.90,,build/pieces/refs/mutopia-203.png,,
Beethoven L.,Sonatina in C major WoO51 mvt 1,5,./mxl/7/55/QmPYYe6pALobPqiNuvLhX7SnqonB6aLXxztqnMhHNgR1xn.mxl,Piano Sonata No.21 Op.53,https://www.mutopiaproject.org/cgibin/piece-info.cgi?id=1022,none,0.67,,build/pieces/refs/mutopia-1022.png,,
Burgmuller J.F.,Ballade in C minor Op 100 No 15,4,./mxl/12/5/QmU6N3TkyWQa4ZByjNMwXt86J5N5cLFAUZ4R7gnUUoqmfW.mxl,Ballade,https://www.mutopiaproject.org/cgibin/piece-info.cgi?id=227,partial,1.00,,build/pieces/refs/mutopia-227.png,,
Beethoven L.,Rondo a Capriccio (Rage over a lost penny) Op 129,,./mxl/7/21/QmPg3YVnGmALX7TUEjpNtHobhqaizy6pDCmuSkW4xEvT5H.mxl,Rondo a Capriccio Rage over a lost Penny Beethoven op 129,https://www.mutopiaproject.org/cgibin/piece-info.cgi?id=498,match,0.59,,build/pieces/refs/mutopia-498.png,,
Bach J.S.,Fantasia and Fugue in A minor BWV 944,,./mxl/1/22/QmbGkTUZDmd4LJxmNckDTj5knX5EE8sVGupvzyM4LZJqPC.mxl,BWV 944: Fantasia and Fugue in A minor,https://www.mutopiaproject.org/cgibin/piece-info.cgi?id=1601,partial,0.73,,build/pieces/refs/mutopia-1601.png,,
Chopin F.,Nocturne in Bb minor Op 9 No 1,8,content/scores/imported/musetrainer/scores/Chopin_-_Nocturne_Op._9_No._1.mxl,Chopin - Nocturne Op. 9 No. 1,https://www.mutopiaproject.org/cgibin/piece-info.cgi?id=582,match,1.00,,build/pieces/refs/mutopia-582.png,,
Chopin F.,Etude in F minor No 2 from Etudes Op 25CT 27,8,./mxl/12/28/QmUkD6wP1EPZxe1mpMMgQeTVsMi427XzpC1EmKQp828Dpn.mxl,Chopin Etude Op. 25 No. 2 F MinorThe Bees,https://www.mutopiaproject.org/cgibin/piece-info.cgi?id=757,match,0.48,,no PDF link,,
Chopin F.,Nocturne in E minor Op 72 No 1,8,./mxl/17/26/QmZjvcr2jKehXfKzwznakmHNVAdwN2zX86NGYD7DHw4Qgz.mxl,Chopin Nocturne in E Minor Op. 72 No. 1,https://www.mutopiaproject.org/cgibin/piece-info.cgi?id=509,match,1.00,,build/pieces/refs/mutopia-509.png,,
Chopin F.,Prelude in G major Op 28 no 3,11,./mxl/15/7/QmX8vPWgtgQapKMw2n1EkUJ8Y6ir21WPKuKB5pFCpdHD3b.mxl,Prélude No. 3 In G Major Op. 28 - Frédéric Chopin,https://www.mutopiaproject.org/cgibin/piece-info.cgi?id=2159,match,1.00,,build/pieces/refs/mutopia-2159.png,,
Brahms J.,Intermezzo in A major No 2 from Clavierstucke Op 118,11 9,content/scores/imported/asap-dataset/Brahms/Six_Pieces_op_118/2/xml_score.musicxml,Intermezzo,https://www.mutopiaproject.org/cgibin/piece-info.cgi?id=535,match,0.59,,build/pieces/refs/mutopia-535.png,,
Chopin F.,Ballade No 4 in F minor Op 52,10 12,./mxl/12/28/QmUkCd5kX3tLNtrCNzmMgNSLJ7GGFsjfGbMBsNgq7612ox.mxl,Chopin Ballade No. 4 (Piano solo),https://www.mutopiaproject.org/cgibin/piece-info.cgi?id=422,none,1.00,,build/pieces/refs/mutopia-422.png,,
Andre J.,Sonatina in C major Op 34  No 1 - mvt 3 Rondo,4,./mxl/0/44/QmatNEo3Bqbyy5mghPTJeoUc1KsYn6UoqN14N8WadpQ17c.mxl,André: Sonatina - Op. 34 No. 1,https://www.mutopiaproject.org/cgibin/piece-info.cgi?id=207,partial,0.64,,build/pieces/refs/mutopia-207.png,,
Chopin F.,Nocturne in Eb major Op 9 No 2,7,content/scores/imported/musetrainer/scores/Chopin_-_Nocturne_Op_9_No_2_E_Flat_Major.mxl,Chopin - Nocturne Op 9 No 2 E Flat Major,https://www.mutopiaproject.org/cgibin/piece-info.cgi?id=1590,match,1.00,,build/pieces/refs/mutopia-1590.png,,
Bach J.S.,French Suite No 6 in E major BWV 817 - mvts 7 and 8,7,./mxl/4/24/QmeHm1JCP75XsSRs2YJCvQsZ4f2MMmh8VhjXmhJamXinnc.mxl,BWV 817: French Suite VI (A = 415 Hz) - Harpsichord sound,https://www.mutopiaproject.org/cgibin/piece-info.cgi?id=1935,match,0.83,,no PDF link,,
Bach J.S.,French Suite No 6 in E major BWV 817 - mvt 7 Bouree,7,./mxl/4/24/QmeHm1JCP75XsSRs2YJCvQsZ4f2MMmh8VhjXmhJamXinnc.mxl,BWV 817: French Suite VI (A = 415 Hz) - Harpsichord sound,https://www.mutopiaproject.org/cgibin/piece-info.cgi?id=1935,match,0.77,,no PDF link,,
Scriabin A.,Prelude - op 16 no 4 Eb minor,7,./mxl/17/50/QmZwDV4StECtWiuytYnbuNyftu958qcTv726nQZjbtPbLe.mxl,Alexander Scriabin - Prelude Opus 16 No. 4 in Eâ Minor,https://www.mutopiaproject.org/cgibin/piece-info.cgi?id=762,match,0.93,,build/pieces/refs/mutopia-762.png,,
Bach J.S.,Partita No 1 BWV 825 in Bb major - mvt 7 Giga,7,./mxl/15/36/QmXp4qcv5nmY2hbptnMu22MMMkjB4AEo59SzEXCphyhsfq.mxl,BWV 825: Partita I (A = 415 Hz) - harpsichord sound,https://www.mutopiaproject.org/cgibin/piece-info.cgi?id=474,match,0.45,,no PDF link,,
Bach J.S.,Fugue No 6 in D minor from WTC Book 2 BWV 875,,content/scores/imported/asap-dataset/Bach/Fugue/bwv_875/xml_score.musicxml,Fugue No. 6 in 3 voices in D Minor,https://www.mutopiaproject.org/cgibin/piece-info.cgi?id=974,partial,0.14,,build/pieces/refs/mutopia-974.png,,
Clementi M.,Sonatina in C major Op 36 No 1 - mvt 2 Andante,3,./mxl/2/30/QmcL4z88s7cMmkMnxMnYFMt8DkNyaCdGd2W3U7ex4Use19.mxl,Clementi Opus 36 no 1 First Movement,https://www.mutopiaproject.org/cgibin/piece-info.cgi?id=804,none,0.67,,build/pieces/refs/mutopia-804.png,,
Clementi M.,Sonatina in C major Op 36 No 1 - mvt 3 Vivace,3,./mxl/2/30/QmcL4z88s7cMmkMnxMnYFMt8DkNyaCdGd2W3U7ex4Use19.mxl,Clementi Opus 36 no 1 First Movement,https://www.mutopiaproject.org/cgibin/piece-info.cgi?id=804,none,0.70,,build/pieces/refs/mutopia-804.png,,
Bach J.S.,English Suite No 2 in A minor BWV 807 mvt 5 Bouree No 1,6,./mxl/13/22/QmVGGdAg3fzsH8DeQjwDDjpwzggTc68S3App2HvPP8Motc.mxl,BWV 807: English Suite II (A = 415 Hz) - Harpsichord sound,https://www.mutopiaproject.org/cgibin/piece-info.cgi?id=82,partial,0.87,,build/pieces/refs/mutopia-82.png,,
Bach J.S.,English Suite No 1 in A major BWV 806 - mvt 7 Bouree II,6,./mxl/0/52/QmaxciYjJFQezNgB33WXvVmyBzF3FfMVDq8pUsPSFjfZEQ.mxl,BWV 806: English Suite I (A = 415 Hz) - Harpsichord sound,https://www.mutopiaproject.org/cgibin/piece-info.cgi?id=86,partial,0.94,,build/pieces/refs/mutopia-86.png,,
Bach J.S.,Partita No 1 in Bb major BWV 825 - mvt 5 Minuets I  II,6,./mxl/15/36/QmXp4qcv5nmY2hbptnMu22MMMkjB4AEo59SzEXCphyhsfq.mxl,BWV 825: Partita I (A = 415 Hz) - harpsichord sound,https://www.mutopiaproject.org/cgibin/piece-info.cgi?id=474,match,0.46,,no PDF link,,
Schubert F.,Moments musicaux Nos 4 and 5 (Cm and Fm) D780 Op94,8,./mxl/15/14/QmXCYYCjkTZxTtYmMYo1jYLCZmKAdo8cB7QjEBQZNcMoM1.mxl,Moments Musicaux Opus 94 No. 3 in F minor - Franz Schubert,https://www.mutopiaproject.org/cgibin/piece-info.cgi?id=1023,match,0.68,,build/pieces/refs/mutopia-1023.png,,
Bach J.S.,French Suite No 5 in G major BWV 816 mvt 7 Gigue,8,./mxl/3/52/Qmdxy33S8g8Teqyarysz4Wq5VcacGFXuJWJxUTi4zDynzf.mxl,French Suite V: Gigue,https://www.mutopiaproject.org/cgibin/piece-info.cgi?id=99,partial,0.80,,no PDF link,,
Schubert F.,Impromptu - op 142 no 2 Ab major D935,7 8,./mxl/16/9/QmYabfdUM8Lsp5UYzUaznfApPGC7uA2vShMR6xTFXtMGJ2.mxl,Schubert Impromptu Op. 142 No. 2,https://www.mutopiaproject.org/cgibin/piece-info.cgi?id=1195,match,0.73,,build/pieces/refs/mutopia-1195.png,,
Kuhlau F.,Sonatina in C major Op 20 No 1 - mvt 2 Andante,5,./mxl/12/42/QmUsAkreJDYuBXm1cxjLDGSghwYUmUbe7J2XbxN9hnyDAH.mxl,Piano Sonatina in C major Op 20 No 1 by Friedrich Kuhlau,https://www.mutopiaproject.org/cgibin/piece-info.cgi?id=233,none,0.88,,build/pieces/refs/mutopia-233.png,,
Kuhlau F.,Sonatina in C major Op 20 No 1 - mvt 3 Rondo - Allegro,5,./mxl/8/41/QmQR6PUBEzWWcB7AYyPja37sh6Djg9RPgiPhFHr7jBQrrL.mxl,Kuhlau Sonatina op. 20 Nr. 1 C Major - Allegro,https://www.mutopiaproject.org/cgibin/piece-info.cgi?id=232,none,0.80,,build/pieces/refs/mutopia-232.png,,
Kuhlau F.,Sonatina in C major Op 20 No 1 - mvt 2 and 3,5,./mxl/8/41/QmQR6PUBEzWWcB7AYyPja37sh6Djg9RPgiPhFHr7jBQrrL.mxl,Kuhlau Sonatina op. 20 Nr. 1 C Major - Allegro,https://www.mutopiaproject.org/cgibin/piece-info.cgi?id=232,none,0.62,,build/pieces/refs/mutopia-232.png,,
Chopin F.,Mazurka in Ab major Op posth. B 85,6,./mxl/2/55/QmcYXSxYsj8B4kgJX5X7TayL9pXY4fcYNsY4HcQ4pxyD72.mxl,Mazurka Op.68 No.4 - Chopin - posth.,https://www.mutopiaproject.org/cgibin/piece-info.cgi?id=1682,none,0.70,,build/pieces/refs/mutopia-1682.png,,
Bach J.S.,Partita No 1 in Bb major BWV 825 - mvt 3 Courante and mvt 4 Sarabande,8,./mxl/16/56/QmYz2hYiEpfeRqGCeuJRaFiB5on1nuYdK1dawDE8MFLbeR.mxl,Bach - Partita I: Sarabande,https://www.mutopiaproject.org/cgibin/piece-info.cgi?id=474,partial,0.48,,no PDF link,,
Czerny C.,Etude in Bb major Op 821 No 11,5,./mxl/11/50/QmTweH6fqVhz4zYvL7uDEj1Lj4vGcSsuG8E2ou1swGDHo2.mxl,Czerny: 160 Kurze Übungen op. 821 no. 11,https://www.mutopiaproject.org/cgibin/piece-info.cgi?id=2076,match,0.29,,build/pieces/refs/mutopia-2076.png,,
Scriabin A.,Prelude - op 16 no 3 Gb major,7,./mxl/2/16/QmcDjQjrg1tFYcDQGB8ZysNffHXaZWtwzf2TmUPe2Zc5YC.mxl,Alexander Scriabin - Prelude Opus 16 No. 3 in Gâ Major,https://www.mutopiaproject.org/cgibin/piece-info.cgi?id=761,match,0.93,,build/pieces/refs/mutopia-761.png,,
Joplin S.,The Entertainer,7,./mxl/1/27/QmbJXNcUfabd1RNA4zq9VbxhLEUkgdJxTAzjZMPugdho5X.mxl,The Entertainer,https://www.mutopiaproject.org/cgibin/piece-info.cgi?id=263,none,1.00,,build/pieces/refs/mutopia-263.png,,
Beethoven L.,Sonata No 32 in C minor Op 111,11,./mxl/7/19/QmPfkmUHmLm4K8cNoewpLhsLkdEjscmcQNpPMgxv44nhHp.mxl,Sonata,https://www.mutopiaproject.org/cgibin/piece-info.cgi?id=1022,match,0.75,,build/pieces/refs/mutopia-1022.png,,
Bach J.S.,English Suite No 1 in A major BWV 806 - mvt 6 Bouree I,6,./mxl/0/52/QmaxciYjJFQezNgB33WXvVmyBzF3FfMVDq8pUsPSFjfZEQ.mxl,BWV 806: English Suite I (A = 415 Hz) - Harpsichord sound,https://www.mutopiaproject.org/cgibin/piece-info.cgi?id=85,partial,0.94,,build/pieces/refs/mutopia-85.png,,
Bach J.S.,Partita No 1 in Bb major - BWV 825 - mvts 5 and 6 Menuet 1 and Menuet 2,6,./mxl/3/46/QmdutfVD4XXY4PgLMGV3182HooKGV3xCCCqDuUmQ6tfRjJ.mxl,J. S. Bach - Partita No.1 - B flat major - Menuet 1 - BWV 825,https://www.mutopiaproject.org/cgibin/piece-info.cgi?id=474,partial,0.45,,no PDF link,,
Chopin F.,Waltz in Db major Op 64 No 1 (Minute Waltz),7 8,./mxl/11/26/QmTjD7qrdZCaNYy77zdiBjVy3NKkS1bbyj4LvTyivfZTPW.mxl,Minute Waltz,https://www.mutopiaproject.org/cgibin/piece-info.cgi?id=483,match,0.83,,build/pieces/refs/mutopia-483.png,,
Bach J.S.,Goldberg Variations in G major BWV 988 - Aria,5,./mxl/14/24/QmWHjTTbQJFLQHZ94V55odFCFxDY5n2sKoDBy9sSLBthdj.mxl,Goldberg Variations,https://www.mutopiaproject.org/cgibin/piece-info.cgi?id=979,match,1.00,,build/pieces/refs/mutopia-979.png,,
Beethoven L.,Bagatelle No 25 in A minor WoO 59 (Fur Elise),5 6,./mxl/3/53/QmdXWkWbF5xQQnBwYR2LFiiSDjY7kWswUocDNAwKbeviFe.mxl,Für Elise / Bagatelle für Klavier (a-Moll) WoO 59,https://www.mutopiaproject.org/cgibin/piece-info.cgi?id=931,match,0.64,,build/pieces/refs/mutopia-931.png,,
Mozart W.,Gigue in G major K 574,7,./mxl/7/16/QmPD9REJU9ssdA78fLwzoFYeWFS1SpiGuUvx2TcTqNST15.mxl,Gigue in G Major - K. 574,https://www.mutopiaproject.org/cgibin/piece-info.cgi?id=239,match,0.83,,build/pieces/refs/mutopia-239.png,,
Rachmaninoff S.,Prelude in D major No 4 from 10 preludes Op 23,10 11,content/scores/imported/asap-dataset/Rachmaninoff/Preludes_op_23/4/xml_score.musicxml,10 Preludes,https://www.mutopiaproject.org/cgibin/piece-info.cgi?id=1993,match,0.61,,build/pieces/refs/mutopia-1993.png,,
Rachmaninoff S.,Prelude in Eb major No 6 from 10 preludes Op 23,11 8 9,content/scores/imported/asap-dataset/Rachmaninoff/Preludes_op_23/6/xml_score.musicxml,10 Preludes,https://www.mutopiaproject.org/cgibin/piece-info.cgi?id=1996,match,0.61,,build/pieces/refs/mutopia-1996.png,,
Mozart W.,Fantasie in D minor K 397,6 7,./mxl/8/50/QmQwbzJxX8Qsr5FKKmvGVQm3MteDfUQZKQojt4BpTuBDkB.mxl,Fantasy in D minor by Mozart,https://www.mutopiaproject.org/cgibin/piece-info.cgi?id=2034,match,0.71,,build/pieces/refs/mutopia-2034.png,,
