level,composer,title,candidate_file,use,reference,opening,ending,list_sources_in
B,attr. L. Mozart,Minuet in F Major,./mxl/16/53/QmYXGJHJVBzWH49y5pr4LRhNv1XyoGQV1GHMmrKmADwKfr.mxl,,https://pianocoda.com/w-a-mozart/minuet-in-f/,match,match,docs/pieces/quality.csv
B,Michael Praetorius,Old German Dance,./mxl/17/54/QmZyzujpizy8vQaR7acjN5TB6FDJsWsVd4hLDwYjV2TF9P.mxl,,https://pianocoda.com/praetorius/old-german-dance/,match,match,docs/pieces/quality.csv
1,"Duncombe, William",Sonatina in C Major,./mxl/7/32/QmPMQT5T7bMiFTa9EVyZqPVJieRGqnXoArFAYhPSBZ1FjD.mxl,,https://pianocoda.com/william-duncombe/sonatina-in-c-major/,match,match,docs/pieces/quality.csv
1,attrib. J. S. Bach,"Choral ‘Deal with Me, Lord’, BWV 514",./mxl/12/10/QmUAQv7PsWCJFAFSk1Ksz1UzaPFJe46s2PBqqNzZCyBhz2.mxl,,https://pianocoda.com/j-s-bach/chorale-bwv-514/,match,"match, 1 note differs (b14 bass D3 vs C3)",docs/pieces/quality.csv
1,Schumann R.,Soldatenmarsch (Soldiers March) Op 68 No 2,./mxl/0/32/QmaMe5Ru85vNPdhyqhDey5Dz1eYH2cKL6mU7EuigXGXQXj.mxl,,https://pianocoda.com/robert-schumann/soldiers-march/,match,match,docs/pieces/quality.csv
2,Mozart,"Minuet in D, K. 7",./mxl/0/38/QmaqiaWjuxahsy4GiTg3WNNMEhngex9Jcq448jYfkfCTyU.mxl,,https://pianocoda.com/w-a-mozart/minuet-in-d-k7/,match,match,docs/pieces/quality.csv
2,Burgmuller J.F.,Arabesque in A minor Op 100 No 2,./mxl/17/19/QmZfHayYiHJJBpxa5yZpMwR9RDMcDRYGvFC25NyyKa8ziH.mxl,,https://pianocoda.com/burgmuller/arabesque/,match,match,docs/pieces/quality.csv
2,Handel,"Impertinence, HWV 494",./mxl/2/35/Qmcoy66kBYb1u3xpnPyzD4xidHGTXQcXFk6aTvzXMQX6xS.mxl,,https://pianocoda.com/handel/impertinence-hwv-494/,"match, 1 note(s) differ",match,docs/pieces/quality.csv
3,Bach J.S.,Little Prelude in C BWV 939,./mxl/17/2/QmZ3RfASNhTtAmVg1sF7DUhxgPjNSWRfpijSrmvJfX14Bu.mxl,,https://pianocoda.com/j-s-bach/little-prelude-in-c-major-bwv-939/,match,"match, 1 note differs (b16 treble E4 under C5 missing)",docs/pieces/quality.csv
3,Clementi,"Sonatina in C Major, op. 36, no. 1: I",./mxl/7/10/QmPAsudN4jHYo1ZLjSocNUD8EpFJgBJiw5XrtjUyKPvKHf.mxl,bars 1-38 (mvt I),https://pianocoda.com/clementi/sonatina-in-c/,match,"match at bars 36-38, end of mvt I (file holds all six Op. 36 sonatinas; orchestrator)",docs/pieces/quality.csv
4,Haydn,Allegro scherzando in F,./mxl/13/11/QmVbzhavuDhKE6tdzG6QG1RuFtXg9SBaPmnQNyG7x375MS.mxl,,https://pianocoda.com/haydn/allegro-scherzando/,match,match,docs/pieces/quality.csv
4,Grieg E.,Arietta (Lyric Pieces Op 12 No 1),./mxl/0/42/QmasAcd9tbsewBQFVVbZNZGg35JCV94UF42JFrqCNngLdM.mxl,,https://pianocoda.com/edvard-grieg/arietta-from-lyric-pieces-op-12-no-1/,match,match (16th runs read approximately),docs/pieces/quality.csv
4,"Tchaikovsky, Pyotr Il’yich",Italian Song (no. 15),./mxl/5/29/QmfKWGMd7CRmVVYsnHEeNcERCrZ9KqRZWTj969wUVyHAvw.mxl,,https://pianocoda.com/tchaikovsky/italian-folk-song/,match,match,docs/pieces/quality.csv
5,J.S. Bach,"Little Prelude in D Minor, BWV 926",./mxl/11/8/QmT9NqLb9PRKSzEJQhgM2iaYrLhUDVQMFc3Vp7BXe4r2eR.mxl,,https://pianocoda.com/j-s-bach/little-prelude-in-d-minor-bwv-926/,match,"match, 1 rest event differs",docs/pieces/quality.csv
5,Clementi,"Spiritoso (1st movt from Sonatina in C, Op. 36 No. 3)",./mxl/0/13/QmacRUvugXM4ARuvKy3w2Mwttj7MFjWE9ezrc9SJTYuW9S.mxl,bars 1-64 (mvt I),https://pianocoda.com/clementi/sonatina-op-36-no-3/,match,"match at bars 62-64, end of mvt I (file holds all 3 movements; orchestrator)",docs/pieces/quality.csv
5,Farrenc L.,Etude in A minor (No 2 from 25 etudes faciles Op 50),./mxl/15/12/QmXBTmTs5nddMCxeoQXdYD449AgBmfcHcv2oFDMNTn4Se3.mxl,,https://pianocoda.com/louise-farrenc/etude-in-a-minor-op-50-no-2/,match,match (orchestrator),docs/pieces/quality.csv
6,Beethoven,"Für Elise, WoO 59",./mxl/3/42/QmdsaGvFWZ8VSzf5PFPfbLkbQvvDSjvRXyjP7MfkKq4C8s.mxl,,https://pianocoda.com/beethoven/fur-elise/,"match, 1 note(s) differ","match, 2 rest events differ",docs/pieces/quality.csv
6,"Satie, Eric",Gnossienne No. 3,./mxl/11/26/QmTjtmaXgH4Xr81Xkdgs4YFRTwvuoXcoGagyjmez2pkuEJ.mxl,,https://pianocoda.com/erik-satie/gnossienne-no-3/,"match, 2 note(s) differ",match,docs/pieces/quality.csv
6,W.A. Mozart,"Sonata in C Major, K 545: I",./mxl/1/15/Qmbdw8eizXb9tc5HvoQkKgBeNqDWPgvLWcZuKu8coKyXJP.mxl,bars 1-73 (mvt I),https://pianocoda.com/w-a-mozart/sonata-no-16-in-c-major-k-545/,"match, 1 note(s) differ","match at bars 71-73, end of mvt I (file holds all 3 movements; orchestrator)",docs/pieces/quality.csv
6,Chopin F.,Cantabile in Bb major B 84,./mxl/15/46/QmXuaSpKjt2d9DGbnQ9wX6jnKJVcL2fAXkuKPM89ErM5Zf.mxl,spare,https://pianocoda.com/chopin/cantabile-in-b-flat-b-84/,"match, 1 note(s) differ",match (orchestrator),docs/pieces/quality.csv
