source,level,order,title,composer,teaches,source_url,how_read
"8notes Free Beginner Piano Lessons Book 1 (Christian Morris, David Bruce)",Beginner (8notes),1,Jumping Rabbits,,"Introducing the note C, bass and treble clef and the three simplest musical rhythms",https://www.8notes.com/school/lessons/piano/beginner_piano_method_lessons_book1.asp,"web page summary (WebFetch, 2026-10-10); skill wording may be paraphrased"
"8notes Free Beginner Piano Lessons Book 1 (Christian Morris, David Bruce)",Beginner (8notes),2,The Centipede,,Pieces with note C and new note treble D,https://www.8notes.com/school/lessons/piano/beginner_piano_method_lessons_book1.asp,"web page summary (WebFetch, 2026-10-10); skill wording may be paraphrased"
"8notes Free Beginner Piano Lessons Book 1 (Christian Morris, David Bruce)",Beginner (8notes),3,Two Kittens,,Introducing a new time signature and new note bass B,https://www.8notes.com/school/lessons/piano/beginner_piano_method_lessons_book1.asp,"web page summary (WebFetch, 2026-10-10); skill wording may be paraphrased"
"8notes Free Beginner Piano Lessons Book 1 (Christian Morris, David Bruce)",Beginner (8notes),4,The Kangaroo,,"Introducing new note, treble E",https://www.8notes.com/school/lessons/piano/beginner_piano_method_lessons_book1.asp,"web page summary (WebFetch, 2026-10-10); skill wording may be paraphrased"
"8notes Free Beginner Piano Lessons Book 1 (Christian Morris, David Bruce)",Beginner (8notes),5,Telephone,,"Introducing a new time signature and new note, bass A. 3/4 Time",https://www.8notes.com/school/lessons/piano/beginner_piano_method_lessons_book1.asp,"web page summary (WebFetch, 2026-10-10); skill wording may be paraphrased"
"8notes Free Beginner Piano Lessons Book 1 (Christian Morris, David Bruce)",Beginner (8notes),6,Telephone,David Bruce,,https://www.8notes.com/school/lessons/piano/beginner_piano_method_lessons_book1.asp,"web page summary (WebFetch, 2026-10-10); skill wording may be paraphrased"
"8notes Free Beginner Piano Lessons Book 1 (Christian Morris, David Bruce)",Beginner (8notes),7,Squirrels and Monkeys,,Introducing the note treble F and the concept of repeat bars,https://www.8notes.com/school/lessons/piano/beginner_piano_method_lessons_book1.asp,"web page summary (WebFetch, 2026-10-10); skill wording may be paraphrased"
"8notes Free Beginner Piano Lessons Book 1 (Christian Morris, David Bruce)",Beginner (8notes),8,The Anacrusis,,Introducing the Anacrusis and new note bass G,https://www.8notes.com/school/lessons/piano/beginner_piano_method_lessons_book1.asp,"web page summary (WebFetch, 2026-10-10); skill wording may be paraphrased"
"8notes Free Beginner Piano Lessons Book 1 (Christian Morris, David Bruce)",Beginner (8notes),9,Walking with Grandpa,,"Introducing New Note G, and a complete tune",https://www.8notes.com/school/lessons/piano/beginner_piano_method_lessons_book1.asp,"web page summary (WebFetch, 2026-10-10); skill wording may be paraphrased"
"8notes Free Beginner Piano Lessons Book 1 (Christian Morris, David Bruce)",Beginner (8notes),10,Kangaroo,David Bruce,,https://www.8notes.com/school/lessons/piano/beginner_piano_method_lessons_book1.asp,"web page summary (WebFetch, 2026-10-10); skill wording may be paraphrased"
"8notes Free Beginner Piano Lessons Book 1 (Christian Morris, David Bruce)",Beginner (8notes),11,Ringing Bells,,"Introducing Dynamics - forte, piano, accents and new note bass F",https://www.8notes.com/school/lessons/piano/beginner_piano_method_lessons_book1.asp,"web page summary (WebFetch, 2026-10-10); skill wording may be paraphrased"
"8notes Free Beginner Piano Lessons Book 1 (Christian Morris, David Bruce)",Beginner (8notes),12,Hurry Up,,Introducing 8th notes (quavers) and the concept of crescendo,https://www.8notes.com/school/lessons/piano/beginner_piano_method_lessons_book1.asp,"web page summary (WebFetch, 2026-10-10); skill wording may be paraphrased"
"8notes Free Beginner Piano Lessons Book 1 (Christian Morris, David Bruce)",Beginner (8notes),13,"Knock, Knock",,Introducing Slurs,https://www.8notes.com/school/lessons/piano/beginner_piano_method_lessons_book1.asp,"web page summary (WebFetch, 2026-10-10); skill wording may be paraphrased"
"8notes Free Beginner Piano Lessons Book 1 (Christian Morris, David Bruce)",Beginner (8notes),14,Frere Jacques,,"Introducing More Dynamics - mp, mf, and diminuendo; new note treble A",https://www.8notes.com/school/lessons/piano/beginner_piano_method_lessons_book1.asp,"web page summary (WebFetch, 2026-10-10); skill wording may be paraphrased"
"8notes Free Beginner Piano Lessons Book 1 (Christian Morris, David Bruce)",Beginner (8notes),15,Mary Had A Little Lamb,,Introducing Staccato and tenuto,https://www.8notes.com/school/lessons/piano/beginner_piano_method_lessons_book1.asp,"web page summary (WebFetch, 2026-10-10); skill wording may be paraphrased"
"8notes Free Beginner Piano Lessons Book 1 (Christian Morris, David Bruce)",Beginner (8notes),16,Little Piggy,,Introducing the new note treble F# and D.C.,https://www.8notes.com/school/lessons/piano/beginner_piano_method_lessons_book1.asp,"web page summary (WebFetch, 2026-10-10); skill wording may be paraphrased"
"8notes Free Beginner Piano Lessons Book 1 (Christian Morris, David Bruce)",Beginner (8notes),17,Rustic Dance,,Introducing the note bass Bb,https://www.8notes.com/school/lessons/piano/beginner_piano_method_lessons_book1.asp,"web page summary (WebFetch, 2026-10-10); skill wording may be paraphrased"
"8notes Free Beginner Piano Lessons Book 1 (Christian Morris, David Bruce)",Beginner (8notes),18,Kagome Kagome,,Introducing rests,https://www.8notes.com/school/lessons/piano/beginner_piano_method_lessons_book1.asp,"web page summary (WebFetch, 2026-10-10); skill wording may be paraphrased"
"8notes Free Beginner Piano Lessons Book 1 (Christian Morris, David Bruce)",Beginner (8notes),19,Yankee Doodle,,Two hands,https://www.8notes.com/school/lessons/piano/beginner_piano_method_lessons_book1.asp,"web page summary (WebFetch, 2026-10-10); skill wording may be paraphrased"
"8notes Free Beginner Piano Lessons Book 1 (Christian Morris, David Bruce)",Beginner (8notes),20,Bobby Shaftoe,,,https://www.8notes.com/school/lessons/piano/beginner_piano_method_lessons_book1.asp,"web page summary (WebFetch, 2026-10-10); skill wording may be paraphrased"
"8notes Free Beginner Piano Lessons Book 1 (Christian Morris, David Bruce)",Beginner (8notes),21,Old MacDonald Had a Farm,,Expanded range in both hands,https://www.8notes.com/school/lessons/piano/beginner_piano_method_lessons_book1.asp,"web page summary (WebFetch, 2026-10-10); skill wording may be paraphrased"
"8notes Free Beginner Piano Lessons Book 1 (Christian Morris, David Bruce)",Beginner (8notes),22,"Rock-A-Bye, Baby",,"New note, treble Bb. Introducing key signatures",https://www.8notes.com/school/lessons/piano/beginner_piano_method_lessons_book1.asp,"web page summary (WebFetch, 2026-10-10); skill wording may be paraphrased"
"8notes Free Beginner Piano Lessons Book 1 (Christian Morris, David Bruce)",Beginner (8notes),23,"Rain, Rain, Go Away",,Both hands playing together,https://www.8notes.com/school/lessons/piano/beginner_piano_method_lessons_book1.asp,"web page summary (WebFetch, 2026-10-10); skill wording may be paraphrased"
"8notes Free Beginner Piano Lessons Book 1 (Christian Morris, David Bruce)",Beginner (8notes),24,Happy Birthday to You,,"New notes treble B, A; bass F",https://www.8notes.com/school/lessons/piano/beginner_piano_method_lessons_book1.asp,"web page summary (WebFetch, 2026-10-10); skill wording may be paraphrased"
"8notes Free Beginner Piano Lessons Book 1 (Christian Morris, David Bruce)",Beginner (8notes),25,"Winter from the Four Seasons (2nd movement, Beginner)",Antonio Vivaldi,Bass low C,https://www.8notes.com/school/lessons/piano/beginner_piano_method_lessons_book1.asp,"web page summary (WebFetch, 2026-10-10); skill wording may be paraphrased"
"8notes Free Beginner Piano Lessons Book 1 (Christian Morris, David Bruce)",Beginner (8notes),26,Muffin Man,,,https://www.8notes.com/school/lessons/piano/beginner_piano_method_lessons_book1.asp,"web page summary (WebFetch, 2026-10-10); skill wording may be paraphrased"
"8notes Free Beginner Piano Lessons Book 1 (Christian Morris, David Bruce)",Beginner (8notes),27,Hot Cross Buns,,Bass D,https://www.8notes.com/school/lessons/piano/beginner_piano_method_lessons_book1.asp,"web page summary (WebFetch, 2026-10-10); skill wording may be paraphrased"
"8notes Free Beginner Piano Lessons Book 1 (Christian Morris, David Bruce)",Beginner (8notes),28,Sigga litla systir min,Icelandic traditional,,https://www.8notes.com/school/lessons/piano/beginner_piano_method_lessons_book1.asp,"web page summary (WebFetch, 2026-10-10); skill wording may be paraphrased"
"8notes Free Beginner Piano Lessons Book 1 (Christian Morris, David Bruce)",Beginner (8notes),29,London Bridge is Falling Down,,,https://www.8notes.com/school/lessons/piano/beginner_piano_method_lessons_book1.asp,"web page summary (WebFetch, 2026-10-10); skill wording may be paraphrased"
"8notes Free Beginner Piano Lessons Book 1 (Christian Morris, David Bruce)",Beginner (8notes),30,Bingo,,,https://www.8notes.com/school/lessons/piano/beginner_piano_method_lessons_book1.asp,"web page summary (WebFetch, 2026-10-10); skill wording may be paraphrased"
"8notes Free Beginner Piano Lessons Book 1 (Christian Morris, David Bruce)",Beginner (8notes),31,"Ainsi font, font, font",French traditional,,https://www.8notes.com/school/lessons/piano/beginner_piano_method_lessons_book1.asp,"web page summary (WebFetch, 2026-10-10); skill wording may be paraphrased"
"8notes lesson: An introduction to Reading Lead Sheets on the Piano, Lesson 1",not stated (assumes no prior knowledge),1,Arirang,,fully written two-hand music with chord symbols above the stave,https://8notes.com/school/lessons/piano/how-to-read-a-lead-sheet-on-piano.asp,"web page summary (WebFetch, 2026-10-10); skill wording may be paraphrased"
"8notes lesson: An introduction to Reading Lead Sheets on the Piano, Lesson 1",not stated (assumes no prior knowledge),2,La Bamba,,what a lead sheet looks like: melody and chord symbols only,https://8notes.com/school/lessons/piano/how-to-read-a-lead-sheet-on-piano.asp,"web page summary (WebFetch, 2026-10-10); skill wording may be paraphrased"
"8notes lesson: An introduction to Reading Lead Sheets on the Piano, Lesson 1",not stated (assumes no prior knowledge),3,London Bridge Is Falling Down,,"main practice lead sheet: C and G major chords, melody and chords together",https://8notes.com/school/lessons/piano/how-to-read-a-lead-sheet-on-piano.asp,"web page summary (WebFetch, 2026-10-10); skill wording may be paraphrased"
