source,edition,board_level,ps_level,list,composer,title,catalogue,arranger,publication,period,page
ABRSM,Piano 2025 & 2026,0,,A,Alan Haughton,Gopak,,,"Piano Exam Pieces 2025 & 2026, Initial Grade (ABRSM)",,18
ABRSM,Piano 2025 & 2026,0,,A,Pam Wedgwood,Make Way for the King! (No. 1 from Up-Grade! Piano Grades 0–1),,,"Piano Exam Pieces 2025 & 2026, Initial Grade (ABRSM)",,18
ABRSM,Piano 2025 & 2026,0,,A,Trad. Swedish,"Björnen sover, arr. Bullard",,Bullard,"Piano Exam Pieces 2025 & 2026, Initial Grade (ABRSM)",,18
ABRSM,Piano 2025 & 2026,0,,A,"Guy Berryman, Jonny Buckland, Will Champion & Chris Martin","Clocks, arr. Dunlop",,Dunlop,"Pop Performer, Grades Initial–3 (ABRSM)",,18
ABRSM,Piano 2025 & 2026,0,,A,W. Carroll,Raindrops (No. 4 from The Countryside),,,W. Carroll: The Countryside (Forsyth),,18
ABRSM,Piano 2025 & 2026,0,,A,Diabelli,"Alla turca, Op. 149 No. 26, arr. Kern",,Kern,"Hal Leonard Student Piano Library – Piano Lessons, Book 3 (Hal Leonard)",,18
ABRSM,Piano 2025 & 2026,0,,A,Diabelli,Scherzo,,,"Piano Lessons, Book 1 (Faber)",,18
ABRSM,Piano 2025 & 2026,0,,A,Gurlitt,"Dance (No. 2 from Das kleines Konzert, Op. 227)",,,"Music Pathways: Repertoire, Level 3A (Carl Fischer)",,18
ABRSM,Piano 2025 & 2026,0,,A,Humbert,The Black Forest Doll (No. 3 from Allerlei Spielzeug),,,Humbert: Allerlei Spielzeug (Schott),,18
ABRSM,Piano 2025 & 2026,0,,A,Kabalevsky,"A Little Scherzo (No. 6 from 24 Little Pieces, Op. 39)",,,"Kabalevsky: 24 Little Pieces, Op. 39 (Boosey & Hawkes)",,18
ABRSM,Piano 2025 & 2026,0,,A,Rebekah Maxner,Zonko’s Big Adventure (from Rock This Town),,,Rebekah Maxner: Rock This Town (Rebekah Maxner),,18
ABRSM,Piano 2025 & 2026,0,,A,A. Reinagle,"Allegretto (No. 9 from 24 Short and Easy Pieces, Op. 1)",,,"A. Reinagle: 24 Short and Easy Pieces, Op. 1 (Schott) or Pianissimo: Piano Piccolo (Schott) or p. 23 from Piano Time Pieces 1 (OUP)",,18
ABRSM,Piano 2025 & 2026,0,,A,Bertram Schattel,Racing Against Each Other (No. 12 from For Rosalie and Finn),,,Pp. 23–24 from Bertram Schattel: For Rosalie and Finn (Breitkopf & Härtel),,18
ABRSM,Piano 2025 & 2026,0,,A,Trad. Irish,"John Ryan’s Polka, arr. Blackwell",,Blackwell,Piano Star 2 (ABRSM),,18
ABRSM,Piano 2025 & 2026,0,,A,Pam Wedgwood,Mission Impossible (No. 11 from Up-Grade! Piano Grades 0–1),,,Pam Wedgwood: Up-Grade! Piano Grades 0–1 (Faber),,18
ABRSM,Piano 2025 & 2026,0,,A,Elsie Wells,"Donkey Ride (from Sea Pictures, Set 1)",,,"Duets with a Difference: Piano Time Duets, Book 1 (OUP)",,18
ABRSM,Piano 2025 & 2026,0,,B,Beyer,"Melody in G (No. 39 from École préliminaire de piano, Op. 101)",,,"Piano Exam Pieces 2025 & 2026, Initial Grade (ABRSM)",,18
ABRSM,Piano 2025 & 2026,0,,B,Ben Crosland,King for a Day! (from Magic Beans!),,,"Piano Exam Pieces 2025 & 2026, Initial Grade (ABRSM)",,18
ABRSM,Piano 2025 & 2026,0,,B,"Robyn Fenty, Temilade Openiyi, Ludwig Göransson & Ryan Coogler","Lift me up (from Black Panther: Wakanda Forever), arr. L’Estrange",,L’Estrange,"Piano Exam Pieces 2025 & 2026, Initial Grade (ABRSM)",,18
ABRSM,Piano 2025 & 2026,0,,B,Agay,Moonlit Pagoda,,,"More Classics to Moderns, Book 1 (Yorktown Music Press)",,18
ABRSM,Piano 2025 & 2026,0,,B,June Armstrong,Butterfly,,,Piano Star Duets (ABRSM),,18
ABRSM,Piano 2025 & 2026,0,,B,Louise Chamberlain,The Sad Little Pig (from Step It Up! Piano Grades 0–1),,,Louise Chamberlain: Step It Up! Piano Grades 0–1 (Faber),,18
ABRSM,Piano 2025 & 2026,0,,B,Pauline Hall,The Secret Garden,,,Piano Time Pieces 1 (OUP),,18
ABRSM,Piano 2025 & 2026,0,,B,Alan Haughton,Budgie (from Fun Club Piano Grades 0–1),,,Alan Haughton: Fun Club Piano Grades 0–1 (Kevin Mayhew),,18
ABRSM,Piano 2025 & 2026,0,,B,Karen Marshall,Sprinkling Stardust,,,Piano Star 2 (ABRSM),,18
ABRSM,Piano 2025 & 2026,0,,B,Alison Mathews,Sailing Under a Moonlit Sky,,,"Mosaic, Vol. 1 (Editions Musica Ferrum)",,19
ABRSM,Piano 2025 & 2026,0,,B,Christopher Norton,Enchanted Castle (No. 6 from The Microjazz Duets Collection 1),,,Christopher Norton: The Microjazz Duets Collection 1 (Boosey & Hawkes),,19
ABRSM,Piano 2025 & 2026,0,,B,Orff,No. 1 (from Two Pieces),,,From Bartók to Stravinsky (Schott),,19
ABRSM,Piano 2025 & 2026,0,,B,Phil Peskett,A Dream on the Prairie,,,"Nikki Iles & Friends, Easy to Intermediate (ABRSM)",,19
ABRSM,Piano 2025 & 2026,0,,B,Satie,What the Little Princess Tulip Says (No. 2 from Menus propos enfantins),,,"Satie: Nine Children’s Pieces (ABRSM) or Pianissimo: Piano Piccolo (Schott) or Classics to Moderns, Book 1 (Yorktown Music Press)",,19
ABRSM,Piano 2025 & 2026,0,,B,Trad. Chinese (Jiangsu),"Crescent Moon, arr. N. & R. Faber",,N. & R. Faber,"ShowTime Piano, Music from China, Level 2A (Faber Piano Adventures)",,19
ABRSM,Piano 2025 & 2026,0,,B,Pam Wedgwood,Whirleybird (No. 2 from Up-Grade! Piano Grades 0–1),,,Pam Wedgwood: Up-Grade! Piano Grades 0–1 (Faber) or Pam Wedgwood: Piano for Fun (Faber),,19
ABRSM,Piano 2025 & 2026,0,,C,June Armstrong,The Elephant Herd (from Safari),,,"Piano Exam Pieces 2025 & 2026, Initial Grade (ABRSM)",,19
ABRSM,Piano 2025 & 2026,0,,C,Edmund Jolliffe,In the Dead of Night,,,"Piano Exam Pieces 2025 & 2026, Initial Grade (ABRSM)",,19
ABRSM,Piano 2025 & 2026,0,,C,Sarah Watts,The Wibbly Waltz,,,"Piano Exam Pieces 2025 & 2026, Initial Grade (ABRSM)",,19
ABRSM,Piano 2025 & 2026,0,,C,"George Barnett, Joel Laslett Pott & Fred Gibson","Shotgun, arr. Thomson",,Thomson,"Pop Performer, Grades Initial–3 (ABRSM)",,19
ABRSM,Piano 2025 & 2026,0,,C,Withers,"Lean on Me, arr. Önaç",,Önaç,"Pop Performer, Grades Initial–3 (ABRSM)",,19
ABRSM,Piano 2025 & 2026,0,,C,Pauline Hall & Paul Drayton,Stegosaurus Stomp (from Prehistoric Piano Time),,,Pauline Hall & Paul Drayton: Prehistoric Piano Time (OUP),,19
ABRSM,Piano 2025 & 2026,0,,C,Heather Hammond,Action Stations,,,Piano Star 2 (ABRSM),,19
ABRSM,Piano 2025 & 2026,0,,C,Mark Tanner,Wonkey Donkey,,,Piano Star 2 (ABRSM),,19
ABRSM,Piano 2025 & 2026,0,,C,Alan Haughton,Treading Carefully,,,Piano Time Going Places (OUP),,19
ABRSM,Piano 2025 & 2026,0,,C,Hans-Günter Heumann,Piano Junior Blues,,,"Piano Junior, Performance, Book 2 (Schott)",,19
ABRSM,Piano 2025 & 2026,0,,C,Elton John,"I Just Can’t Wait to Be King (from The Lion King), arr. N. & R. Faber",,N. & R. Faber,"Faber Studio Collection: Selections from ShowTime Piano, Level 2A (Faber Piano Adventures)",,19
ABRSM,Piano 2025 & 2026,0,,C,Carol Klose,Those Creepy Crawly Things on the Cellar Floor,,,Hal Leonard Student Piano Library – Piano Solos 2 (Hal Leonard),,19
ABRSM,Piano 2025 & 2026,0,,C,Julie Knerr,Detective Wombat Blues,,,Piano Safari Pattern Pieces 1 (Piano Safari),,19
ABRSM,Piano 2025 & 2026,0,,C,J. M. Last,Ducks in the Pond,,,Piano Time Pieces 3 (OUP),,19
ABRSM,Piano 2025 & 2026,0,,C,Gerald Martin,Boogie No. 1,,,The Joy of Boogie and Blues (Yorktown Music Press),,19
ABRSM,Piano 2025 & 2026,0,,C,Jane Sebba,The Grand Waltz,,,"Piano Magic Duets, Book 1 (Collins Music)",,19
ABRSM,Piano 2025 & 2026,1,,A,Handel,"Fireworks Minuet (from Music for the Royal Fireworks, HWV 351), arr. Bullard",,Bullard,"Piano Exam Pieces 2025 & 2026, Grade 1 (ABRSM)",,21
ABRSM,Piano 2025 & 2026,1,,A,L. Köhler,"Melody in F, Op. 190 No. 27",,,"Piano Exam Pieces 2025 & 2026, Grade 1 (ABRSM)",,21
ABRSM,Piano 2025 & 2026,1,,A,Trad. German,"Muss i denn, arr. Blackwell",,Blackwell,"Piano Exam Pieces 2025 & 2026, Grade 1 (ABRSM)",,21
ABRSM,Piano 2025 & 2026,1,,A,Dennis Alexander,Sonatina,,,"Dennis Alexander: Alfred’s Basic Piano Library, Duet Book 2 (Alfred)",,21
ABRSM,Piano 2025 & 2026,1,,A,attrib. J. S. Bach,"Choral ‘Deal with Me, Lord’, BWV 514",,,My First Bach (Schott),,21
ABRSM,Piano 2025 & 2026,1,,A,Alan Bullard,Climbing High,,,Pauline Hall: Piano Time Pieces 2 (OUP),,21
ABRSM,Piano 2025 & 2026,1,,A,Gurlitt,"The Chase/The Hunt (No. 15 from First Lessons for the Piano, Op. 117)",,,"Music Pathways: Repertoire, Level 3B (Carl Fischer) or Classics to Moderns, Book 1 (Yorktown Music Press) or Studio 21 (1st Series), Vol. 1 (Universal)",,21
ABRSM,Piano 2025 & 2026,1,,A,Handel,Gavotte in C,,,"My First Concert for Piano (Schott) or Classics to Moderns, Book 1 (Yorktown Music Press) or Studio 21 (1st Series), Vol. 1 (Universal)",,21
ABRSM,Piano 2025 & 2026,1,,A,M. Helyer,Haymaking (from The Greenwood Tree),,,M. Helyer: The Greenwood Tree (Stainer & Bell),,21
ABRSM,Piano 2025 & 2026,1,,A,Hook,"Gavotte in C (No. 3 from 24 Progressive Lessons, Op. 81)",,,"Encore, Book 1 (ABRSM) or Music Through Time, Piano Book 1 (OUP)",,21
ABRSM,Piano 2025 & 2026,1,,A,L. Mozart,Minuet in F (No. 6 from Nannerl-Notenbuch),,,L. Mozart: Notebook for Nannerl (Schott),,21
ABRSM,Piano 2025 & 2026,1,,A,Mozart,"Allegro (No. 8 from 12 Duos, K. 487), arr. Blackwell",,Blackwell,Piano Star: Grade 1 (ABRSM),,21
ABRSM,Piano 2025 & 2026,1,,A,Purcell,"Minuet in A minor, Z. 649",,,"Music Through Time, Piano Book 1 (OUP)",,21
ABRSM,Piano 2025 & 2026,1,,A,Teresa Richert,Comical Cat (from Copycat Copycat),,,Teresa Richert: Copycat Copycat (Richert Music),,21
ABRSM,Piano 2025 & 2026,1,,A,Türk,Arioso in F (No. 1 from 12 Handstücke),,,"Clavierstücke für Anfänger (Schott) or Music Pathways: Repertoire, Level 3A (Carl Fischer) or Pianissimo: Piano Piccolo (Schott)",,21
ABRSM,Piano 2025 & 2026,1,,A,Elsie Wells,Courante,,,"Mixed Doubles: Piano Time Duets, Book 2 (OUP)",,21
ABRSM,Piano 2025 & 2026,1,,B,Dunhill,A Song of Erin (No. 8 from First Year Pieces),,,"Piano Exam Pieces 2025 & 2026, Grade 1 (ABRSM)",,21
ABRSM,Piano 2025 & 2026,1,,B,Kristen Anderson-Lopez & Robert Lopez,"Remember Me (from Coco), arr. L’Estrange",,L’Estrange,"Piano Exam Pieces 2025 & 2026, Grade 1 (ABRSM)",,21
ABRSM,Piano 2025 & 2026,1,,B,Bernadette Marmion,Winter (from Allsorts),,,"Piano Exam Pieces 2025 & 2026, Grade 1 (ABRSM)",,21
ABRSM,Piano 2025 & 2026,1,,B,Dennis Alexander,"Reflections (from Just for You and Me, Book 1)",,,"Dennis Alexander: Just for You and Me, Book 1 (Alfred)",,21
ABRSM,Piano 2025 & 2026,1,,B,Alwyn,The Trees are Heavy with Snow,,,"Five by Ten, Grade 1 (Lengnick)",,21
ABRSM,Piano 2025 & 2026,1,,B,R. R. Bennett,Friday (from Seven Days a Week),,,"R. R. Bennett: Seven Days a Week (Alfred) or The Young Pianist’s Repertoire, Book 1 (Faber)",,21
ABRSM,Piano 2025 & 2026,1,,B,Jessie Blake,The Little White Cloud,,,"Grade by Grade, Piano Grade 1 (Boosey & Hawkes)",,21
ABRSM,Piano 2025 & 2026,1,,B,Grechaninov,"Fairy Tale (No. 1 from Children’s Album, Op. 98)",,,"Grechaninov: Children’s Book, Op. 98 (ABRSM) or More Romantic Pieces for Piano, Book 1 (ABRSM) or My First Concert for Piano (Schott)",,21
ABRSM,Piano 2025 & 2026,1,,B,Agnieszka Lasko,Fountain (from Little Stories),,,Agnieszka Lasko: Little Stories (Euterpe),,21
ABRSM,Piano 2025 & 2026,1,,B,Lennon,"Imagine, arr. Önaç",,Önaç,"Pop Performer, Grades Initial–3 (ABRSM)",,21
ABRSM,Piano 2025 & 2026,1,,B,Helen Madden,The Forgotten Forest,,,Piano Star: Grade 1 (ABRSM),,21
ABRSM,Piano 2025 & 2026,1,,B,Alan Menken,"Beauty and the Beast (from Beauty and the Beast), arr. Hussey",,Hussey,Gradebusters Grade 1 Piano (Hal Leonard),,22
ABRSM,Piano 2025 & 2026,1,,B,Victoria Proudler,Silver Lining (from Piano Grades Are Go! Initial–Grade 1),,,Victoria Proudler: Piano Grades Are Go! Initial–Grade 1 (EVC),,22
ABRSM,Piano 2025 & 2026,1,,B,Siegmeister,Song of the Dark Woods,,,"Music Pathways: Repertoire, Level 3B (Carl Fischer)",,22
ABRSM,Piano 2025 & 2026,1,,B,Spindler,Song without Words,,,"Easy Concert Pieces for Piano, Vol. 1 (Schott)",,22
ABRSM,Piano 2025 & 2026,1,,B,Borislava Taneva,Small Valse,,,"Mosaic, Vol. 2 (Editions Musica Ferrum)",,22
ABRSM,Piano 2025 & 2026,1,,C,Amit Anand,Cyberspace Detective,,,"Piano Exam Pieces 2025 & 2026, Grade 1 (ABRSM)",,22
ABRSM,Piano 2025 & 2026,1,,C,Chee-Hwa Tan,The Wind (from A Child’s Garden of Verses),,,"Piano Exam Pieces 2025 & 2026, Grade 1 (ABRSM)",,22
ABRSM,Piano 2025 & 2026,1,,C,Nikki Yeoh,Berry’s Smoothie,,,"Piano Exam Pieces 2025 & 2026, Grade 1 (ABRSM)",,22
ABRSM,Piano 2025 & 2026,1,,C,Kristen Anderson-Lopez & Robert Lopez,"Let It Go (from Frozen), arr. Thomson",,Thomson,"Pop Performer, Grades Initial–3 (ABRSM)",,22
ABRSM,Piano 2025 & 2026,1,,C,"Justin Timberlake, Max Martin & Shellback","Can’t Stop the Feeling!, arr. Harnett",,Harnett,"Pop Performer, Grades Initial–3 (ABRSM)",,22
ABRSM,Piano 2025 & 2026,1,,C,June Armstrong,Sunlight Through the Trees,,,Piano Star: Grade 1 (ABRSM),,22
ABRSM,Piano 2025 & 2026,1,,C,Carol Barratt,Cheesecake-Walk (from Get It Together!),,,Carol Barratt: Get It Together! (Chester),,22
ABRSM,Piano 2025 & 2026,1,,C,Elias Davidsson,The Frog (from The Gift of Music),,,Elias Davidsson: The Gift of Music (Clifton Edition),,22
ABRSM,Piano 2025 & 2026,1,,C,Gillock,Swinging Beat,,,Gillock: Swinging Beat (Willis),,22
ABRSM,Piano 2025 & 2026,1,,C,Diane Hidy,Dotty’s Nightmare (from All Cooped Up Halloween),,,Diane Hidy: All Cooped Up Halloween (ComposeCreate.com),,22
ABRSM,Piano 2025 & 2026,1,,C,Alison Mathews,Woodland Folk Song,,,Piano Star Duets (ABRSM),,22
ABRSM,Piano 2025 & 2026,1,,C,Trad. Ewe (Ghanaian),"Tu tu Gbovi, arr. Chapman Nyaho",,Chapman Nyaho,Piano Star Duets (ABRSM),,22
ABRSM,Piano 2025 & 2026,1,,C,Jane Sebba,Latin Laughter,,,"Piano Magic Duets, Book 2 (Collins Music)",,22
ABRSM,Piano 2025 & 2026,1,,C,Barbara Snow,Jazzy Dragon (from Animal Jazz),,,Barbara Snow: Animal Jazz (Edition HH),,22
ABRSM,Piano 2025 & 2026,1,,C,Chee-Hwa Tan,At the Seaside (from A Child’s Garden of Verses),,,Chee-Hwa Tan: A Child’s Garden of Verses (Piano Safari),,22
ABRSM,Piano 2025 & 2026,1,,C,Trad. Jamaican,"Mango Walk, arr. Cornick",,Cornick,"Piano Repertoire, Level 1 (Universal)",,22
ABRSM,Piano 2025 & 2026,2,,A,Barbara Arens,Sparkling Splashes & Smooth Water (from The Mermaid Challenge),,,"Piano Exam Pieces 2025 & 2026, Grade 2 (ABRSM)",,24
ABRSM,Piano 2025 & 2026,2,,A,attrib. Beethoven,"Moderato (1st movt from Sonatina in G, WoO Anh. 5)",,,"Piano Exam Pieces 2025 & 2026, Grade 2 (ABRSM)",,24
ABRSM,Piano 2025 & 2026,2,,A,Daquin,Suite de la réjouissance (Gavotte en rondeau from Premier livre de pièces de clavecin),,,"Piano Exam Pieces 2025 & 2026, Grade 2 (ABRSM)",,24
ABRSM,Piano 2025 & 2026,2,,A,Anon.,Corranto (from Fitzwilliam Virginal Book),,,"Grade by Grade, Piano Grade 2 (Boosey & Hawkes)",,24
ABRSM,Piano 2025 & 2026,2,,A,Carse,"Rustic Dance (No. 7 from Progressive Duets for Pianists, Book 1)",,,"Carse: Progressive Duets for Pianists, Book 1 (Stainer & Bell)",,24
ABRSM,Piano 2025 & 2026,2,,A,Goedicke,"Étude in A minor, Op. 36 No. 13",,,Piano Time Pieces 3 (OUP),,24
ABRSM,Piano 2025 & 2026,2,,A,Türk,"Allegro in C, arr. Hall",,Hall,Piano Time Pieces 3 (OUP),,24
ABRSM,Piano 2025 & 2026,2,,A,Haydn,"Rondino (Theme from Cello Concerto in D), arr. Agay",,Agay,The Joy of Piano Duets (Yorktown Music Press),,24
ABRSM,Piano 2025 & 2026,2,,A,Kabalevsky,"Galop/Hopping (No. 18 from 24 Little Pieces, Op. 39)",,,"Kabalevsky: 24 Little Pieces, Op. 39 (Boosey & Hawkes) or More Romantic Pieces for Piano, Book 1 (ABRSM)",,24
ABRSM,Piano 2025 & 2026,2,,A,attrib. L. Mozart,Bourlesq (from The Wolfgang Notebook),,,"L. Mozart: Notenbuch für Wolfgang (Schott) or The Young Pianist’s Repertoire, Book 1 (Faber)",,24
ABRSM,Piano 2025 & 2026,2,,A,Mozart,"Minuet in D, K. 7",,,My First Mozart (Schott),,24
ABRSM,Piano 2025 & 2026,2,,A,Prószyński,Kowalczyki (Apprentice Smiths) (from Easy Pieces),,,Prószyński: Easy Pieces for Piano (PWM),,24
ABRSM,Piano 2025 & 2026,2,,A,Purcell,"Air in D minor, Z. T676",,,"Pianissimo: Piano Piccolo (Schott) or Piano Repertoire, Level 1 (Universal) or Piano Lessons, Book 1 (Faber)",,24
ABRSM,Piano 2025 & 2026,2,,A,Chevalier de Saint-Georges,"Rondo (from Quartet for Harpischord and Strings), arr. Talbot-Howard",,Talbot-Howard,Chevalier de Saint-Georges: Rondo from the Quartet for Harpsichord and Strings (ABRSM),,24
ABRSM,Piano 2025 & 2026,2,,A,Telemann,Gavotte,,,"Piano Progress, Book 1 (Faber)",,24
ABRSM,Piano 2025 & 2026,2,,A,Donald Thomson,Haggis Hunt (from Celtic Piano Music – Initial to Grade 2),,,Donald Thomson: Celtic Piano Music – Initial to Grade 2 (EVC),,24
ABRSM,Piano 2025 & 2026,2,,B,Alexis Ffrench,The Singing Swan,,,"Piano Exam Pieces 2025 & 2026, Grade 2 (ABRSM)",,24
ABRSM,Piano 2025 & 2026,2,,B,Kabalevsky,"A Little Song (No. 2 from 30 Children’s Pieces, Op. 27)",,,"Piano Exam Pieces 2025 & 2026, Grade 2 (ABRSM)",,24
ABRSM,Piano 2025 & 2026,2,,B,Christopher Norton,Cloudy Day (No. 9 from Microjazz Collection 2),,,"Piano Exam Pieces 2025 & 2026, Grade 2 (ABRSM)",,24
ABRSM,Piano 2025 & 2026,2,,B,Bartók,"Sorrow (No. 7 from For Children, Vol. 2)",,,"Bartók: For Children, Vol. 2 (Boosey & Hawkes) or Grade by Grade, Piano Grade 2 (Boosey & Hawkes)",,24
ABRSM,Piano 2025 & 2026,2,,B,Bob Dylan,"Make You Feel My Love, arr. Baker",,Baker,"Pop Performer, Grades Initial–3 (ABRSM)",,24
ABRSM,Piano 2025 & 2026,2,,B,"Ed Sheeran, Samuel Roman, Johnny McDaid, Taylor Swift & Fred Gibson","The Joker and the Queen, arr. Önaç",,Önaç,"Pop Performer, Grades Initial–3 (ABRSM)",,24
ABRSM,Piano 2025 & 2026,2,,B,El-Dabh,"Soufiane (from Mekta’ in the Art of Kita’, Book 2)",,,"Piano Music of Africa and the African Diaspora, Vol. 1 (OUP)",,24
ABRSM,Piano 2025 & 2026,2,,B,Grechaninov,"Farewell (No. 4 from Children’s Album, Op. 98)",,,"Grechaninov: Children’s Book, Op. 98 (ABRSM) or A Romantic Sketchbook for Piano, Book 1 (ABRSM) or Pianissimo: Piano Piccolo (Schott)",,24
ABRSM,Piano 2025 & 2026,2,,B,Heather Hammond,Raindrop Reflections,,,Piano Star Duets (ABRSM),,24
ABRSM,Piano 2025 & 2026,2,,B,Ravel,Pavane de la belle au bois dormant (No. 1 from Ma mère l’oye),,,Ravel: Ma mère l’oye (Durand),,25
ABRSM,Piano 2025 & 2026,2,,B,Spindler,Waltz in A minor,,,"Pathways to Artistry: Masterworks, Book 3 (Alfred)",,25
ABRSM,Piano 2025 & 2026,2,,B,Steibelt,Adagio in A minor (from Sonatina in C),,,"A Keyboard Anthology, 2nd Series, Book 1 (ABRSM) or Core Classics, Grades 1–2 (ABRSM) or Pianoworks Collection 2 (OUP) or Pianissimo: Piano Piccolo (Schott) or My First Concert for Piano (Schott)",,25
ABRSM,Piano 2025 & 2026,2,,B,Chee-Hwa Tan,The Moon (from A Child’s Garden of Verses),,,Chee-Hwa Tan: A Child’s Garden of Verses (Piano Safari),,25
ABRSM,Piano 2025 & 2026,2,,B,Tchaikovsky,"Waltz (from The Sleeping Beauty), arr. J. & A. Bullard",,J. & A. Bullard,"Pianoworks, Collection 1 (OUP)",,25
ABRSM,Piano 2025 & 2026,2,,B,Sarah Watts,Postcard from Paris (from Razzamajazz Repertoire Piano),,,Sarah Watts: Razzamajazz Repertoire Piano (Kevin Mayhew),,25
ABRSM,Piano 2025 & 2026,2,,B,John Williams,"Hedwig’s Theme (from Harry Potter and the Sorcerer’s/Philosopher’s Stone), arr. Harris",,Harris,The Essential Film Collection – Piano Solo (Faber),,25
ABRSM,Piano 2025 & 2026,2,,C,Heather Hammond,"Spooky Wood Hollow (No. 5 from Grooves for Piano Dudes, Book 3: Halloween)",,,"Piano Exam Pieces 2025 & 2026, Grade 2 (ABRSM)",,25
ABRSM,Piano 2025 & 2026,2,,C,Pete Letanka,Way Out West,,,"Piano Exam Pieces 2025 & 2026, Grade 2 (ABRSM)",,25
ABRSM,Piano 2025 & 2026,2,,C,Loudová,Šípková Růženka (No. 7 from Pohádky na dobrou noc),,,"Piano Exam Pieces 2025 & 2026, Grade 2 (ABRSM)",,25
ABRSM,Piano 2025 & 2026,2,,C,Ben Crosland,In My Spot,,,"Mosaic, Vol. 2 (Editions Musica Ferrum)",,25
ABRSM,Piano 2025 & 2026,2,,C,Sarah Konecsni,"Dinosaur, Don’t!",,,"Mosaic, Vol. 2 (Editions Musica Ferrum)",,25
ABRSM,Piano 2025 & 2026,2,,C,Ludovico Einaudi,The Snow Prelude No. 3,,,"Ludovico Einaudi: Graded Pieces for Piano, Preparatory to Grade 2 (Chester)",,25
ABRSM,Piano 2025 & 2026,2,,C,Garścia,"Brigands’ Dance (from Let’s Play a Piano Duet, Op. 37)",,,"Garścia: Let’s Play a Piano Duet, Op. 37 Vol. 2 (PWM)",,25
ABRSM,Piano 2025 & 2026,2,,C,Mirosław Gąsieniec,Kukułka I,,,Mirosław Gąsieniec: Album for Children (PWM),,25
ABRSM,Piano 2025 & 2026,2,,C,Grieg,"Norwegian Dance No. 2, arr. Hall",,Hall,"Mixed Doubles: Piano Time Duets, Book 2 (OUP)",,25
ABRSM,Piano 2025 & 2026,2,,C,Nikki Iles,The Cheshire Cat (from Piano Tales for Alice),,,Nikki Iles: Piano Tales for Alice (EVC),,25
ABRSM,Piano 2025 & 2026,2,,C,Nikki Iles,Sweet Pea,,,Piano Star Duets (ABRSM),,25
ABRSM,Piano 2025 & 2026,2,,C,Smokey Robinson & Ronald White,"My Girl, arr. Iles",,Iles,"Pop Performer, Grades Initial–3 (ABRSM)",,25
ABRSM,Piano 2025 & 2026,2,,C,Sculthorpe,Singing Sun (No. 6 from A Little Book of Hours),,,Sculthorpe: A Little Book of Hours (Faber),,25
ABRSM,Piano 2025 & 2026,2,,C,Seiber,Tango II (Habanera) (from Leichte Tänze I),,,"Seiber: Leichte Tänze (Easy Dances), Book 1 (Schott)",,25
ABRSM,Piano 2025 & 2026,2,,C,Giles Swayne,Whistling Tune,,,Spectrum 4 (ABRSM),,25
ABRSM,Piano 2025 & 2026,2,,C,Pam Wedgwood,Champagne Rag (No. 11 from Easy Jazzin’ About Piano),,,Pam Wedgwood: Easy Jazzin’ About for Piano (Faber),,25
ABRSM,Piano 2025 & 2026,3,,A,L. Köhler,"Allegro moderato (1st movt from Sonatina in G, Op. 300 No. 93)",,,"Piano Exam Pieces 2025 & 2026, Grade 3 (ABRSM)",,27
ABRSM,Piano 2025 & 2026,3,,A,Mozart,"Allegro in F (from London Sketchbook, K. 15a)",,,"Piano Exam Pieces 2025 & 2026, Grade 3 (ABRSM)",,27
ABRSM,Piano 2025 & 2026,3,,A,Victoria Proudler,"Tarantella Twist (from Piano Grades Are Go!, Grades 2–3)",,,"Piano Exam Pieces 2025 & 2026, Grade 3 (ABRSM)",,27
ABRSM,Piano 2025 & 2026,3,,A,Andrée,"Allegro moderato (No. 3 from Fem smärre tonbilder, Op. 7)",,,"Women Composers, Book 1 (Schott)",,27
ABRSM,Piano 2025 & 2026,3,,A,Sarah Baker,Shadows (from Night Time Impressions),,,Sarah Baker: Night Time Impressions (Forsyth),,27
ABRSM,Piano 2025 & 2026,3,,A,Haslinger,2nd movt (from Sonatina in C),,,"P. 4 from Giraffe Piano, Book 1 (EMB Zeneműkiadó) or P. 25 from Easy Concert Pieces for Piano, Vol. 3 (Schott)",,27
ABRSM,Piano 2025 & 2026,3,,A,A. Hedges,Hornpipe Rondo,,,A. Hedges: Hornpipe Rondo for Piano Duet (Roberton),,27
ABRSM,Piano 2025 & 2026,3,,A,I. Holst,"Toccata, arr. Hall",,Hall,Piano Time Pieces 3 (OUP),,27
ABRSM,Piano 2025 & 2026,3,,A,L. Mozart,Angloise (from Notebook for Wolfgang),,,"L. Mozart: Notenbuch für Wolfgang (Schott) or The Young Pianist’s Repertoire, Book 1 (Faber)",,27
ABRSM,Piano 2025 & 2026,3,,A,Mozart,"Allegro in B♭, K. 3",,,"Mozart: 25 Early Pieces (ABRSM) or Essential Keyboard Repertoire, Vol. 6 (Alfred)",,27
ABRSM,Piano 2025 & 2026,3,,A,Vitalij Neugasimov,"Moody Gigue (from Piano Sketches, Book 1)",,,"Vitalij Neugasimov: Piano Sketches, Book 1 (OUP)",,27
ABRSM,Piano 2025 & 2026,3,,A,Prokofiev,"Gavotte (from Classical Symphony, Op. 25), arr. Agay",,Agay,The Joy of Piano Duets (Yorktown Music Press),,27
ABRSM,Piano 2025 & 2026,3,,A,Reinecke,"Vivace (4th movt from Sonatina in A minor, Op. 136 No. 4)",,,"Reinecke: Six Miniature Sonatinas, Op. 136 (Breitkopf & Härtel) or Sonatinas for Piano, Book 1 (PWM)",,27
ABRSM,Piano 2025 & 2026,3,,A,Schumann,"Wilder Reiter (The Wild Horseman) (No. 8 from Album für die Jugend, Op. 68)",,,"Schumann: Album für die Jugend, Op. 68 (ABRSM) or A Romantic Sketchbook for Piano, Book 1 (ABRSM) or Piano Literature for a Dark and Stormy Night, Vol. 1 (Faber Piano Adventures)",,27
ABRSM,Piano 2025 & 2026,3,,A,Seiber,Jazz Etudiette (from Easy Dances II),,,"The Young Pianist’s Repertoire, Book 1 (Faber)",,27
ABRSM,Piano 2025 & 2026,3,,A,Weber,Scherzo,,,"The Classical Spirit, Book 1 (Alfred) or Pathways to Artistry: Masterworks, Book 3 (Alfred)",,27
ABRSM,Piano 2025 & 2026,3,,B,Bart,"Where is love? (from Oliver!), arr. Iles",,Iles,"Piano Exam Pieces 2025 & 2026, Grade 3 (ABRSM)",,27
ABRSM,Piano 2025 & 2026,3,,B,Mel Bonis,"Douce amis (from Album pour les tout-petits, Op. 103)",,,"Piano Exam Pieces 2025 & 2026, Grade 3 (ABRSM)",,27
ABRSM,Piano 2025 & 2026,3,,B,Youmi Kimura,Always with Me (from Spirited Away),,,"Piano Exam Pieces 2025 & 2026, Grade 3 (ABRSM)",,27
ABRSM,Piano 2025 & 2026,3,,B,Dennis Alexander,Autumn Serenade,,,"Dennis Alexander: Alfred’s Basic Piano Library, Duet Book 4 (Alfred)",,27
ABRSM,Piano 2025 & 2026,3,,B,J. S. Bach,"Arioso, arr. Agay",,Agay,The Joy of Piano Duets (Yorktown Music Press),,27
ABRSM,Piano 2025 & 2026,3,,B,Bartók,"Andante (No. 2 from For Children, Vol. 2)",,,"Bartók: For Children, Vol. 2 (Boosey & Hawkes)",,27
ABRSM,Piano 2025 & 2026,3,,B,Janet & Alan Bullard,Thames Sunrise,,,Janet & Alan Bullard: Pianoworks: Popular Styles (OUP),,27
ABRSM,Piano 2025 & 2026,3,,B,W. Carroll,Spraymist (No. 3 from In Southern Seas),,,W. Carroll: In Southern Seas (Forsyth),,27
ABRSM,Piano 2025 & 2026,3,,B,Gurlitt,"Song, Op. 172 No. 1",,,"More Romantic Pieces for Piano, Book 2 (ABRSM)",,27
ABRSM,Piano 2025 & 2026,3,,B,Paul Harris,Indigo (No. 6 from Rainbow),,,Paul Harris: Rainbow (Boosey & Hawkes),,27
ABRSM,Piano 2025 & 2026,3,,B,H. Hofmann,"Melodie (No. 5 from Skizzen, Op. 77)",,,H. Hofmann: 17 Miscellaneous Pieces (ABRSM),,27
ABRSM,Piano 2025 & 2026,3,,B,Mendelssohn,Romance,,,"Studio 21 (1st Series), Vol. 1 (Universal)",,27
ABRSM,Piano 2025 & 2026,3,,B,Joni Mitchell,"Both Sides Now, arr. White",,White,"Pop Performer, Grades Initial–3 (ABRSM)",,27
ABRSM,Piano 2025 & 2026,3,,B,Tchaikovsky,"Chanson italienne (No. 15 from Album pour enfants, Op. 39)",,,"Tchaikovsky: Album for the Young, Op. 39 (ABRSM)",,28
ABRSM,Piano 2025 & 2026,3,,B,Trad. Irish,"She Moved Through the Fair, arr. Hall",,Hall,Eighteen Easy Escapes for Piano (Clifton Edition),,28
ABRSM,Piano 2025 & 2026,3,,B,Trad. Japanese,"Sakura, arr. Goto",,Goto,Japanese Folk Songs Collection (Hal Leonard),,28
ABRSM,Piano 2025 & 2026,3,,C,Bartók,"Allegretto (No. 3 from For Children, Vol. 2)",,,"Piano Exam Pieces 2025 & 2026, Grade 3 (ABRSM)",,28
ABRSM,Piano 2025 & 2026,3,,C,Henson & Pottle,"The Muppet Show Theme, arr. Blackwell",,Blackwell,"Piano Exam Pieces 2025 & 2026, Grade 3 (ABRSM)",,28
ABRSM,Piano 2025 & 2026,3,,C,Shruthi Rajasekar,The Quiet of the Night,,,"Piano Exam Pieces 2025 & 2026, Grade 3 (ABRSM)",,28
ABRSM,Piano 2025 & 2026,3,,C,Agay,Little Rhapsody on Hungarian Themes,,,The Joy of Piano Duets (Yorktown Music Press),,28
ABRSM,Piano 2025 & 2026,3,,C,M. Bober & G. Goranson,Rushing River,,,Melody Bober & Glori Goranson: Rushing River (FJH Music Company Inc),,28
ABRSM,Piano 2025 & 2026,3,,C,Valerie Capers,Ella Scats the Little Lamb (No. 1 from Portraits in Jazz),,,Valerie Capers: Portraits in Jazz (OUP),,28
ABRSM,Piano 2025 & 2026,3,,C,Carse,Csardas,,,"Carse: Progressive Duets for Pianists, Book 2 (Stainer & Bell)",,28
ABRSM,Piano 2025 & 2026,3,,C,Mike Cornick,The Waltz of the Elephants (from Clever Cat Goes on Safari),,,Mike Cornick: Clever Cat Goes on Safari (Universal),,28
ABRSM,Piano 2025 & 2026,3,,C,Mark Goddard,Locked On Latin (from Hands On Jazz),,,Mark Goddard: Hands On Jazz (Clifton Edition),,28
ABRSM,Piano 2025 & 2026,3,,C,H. Hofmann,"Waldvöglein (No. 15 from Skizzen, Op. 77)",,,"Encore, Book 2 (ABRSM)",,28
ABRSM,Piano 2025 & 2026,3,,C,Elton John & Tim Rice,"Can You Feel the Love Tonight? (from The Lion King), arr. N. & R. Faber",,N. & R. Faber,"Faber Studio Collection: Selections from BigTime Piano, Level 4 (Faber Piano Adventures)",,28
ABRSM,Piano 2025 & 2026,3,,C,H. Mancini & J. Mercer,"Moon River (from Breakfast at Tiffany’s), arr. Miller",,Miller,"A Dozen a Day Songbook, Book 2 (Willis)",,28
ABRSM,Piano 2025 & 2026,3,,C,Billie Eilish & Finneas O’Connell,"No Time to Die, arr. Önaç",,Önaç,"Pop Performer, Grades Initial–3 (ABRSM)",,28
ABRSM,Piano 2025 & 2026,3,,C,John Scofield,"I’ll Take Les, arr. Iles",,Iles,"Nikki Iles & Friends, Easy to Intermediate (ABRSM)",,28
ABRSM,Piano 2025 & 2026,3,,C,Karen Tanaka,Northern Lights,,,Spectrum 4 (ABRSM),,28
ABRSM,Piano 2025 & 2026,3,,C,James Welburn,Groovin’ Grasshopper (from Adventures and Accolades),,,James Welburn: Adventures and Accolades (Editions Musica Ferrum),,28
ABRSM,Piano 2025 & 2026,4,,A,Benda,Allegro assai (3rd movt from Sonata in G),,,"Piano Exam Pieces 2025 & 2026, Grade 4 (ABRSM)",,30
ABRSM,Piano 2025 & 2026,4,,A,Cimarosa,"Sonata in G, C. 34",,,"Piano Exam Pieces 2025 & 2026, Grade 4 (ABRSM)",,30
ABRSM,Piano 2025 & 2026,4,,A,Haydn,"Menuet and Trio (3rd movt from Sonata in C, Hob. XVI:1)",,,"Piano Exam Pieces 2025 & 2026, Grade 4 (ABRSM)",,30
ABRSM,Piano 2025 & 2026,4,,A,Alcock,Gavot (3rd movt from Suite No. 2 in B♭),,,Alcock: Six Suites of Easy lessons (ABRSM) or The Best of Grade 4 Piano (Faber),,30
ABRSM,Piano 2025 & 2026,4,,A,Beethoven,"Allegro assai (1st movt from Sonatina in F, Anh. 5 No. 2)",,,"The New Sonatina Book, Vol. 1 (Schott)",,30
ABRSM,Piano 2025 & 2026,4,,A,G. Berg,"Allegro (1st movt from Sonatina in C, Op. 3 No. 7)",,,"G. Berg: Twelve Sonatinas, Op. 3, Vol. 2 (Edition HH)",,30
ABRSM,Piano 2025 & 2026,4,,A,J. F. F. Burgmüller,"Ballade, Op. 100 No. 15",,,"Encore, Book 2 (ABRSM) or Lang Lang Piano Academy: Mastering the Piano, Level 4 (Faber)",,30
ABRSM,Piano 2025 & 2026,4,,A,Buxtehude,"Saraband (from Suite in E minor, BuxWV 236)",,,"Baroque Keyboard Anthology, Vol. 1 (Schott)",,30
ABRSM,Piano 2025 & 2026,4,,A,Dring,Scherzando (from 12 Pieces in the Form of Studies),,,Dring: 12 Pieces in the Form of Studies (Weinberger),,30
ABRSM,Piano 2025 & 2026,4,,A,Gambarini,Grazioso (from Sonata No. 2),,,HerStory: The Piano Collection (Faber),,30
ABRSM,Piano 2025 & 2026,4,,A,Gurlitt,"Allegretto scherzando (3rd movt from Sonatina in C, Op. 188 No. 4)",,,"No. 13 from Sonatinas for Piano, Book 1 (PWM)",,30
ABRSM,Piano 2025 & 2026,4,,A,Haydn,Allegro scherzando in F,,,"Essential Keyboard Repertoire, Vol. 6 (Alfred)",,30
ABRSM,Piano 2025 & 2026,4,,A,S. Heller,"Study in A minor, Op. 45 No. 2",,,"S. Heller: 20 Miscellaneous Studies (ABRSM) or pp. 7–9 from Piano Literature for a Dark and Stormy Night, Vol. 1 (Faber Piano Adventures)",,30
ABRSM,Piano 2025 & 2026,4,,A,Joe Hisaishi,A Town with an Ocean View (from Kiki’s Delivery Service),,,Studio Ghibli Best Hits – Intermediate Level (Yamaha),,30
ABRSM,Piano 2025 & 2026,4,,A,L. Köhler,"Sledging Party (from Kinderfreund, Op. 243)",,,Splash! (Breitkopf & Härtel),,30
ABRSM,Piano 2025 & 2026,4,,A,Mozart,"Rondo in F, K. 15hh",,,"Core Classics, Grades 3–4 (ABRSM) or Mozart: 25 Early Pieces (ABRSM) or The Best of Grade 4 Piano (Faber)",,30
ABRSM,Piano 2025 & 2026,4,,B,Grieg,"Waltz (No. 2 from Lyriske småstykker, Op. 12)",,,"Piano Exam Pieces 2025 & 2026, Grade 4 (ABRSM)",,30
ABRSM,Piano 2025 & 2026,4,,B,Randall Hartsell,Sunsets in Savannah (from Portraits of the Sky),,,"Piano Exam Pieces 2025 & 2026, Grade 4 (ABRSM)",,30
ABRSM,Piano 2025 & 2026,4,,B,Ailbhe McDonagh,"Cloudscapes (No. 4 from It’s a Piano Thing, Book 2)",,,"Piano Exam Pieces 2025 & 2026, Grade 4 (ABRSM)",,30
ABRSM,Piano 2025 & 2026,4,,B,Adele Adkins & Greg Kurstin,"Easy on Me, arr. Dunlop",,Dunlop,"Pop Performer, Grades 4–5 (ABRSM)",,30
ABRSM,Piano 2025 & 2026,4,,B,John Stephens & Toby Gad,"All of Me, arr. Harnett",,Harnett,"Pop Performer, Grades 4–5 (ABRSM)",,30
ABRSM,Piano 2025 & 2026,4,,B,C. P. E. Bach,Andante (arr.),,,"Lang Lang Piano Academy: Mastering the Piano, Level 4 (Faber)",,30
ABRSM,Piano 2025 & 2026,4,,B,W. Carroll,Sunrise (No. 7 from River and Rainbow),,,W. Carroll: River and Rainbow (Forsyth),,30
ABRSM,Piano 2025 & 2026,4,,B,"M. David, A. Hoffman & Livingston","A Dream is a Wish Your Heart Makes (from Cinderella), arr. Keveren",,Keveren,The Phillip Keveren Series – Disney Songs For Classical Piano (Hal Leonard),,30
ABRSM,Piano 2025 & 2026,4,,B,Granados,"Dedicatoria (No. 1 from Cuentos de las juventud, Op. 1)",,,"Granados: Stories of the Young, Op. 1 (ABRSM) or More Romantic Pieces for Piano, Book 2 (ABRSM)",,30
ABRSM,Piano 2025 & 2026,4,,B,Heather Hammond,Once Upon a Frozen Winter (from Ballads Without Words),,,"Heather Hammond: Ballads Without Words, Vol. 1 (EVC)",,30
ABRSM,Piano 2025 & 2026,4,,B,Hummel,"Romance in G, Op. 52 No. 4",,,Hummel: 16 Short Pieces (ABRSM),,31
ABRSM,Piano 2025 & 2026,4,,B,Khachaturian,A Little Song (Andantino) (No. 1 from Pictures of Childhood),,,Khachaturian: Pictures of Childhood (Boosey & Hawkes),,31
ABRSM,Piano 2025 & 2026,4,,B,Liszt,"La cloche sonne, S. 238",,,"Chopin, Liszt, Hiller: Urtext Primo, Vol. 5 (Wiener Urtext)",,31
ABRSM,Piano 2025 & 2026,4,,B,Mendelssohn,"Andante (2nd movt from Violin Concerto in E minor, Op. 64), arr. Scott-Burt",,Scott-Burt,Piano Mix 3 (ABRSM),,31
ABRSM,Piano 2025 & 2026,4,,B,Trad. Malay,"Voyage of the Sampan, arr. Siagian",,Siagian,Malay Folk Songs Collection (Hal Leonard),,31
ABRSM,Piano 2025 & 2026,4,,B,Vaughan Williams,Valse lente (from Six Teaching Pieces),,,Vaughan Williams: A Little Piano Book (OUP),,31
ABRSM,Piano 2025 & 2026,4,,C,Ibert,Danse du cocher (No. 15 from Petite suite en 15 images),,,"Piano Exam Pieces 2025 & 2026, Grade 4 (ABRSM)",,31
ABRSM,Piano 2025 & 2026,4,,C,Julian Nott,"Wallace and Gromit Theme, arr. L’Estrange",,L’Estrange,"Piano Exam Pieces 2025 & 2026, Grade 4 (ABRSM)",,31
ABRSM,Piano 2025 & 2026,4,,C,Raymond Yiu,Canzonetta,,,"Piano Exam Pieces 2025 & 2026, Grade 4 (ABRSM)",,31
ABRSM,Piano 2025 & 2026,4,,C,"Benny Andersson, Björn Ulvaeus & Anderson","Dancing Queen, arr. Önaç",,Önaç,"Pop Performer, Grades 4–5 (ABRSM)",,31
ABRSM,Piano 2025 & 2026,4,,C,Grieg,"In the Hall of the Mountain King (from Peer Gynt, Suite No. 1, Op. 46), arr. White",,White,Piano Mix 3 (ABRSM),,31
ABRSM,Piano 2025 & 2026,4,,C,Kabalevsky,"Toccatina (No. 12 from 30 Children’s Pieces, Op. 27)",,,"Kabalevsky: 30 Children’s Pieces, Op. 27 (Boosey & Hawkes) or The Best of Grade 4 Piano (Faber)",,31
ABRSM,Piano 2025 & 2026,4,,C,Maikapar,"At the Smithy, Op. 8 No. 5",,,"A Romantic Sketchbook for Piano, Book 2 (ABRSM)",,31
ABRSM,Piano 2025 & 2026,4,,C,Alison Mathews,Buried Rubies (No. 8 from Treasure Trove),,,Alison Mathews: Treasure Trove (Editions Musica Ferrum),,31
ABRSM,Piano 2025 & 2026,4,,C,Martha Mier,"Worrisome Blues (from Jazz, Rags & Blues, Book 3)",,,"Martha Mier: Jazz, Rags & Blues, Book 3 (Alfred)",,31
ABRSM,Piano 2025 & 2026,4,,C,Arvo Pärt,Für Anna Maria,,,Arvo Pärt: Für Anna Maria (Universal),,31
ABRSM,Piano 2025 & 2026,4,,C,F. Price,The Goblin and the Mosquito,,,"Isata Kanneh-Mason – Piano Inspiration, Book 1 (ABRSM)",,31
ABRSM,Piano 2025 & 2026,4,,C,Prokofiev,"Marche (No. 10 from Musiques d’enfants, Op. 65)",,,"Prokofiev: Musiques d’enfants, Op. 65 (Boosey & Hawkes)",,31
ABRSM,Piano 2025 & 2026,4,,C,V. Stoyanov,Bulgarian Peasant Dance,,,The Joy of Modern Piano Music (Yorktown Music Press),,31
ABRSM,Piano 2025 & 2026,4,,C,Trad.,"Shenandoah, arr. Bennett",,Bennett,"The Graded Piano Player, Grades 3–5 (Faber)",,31
ABRSM,Piano 2025 & 2026,4,,C,"Waller, Razaf & H. Brooks","Ain’t Misbehavin’, arr. Iles",,Iles,"Nikki Iles and Friends, Book 1 (ABRSM)",,31
ABRSM,Piano 2025 & 2026,4,,C,John Williams,"Star Wars (Main Theme), arr. Turner",,Turner,"Simply Film, Piano Grades 4–5 (Faber)",,31
ABRSM,Piano 2025 & 2026,5,,A,J. F. F. Burgmüller,"La tarantelle (No. 20 from 25 études faciles et progressives, Op. 100)",,,"Piano Exam Pieces 2025 & 2026, Grade 5 (ABRSM)",,33
ABRSM,Piano 2025 & 2026,5,,A,Clementi,"Spiritoso (1st movt from Sonatina in C, Op. 36 No. 3)",,,"Piano Exam Pieces 2025 & 2026, Grade 5 (ABRSM)",,33
ABRSM,Piano 2025 & 2026,5,,A,Nikki Iles,Hook’s Hornpipe (from Piano Tales for Peter Pan),,,"Piano Exam Pieces 2025 & 2026, Grade 5 (ABRSM)",,33
ABRSM,Piano 2025 & 2026,5,,A,J. S. Bach,"Invention No. 8 in F, BWV 779",,,"J. S. Bach: Two-part Inventions (ABRSM) or J. S. Bach: Inventions and Sinfonias (Henle) or Core Classics, Grades 5–6 (ABRSM) or Lang Lang Piano Academy: Mastering the Piano, Level 4 (Faber)",,33
ABRSM,Piano 2025 & 2026,5,,A,Beethoven,"Bagatelle in G minor, Op. 119 No. 1",,,"A Keyboard Anthology, 1st Series, Book 3 (ABRSM) or Core Classics, Grades 4–5 (ABRSM) or Classics for the Developing Pianist, Book 3 (Alfred)",,33
ABRSM,Piano 2025 & 2026,5,,A,Chaminade,"Gavotte (No. 5 from Album des enfants, Op. 123)",,,"Women Composers, Book 2 (Schott)",,33
ABRSM,Piano 2025 & 2026,5,,A,J. H. Fiocco,"Andante (from Pièces de clavecin, Op. 1)",,,J. H. Fiocco: Eight Keyboard Pieces (ABRSM),,33
ABRSM,Piano 2025 & 2026,5,,A,Gade,"Ringeltanz (Boys’ Merry-go-round) (No. 2 from Children’s Christmas, Op. 36)",,,"Gade: Aquarelles and Other Pieces (ABRSM) or More Romantic Pieces for Piano, Book 3 (ABRSM)",,33
ABRSM,Piano 2025 & 2026,5,,A,Haydn,"Allegro (1st movt from Sonata in G, Hob. XVI:G1)",,,"Pp. 41–43 from Haydn: Selected Keyboard Sonatas, Book 1 (ABRSM) or Essential Keyboard Repertoire, Vol. 5 (Alfred)",,33
ABRSM,Piano 2025 & 2026,5,,A,S. Heller,"Study in E minor (No. 7 from 30 Progressive Studies, Op. 46)",,,S. Heller: 30 Progressive Studies (Universal),,33
ABRSM,Piano 2025 & 2026,5,,A,Hummel,"Allegro in C (No. 2 from Six pièces très faciles, Op. 52)",,,Hummel: 16 Short Pieces (ABRSM),,33
ABRSM,Piano 2025 & 2026,5,,A,J. L. Krebs,Toccata in E♭,,,"Essential Keyboard Repertoire, Vol. 6 (Alfred)",,33
ABRSM,Piano 2025 & 2026,5,,A,Kuhlau,"Allegro con spirito (1st movt from Sonatina in C, Op. 55 No. 3)",,,EPTA Teachers’ Choice Piano Collection 1 (Faber),,33
ABRSM,Piano 2025 & 2026,5,,A,Leo,Toccata No. 3,,,"The Advanced Pianist, Book 1 (Faber)",,33
ABRSM,Piano 2025 & 2026,5,,A,Mozart,"Theme, Var. 1 and Var. 5 (from 12 Variations on “Ah vous dirai-je, maman”, K. 265)",,,"Mozart: 12 Variations on “Ah, vous dirai-je Maman”, K. 265 (Henle) or Mozart: “Ah, vous dirai-je Maman”, 12 Variations in C major, KV 265 (Bärenreiter)",,33
ABRSM,Piano 2025 & 2026,5,,A,Jason Sifford,Rondo Scherzando,,,"Mosaic, Vol. 4 (Editions Musica Ferrum)",,33
ABRSM,Piano 2025 & 2026,5,,B,"Capaldi, Kohn, Kelleher, Barnes & Roman","Someone You Loved, arr. Iles",,Iles,"Piano Exam Pieces 2025 & 2026, Grade 5 (ABRSM)",,33
ABRSM,Piano 2025 & 2026,5,,B,Naoko Ikeda,Foggy Blues (from Naoko Ikeda: The Graded Collection),,,"Piano Exam Pieces 2025 & 2026, Grade 5 (ABRSM)",,33
ABRSM,Piano 2025 & 2026,5,,B,Schubert,"Waltz in B minor, D. 145 No. 6",,,"Piano Exam Pieces 2025 & 2026, Grade 5 (ABRSM)",,33
ABRSM,Piano 2025 & 2026,5,,B,R. R. Bennett,Little Elegy,,,R. R. Bennett: Little Elegy (Novello),,33
ABRSM,Piano 2025 & 2026,5,,B,Gillock,Arabesque Sentimentale,,,William Gillock: Arabesque Sentimentale (Willis),,33
ABRSM,Piano 2025 & 2026,5,,B,Glière,"Evening (No. 5 from 8 Easy Pieces, Op. 43)",,,"Glière: Eight Easy Pieces, Op. 43 (ABRSM)",,33
ABRSM,Piano 2025 & 2026,5,,B,Granados,"La huérfana (No. 9 from Cuentos de las juventud, Op. 1)",,,"Granados: Stories of the Young, Op. 1 (ABRSM)",,33
ABRSM,Piano 2025 & 2026,5,,B,S. Heller,"Study in E minor, Op. 47 No. 15",,,S. Heller: 20 Miscellaneous Studies (ABRSM),,33
ABRSM,Piano 2025 & 2026,5,,B,T. Kirchner,"Andante (3rd movt from Sonatina in B♭, Op. 70 No. 5)",,,"Bärenreiter Sonatina Album, Vol. 2 (Bärenreiter)",,33
ABRSM,Piano 2025 & 2026,5,,B,Philip Lane,A Walk in the Park (No. 2 from Three Little Bites at the Big Apple),,,Philip Lane: Three Little Bites at the Big Apple (Goodmusic),,33
ABRSM,Piano 2025 & 2026,5,,B,Massenet,"Mélodie (No. 5 from 10 Pièces de genre, Op. 10)",,,"French Romantic Repertoire, Level 1 (Faber)",,33
ABRSM,Piano 2025 & 2026,5,,B,Mompou,La barca (from Impresiones íntimas),,,Mompou: Impresiones íntimas (Unión Musical Ediciones) or Mompou: Música para piano (Unión Musical Ediciones),,34
ABRSM,Piano 2025 & 2026,5,,B,Pachulski,"Prelude in C minor, Op. 8 No. 1",,,"A Romantic Sketchbook for Piano, Book 3 (ABRSM)",,34
ABRSM,Piano 2025 & 2026,5,,B,Schumann,"Von fremden Ländern und Menschen (No. 1 from Kinderscenen, Op. 15)",,,"Schumann: Kinderscenen, Op. 15 (ABRSM) or Schumann: Scenes from Childhood, Op. 15 (Henle) or Lang Lang Piano Academy: Mastering the Piano, Level 4 (Faber)",,34
ABRSM,Piano 2025 & 2026,5,,B,Trad. Korean,"Arirang, arr. Bullard",,Bullard,"Lang Lang Piano Academy: Mastering the Piano, Level 4 (Faber)",,34
ABRSM,Piano 2025 & 2026,5,,B,Pam Wedgwood,Beauly Abbey (from Up-Grade! Piano Grades 4–5),,,Pam Wedgwood: Up-Grade! Piano Grades 4–5 (Faber),,34
ABRSM,Piano 2025 & 2026,5,,C,Joe Hisaishi,"The Village in May (from My Neighbour Totoro), arr. Kawaura",,Kawaura,"Piano Exam Pieces 2025 & 2026, Grade 5 (ABRSM)",,34
ABRSM,Piano 2025 & 2026,5,,C,Martha Mier,"Jackson Street Blues (from Jazz, Rags & Blues, Book 4)",,,"Piano Exam Pieces 2025 & 2026, Grade 5 (ABRSM)",,34
ABRSM,Piano 2025 & 2026,5,,C,Prokofiev,"La pluie et l’arc-en-ciel (No. 8 from Musiques d’enfants, Op. 65)",,,"Piano Exam Pieces 2025 & 2026, Grade 5 (ABRSM)",,34
ABRSM,Piano 2025 & 2026,5,,C,Agay,Blue Waltz,,,The Joy of Boogie and Blues (Yorktown Music Press),,34
ABRSM,Piano 2025 & 2026,5,,C,Alwyn,The Sea is Angry,,,Pianoworks Collection 2 (OUP),,34
ABRSM,Piano 2025 & 2026,5,,C,Arlen,"Stormy Weather, arr. Iles",,Iles,"Nikki Iles and Friends, Book 1 (ABRSM)",,34
ABRSM,Piano 2025 & 2026,5,,C,Sara Bareilles,"King of Anything, arr. Baker",,Baker,"Pop Performer, Grades 4–5 (ABRSM)",,34
ABRSM,Piano 2025 & 2026,5,,C,Alicia Augello Cook,"If I Ain’t Got You, arr. Önaç",,Önaç,"Pop Performer, Grades 4–5 (ABRSM)",,34
ABRSM,Piano 2025 & 2026,5,,C,Bartók,"Winter Solstice Song (No. 38 from For Children, Vol. 1)",,,"Bartók: For Children, Vol. 1 (Boosey & Hawkes)",,34
ABRSM,Piano 2025 & 2026,5,,C,Lindsey Berwin,The Ghost Train (from All the Fun of the Fair),,,Lindsey Berwin: All the Fun of the Fair (EVC),,34
ABRSM,Piano 2025 & 2026,5,,C,Victoria Borisova-Ollas,Silent Island,,,Spectrum 3 (ABRSM),,34
ABRSM,Piano 2025 & 2026,5,,C,Ludovico Einaudi,Elegy for the Arctic,,,Pp. 7–9 from Ludovico Einaudi: Extra Elements (Chester),,34
ABRSM,Piano 2025 & 2026,5,,C,Martha Mier,"Tuxedo Jazz (from Jazz, Rags & Blues, Book 4)",,,"Martha Mier: Jazz, Rags & Blues, Book 4 (Alfred)",,34
ABRSM,Piano 2025 & 2026,5,,C,Pinto,"March, Little Soldier! (No. 3 from Scenas infantis)",,,Pinto: Scenas infantis (G. Schirmer),,34
ABRSM,Piano 2025 & 2026,5,,C,Catherine Rollin,"Love Theme (from Lyric Moments, Book 2)",,,"Catherine Rollin: Lyric Moments, Book 2 (Alfred)",,34
ABRSM,Piano 2025 & 2026,5,,C,Starer,"Bright Orange (from Sketches in Colour, Set One)",,,"Starer: Sketches in Colour, Set One (Hal Leonard)",,34
ABRSM,Piano 2025 & 2026,5,,C,André Bangambula Vindu,Lullaby (from Suite for Piano),,,"Piano Music of Africa and the African Diaspora, Vol. 1 (OUP)",,34
ABRSM,Piano 2025 & 2026,6,,A,J. S. Bach,"Invention No. 14 in B flat, BWV 785",,,"Piano Exam Pieces 2025 & 2026, Grade 6 (ABRSM)",,36
ABRSM,Piano 2025 & 2026,6,,A,Tailleferre,Sonata alla Scarlatti,,,"Piano Exam Pieces 2025 & 2026, Grade 6 (ABRSM)",,36
ABRSM,Piano 2025 & 2026,6,,A,C. Nielsen,"Spilleværket (No. 6 from Humoreske-Bagateller, Op. 11)",,,"Piano Exam Pieces 2025 & 2026, Grade 6 (ABRSM)",,36
ABRSM,Piano 2025 & 2026,6,,A,C. P. E. Bach,"Solfeggietto in C minor, Wq. 117/2",,,"C. P. E. Bach: Selected Keyboard Works, Book 2 (ABRSM) or Classics to Moderns, Book 6 (Yorktown Music Press)",,36
ABRSM,Piano 2025 & 2026,6,,A,J. S. Bach,"Invention No. 6 in E, BWV 777",,,J. S. Bach: Two-part Inventions (ABRSM) or J. S. Bach: Inventions and Sinfonias (Henle),,36
ABRSM,Piano 2025 & 2026,6,,A,J. F. F. Burgmüller,"Velocity, Op. 109 No. 10",,,"J. F. F. Burgmüller: Studies, Op. 109 (Peters)",,36
ABRSM,Piano 2025 & 2026,6,,A,Cimarosa,Allegro (1st movt from Sonata No. 6 in G),,,"The Classical Spirit, Book 2 (Alfred)",,36
ABRSM,Piano 2025 & 2026,6,,A,Handel,Fantasia in A,,,"Classics to Moderns, Book 6 (Yorktown Music Press)",,36
ABRSM,Piano 2025 & 2026,6,,A,Haydn,"Finale: Allegro molto (4th movt from Sonata in G, Hob. XVI:6)",,,"Haydn: Selected Keyboard Sonatas, Book 1 (ABRSM) or Haydn: Complete Piano Sonatas, Vol. 1 (Wiener Urtext)",,36
ABRSM,Piano 2025 & 2026,6,,A,Hummel,"Rondo in C, Op. 52 No. 6",,,Hummel: 16 Short Pieces (ABRSM),,36
ABRSM,Piano 2025 & 2026,6,,A,Knowles Paine,"Village Dance (No. 5 from In the Country, Op. 26)",,,Masters of American Piano Music (Alfred),,36
ABRSM,Piano 2025 & 2026,6,,A,Lindeman,Allegretto (from Character Pieces),,,"Women Composers, Book 2 (Schott)",,36
ABRSM,Piano 2025 & 2026,6,,A,B. Marcello,Presto (2nd movt from Sonata in G),,,"A Keyboard Anthology, 3rd Series, Book 4 (ABRSM)",,36
ABRSM,Piano 2025 & 2026,6,,A,D. Scarlatti,"Sonata in A, Kp. 208, L. 238",,,"D. Scarlatti: 200 Sonatas, Vol. 2 (EMB Zeneműkiadó)",,36
ABRSM,Piano 2025 & 2026,6,,A,Schubert,"Moment musical in F minor (No. 3 from Moments musicaux, D. 780)",,,"Schubert: Moments musicaux, D. 780 (ABRSM) or Schubert: Impromptus and Moments musicaux (Henle)",,36
ABRSM,Piano 2025 & 2026,6,,A,Telemann,"Allegro (1st movt from Fantasia No. 1 in D, 1st Dozen, TWV 33:1)",,,"Telemann: Fantasias, 1st Dozen (ABRSM)",,36
ABRSM,Piano 2025 & 2026,6,,B,Hensel,Bagatelle in F (No. 1 from Two Bagatelles),,,"Piano Exam Pieces 2025 & 2026, Grade 6 (ABRSM)",,36
ABRSM,Piano 2025 & 2026,6,,B,Glière,"Esquisse in D (No. 9 from 12 esquisses, Op. 47)",,,"Piano Exam Pieces 2025 & 2026, Grade 6 (ABRSM)",,36
ABRSM,Piano 2025 & 2026,6,,B,Alexis Ffrench,Last Song (from The Secret Piano),,,"Piano Exam Pieces 2025 & 2026, Grade 6 (ABRSM)",,36
ABRSM,Piano 2025 & 2026,6,,B,Albéniz,"Tango (No. 2 from España, Op. 165)",,,"Core Classics, Grades 5–6 (ABRSM)",,36
ABRSM,Piano 2025 & 2026,6,,B,Mel Bonis,"Interlude (from Interlude et Valse lente, Op. 38)",,,Mel Bonis: Piano Music Volume 5 – Dances A (Furore Verlag),,36
ABRSM,Piano 2025 & 2026,6,,B,Y. Bowen,A Pastel,,,Y. Bowen: A Pastel (Chester),,36
ABRSM,Piano 2025 & 2026,6,,B,Chopin,"Waltz in A minor, KK. IVb No. 11",,,"Chopin: Waltzes for Piano (Henle) or More Romantic Pieces for Piano, Book 4 (ABRSM)",,36
ABRSM,Piano 2025 & 2026,6,,B,Dello Joio,Prayer of the Matador (No. 2 from Lyric Pieces for the Young),,,The Boosey & Hawkes 20th-Century Piano Collection: from 1945 (Boosey & Hawkes),,36
ABRSM,Piano 2025 & 2026,6,,B,Glière,"Prelude in D♭ (No. 1 from 8 Easy Pieces, Op. 43)",,,"Glière: Eight Easy Pieces, Op. 43 (ABRSM) or A Romantic Sketchbook for Piano, Book 4 (ABRSM)",,36
ABRSM,Piano 2025 & 2026,6,,B,Guastavino,Cantilena No. 1 ‘Santa Fe para Ilorar’ (from 10 Cantilenas Argentinas),,,Guastavino: 10 Cantilenas Argentinas (Melos),,36
ABRSM,Piano 2025 & 2026,6,,B,C. Hartmann,Nocturne,,,C. Hartmann: Two Piano Pieces (Edition HH),,36
ABRSM,Piano 2025 & 2026,6,,B,Stephen Hough,Little Lullaby (4th movt from Suite R-B),,,Stephen Hough: Suite R-B and Other Enigmas (Weinberger),,36
ABRSM,Piano 2025 & 2026,6,,B,Howells,There Was a Most Beautiful Lady (No. 3 from Country Pageant),,,"Howells: Country Pageant & A Little Book of Dances (ABRSM) or Core Classics, Grades 5–6 (ABRSM)",,36
ABRSM,Piano 2025 & 2026,6,,B,Khachaturian,Legend (No. 6 from Pictures of Childhood),,,Khachaturian: Pictures of Childhood (Boosey & Hawkes),,37
ABRSM,Piano 2025 & 2026,6,,B,Schumann,"Einsame Blumen (No. 3 from Waldscenen, Op. 82)",,,"Schumann: Waldscenen, Op. 82 (ABRSM)",,37
ABRSM,Piano 2025 & 2026,6,,B,Sam Wedgwood,"Empty Rooms (from Sam Wedgwood’s Project, Book 1)",,,"Sam Wedgwood’s Project, Book 1 (EVC)",,37
ABRSM,Piano 2025 & 2026,6,,C,Bartók,"Stamping Dance (No. 128 from Mikrokosmos, Vol. 5)",,,"Piano Exam Pieces 2025 & 2026, Grade 6 (ABRSM)",,37
ABRSM,Piano 2025 & 2026,6,,C,Zoe Rahman,The Bounce,,,"Piano Exam Pieces 2025 & 2026, Grade 6 (ABRSM)",,37
ABRSM,Piano 2025 & 2026,6,,C,Komitas Vardapet,Shushiki (No. 4 from Dances),,,"Piano Exam Pieces 2025 & 2026, Grade 6 (ABRSM)",,37
ABRSM,Piano 2025 & 2026,6,,C,L. Bernstein,"Cool (from West Side Story), arr. Klose",,Klose,Broadway Piano Solos (Boosey & Hawkes),,37
ABRSM,Piano 2025 & 2026,6,,C,L. Bernstein,For Stephen Sondheim (No. 3 from 13 Anniversaries),,,L. Bernstein: 13 Anniversaries (Boosey & Hawkes),,37
ABRSM,Piano 2025 & 2026,6,,C,Valerie Capers,Mr “Satchmo” (from Portraits in Jazz),,,Valerie Capers: Portraits in Jazz (OUP),,37
ABRSM,Piano 2025 & 2026,6,,C,Casella,"Galop Final (No. 11 from 11 Children’s Pieces, Op. 35)",,,Casella: 11 Children’s Pieces (Universal),,37
ABRSM,Piano 2025 & 2026,6,,C,Ben Crosland,"View from a Window (No. 12 from Cool Beans!, Vol. 1)",,,"Pp. 24–27 from Ben Crosland: Cool Beans!, Vol. 1 (Editions Musica Ferrum)",,37
ABRSM,Piano 2025 & 2026,6,,C,Paul Harvey,Rumba Toccata,,,Paul Harvey: Rumba Toccata (Ricordi),,37
ABRSM,Piano 2025 & 2026,6,,C,Nikki Iles,East Coast Blues,,,Jazz on a Summer’s Day (OUP),,37
ABRSM,Piano 2025 & 2026,6,,C,Mercury,"Somebody to Love, arr. Keveren",,Keveren,Queen for Classical Piano (Hal Leonard),,37
ABRSM,Piano 2025 & 2026,6,,C,Stephen Montague,Tsunami,,,Spectrum 2 (ABRSM),,37
ABRSM,Piano 2025 & 2026,6,,C,Prokofiev,"Cortège de sauterelles (No. 7 from Musiques d’enfants, Op. 65)",,,"Prokofiev: Musiques d’enfants, Op. 65 (Boosey & Hawkes)",,37
ABRSM,Piano 2025 & 2026,6,,C,Nkeiru Okoye,Dancing Barefoot in the Rain (from African Sketches),,,"Piano Music of Africa and the African Diaspora, Vol. 1 (OUP)",,37
ABRSM,Piano 2025 & 2026,6,,C,Poul Ruders,Shooting Stars,,,Spectrum 3 (ABRSM),,37
ABRSM,Piano 2025 & 2026,6,,C,Billy Taylor,"I wish I knew how it would feel to be free, arr. Churchill",,Churchill,"Nikki Iles and Friends, Book 1 (ABRSM)",,37
ABRSM,Piano 2025 & 2026,7,,A,Beethoven,"Scherzo (3rd movt from Sonata in A, Op. 2 No. 2)",,,"Piano Exam Pieces 2025 & 2026, Grade 7 (ABRSM)",,39
ABRSM,Piano 2025 & 2026,7,,A,Akira Yuyama,Pop Corn (No. 18 from Confections: A Piano Sweet),,,"Piano Exam Pieces 2025 & 2026, Grade 7 (ABRSM)",,39
ABRSM,Piano 2025 & 2026,7,,A,Daquin,Le coucou (Rondeau: 1st movt from Troisième suite),,,"Piano Exam Pieces 2025 & 2026, Grade 7 (ABRSM)",,39
ABRSM,Piano 2025 & 2026,7,,A,C. P. E. Bach,"Allegro di molto (1st movt from Sonata in F minor, Wq. 63/6)",,,"Pp. 40–43 from C. P. E. Bach: Selected Keyboard Works, Book 4 (ABRSM) or The Classical Spirit, Book 2 (Alfred)",,39
ABRSM,Piano 2025 & 2026,7,,A,J. S. Bach,"Gigue (7th movt from French Suite No. 3 in B minor, BWV 814)",,,J. S. Bach: French Suites (ABRSM),,39
ABRSM,Piano 2025 & 2026,7,,A,Beethoven,"Menuetto and Trio (3rd movt from Sonata in D, Op. 10 No. 3)",,,"Beethoven: Sonata in D, Op. 10 No. 3 (ABRSM) or Beethoven: The 35 Piano Sonatas, Vol. 1 (ABRSM) or Beethoven: Complete Pianoforte Sonatas, Vol. 1 (ABRSM)",,39
ABRSM,Piano 2025 & 2026,7,,A,Grieg,"Rigaudon (5th movt from Holberg Suite, Op. 40)",,,"Grieg: Piano Works, Vol. 3 (Peters)",,39
ABRSM,Piano 2025 & 2026,7,,A,Handel,"Allemande and Courante (2nd and 3rd movts from Suite in D minor, HWV 437)",,,"Handel: Keyboard Works, Vol. 2 (Bärenreiter)",,39
ABRSM,Piano 2025 & 2026,7,,A,Haydn,"Moderato (1st movt from Sonata in E, Hob. XVI:31)",,,"Haydn: Selected Keyboard Sonatas, Book 3 (ABRSM) or Haydn: Complete Piano Sonatas, Vol. 3 (Wiener Urtext)",,39
ABRSM,Piano 2025 & 2026,7,,A,Kuhlau,"Allegro con spirito (1st movt from Sonatina in A, Op. 60 No. 2)",,,"Kuhlau: Sonatinas, Vol. 2 (Peters)",,39
ABRSM,Piano 2025 & 2026,7,,A,Mozart,"Gigue in G, K. 574",,,"Pp. 11–12 from A Keyboard Anthology, 2nd Series, Book 5 (ABRSM) or Mozart: Mature Piano Pieces (ABRSM) or Mozart: Piano Pieces, Selection (Henle)",,39
ABRSM,Piano 2025 & 2026,7,,A,Paradies,Allegro (2nd movt from Sonata No. 6 in A),,,"Pp. 45–47 from Paradies: Sonate di Gravicembalo, Vol. 1 (Schott)",,39
ABRSM,Piano 2025 & 2026,7,,A,Rameau,Les sauvages (from Pièces de clavecin),,,Rameau: Les cyclopes / Les sauvages (Bärenreiter) or pp. 96–97 from Rameau: Pièces de clavecin (Heugel),,39
ABRSM,Piano 2025 & 2026,7,,A,D. Scarlatti,"Sonata in E, Kp. 380, L. 23",,,"Pp. 30–33 from D. Scarlatti: Keyboard Pieces and Sonatas, Book 3 (ABRSM) or D. Scarlatti: 200 Sonatas, Vol. 3 (EMB Zeneműkiadó)",,39
ABRSM,Piano 2025 & 2026,7,,A,C. Schumann,"Scherzo (No. 4 from Quatre pièces fugitives, Op. 15)",,,C. Schumann: Quatre pièces fugitives Op. 15 (Breitkopf & Härtel),,39
ABRSM,Piano 2025 & 2026,7,,A,Joaquín Turina,"El mercado (No. 5 from Miniaturas, Op. 52)",,,Joaquín Turina: Miniaturas (Schott),,39
ABRSM,Piano 2025 & 2026,7,,B,Schumann,"*** (No. 30 from Album für die Jugend, Op. 68)",,,"Piano Exam Pieces 2025 & 2026, Grade 7 (ABRSM)",,39
ABRSM,Piano 2025 & 2026,7,,B,Ginastera,"Adagietto pianissimo (No. 1 from Suite de danzas criollas, Op. 15)",,,"Piano Exam Pieces 2025 & 2026, Grade 7 (ABRSM)",,39
ABRSM,Piano 2025 & 2026,7,,B,Mendelssohn,Musical Sketch in B flat (No. 1 from Two Musical Sketches),,,"Piano Exam Pieces 2025 & 2026, Grade 7 (ABRSM)",,39
ABRSM,Piano 2025 & 2026,7,,B,Alan Bullard,"Prelude No. 9 (from 12 or 13 Preludes for Piano Solo, Set One)",,,"Alan Bullard: Prelude No. 9 from 12 or 13 Preludes for Piano Solo, Set One (Colne Edition) or Alan Bullard: 12 or 13 Preludes for Piano Solo, Set One (Colne Edition)",,39
ABRSM,Piano 2025 & 2026,7,,B,Debussy,The Little Shepherd (No. 5 from Children’s Corner),,,"A Keyboard Anthology, 1st Series, Book 5 (ABRSM)",,39
ABRSM,Piano 2025 & 2026,7,,B,Görres,"Children’s Song (No. 11 from Bunte Reihen kurzer Klavierstücke, Op. 6)",,,"Women Composers, Book 2 (Schott)",,40
ABRSM,Piano 2025 & 2026,7,,B,Hensel,"Mélodie, Op. 4 No. 2",,,At the Piano with Women Composers (Alfred) or Piano Music by Female Composers (4th revised edition 2011) (Schott),,40
ABRSM,Piano 2025 & 2026,7,,B,Ilyinsky,"Berceuse (No. 7 from Noure et Anitra, Op. 13)",,,"Core Classics, Grades 6–7 (ABRSM) or A Keyboard Anthology, 3rd Series, Book 5 (ABRSM)",,40
ABRSM,Piano 2025 & 2026,7,,B,Liszt,"Consolation No. 5 in E (from Consolations, S. 172)",,,Liszt: 21 Short Piano Pieces (ABRSM) or Liszt: Consolations (Wiener Urtext),,40
ABRSM,Piano 2025 & 2026,7,,B,Lyadov,"Mazurka in F minor (No. 3 from Trois morceaux, Op. 57)",,,"Lyadov: Preludes, Trifles and Other Pieces (ABRSM) or A Romantic Sketchbook for Piano, Book 4 (ABRSM)",,40
ABRSM,Piano 2025 & 2026,7,,B,Mendelssohn,"Song without Words, Op. 19 No. 1",,,Mendelssohn: Songs without Words (ABRSM),,40
ABRSM,Piano 2025 & 2026,7,,B,A. Richardson,"Lento moderato (2nd movt from Sonatina in F, Op. 27)",,,"A. Richardson: Sonatina in F, Op. 27 (Weinberger)",,40
ABRSM,Piano 2025 & 2026,7,,B,Rubinstein,"Romance (No. 1 from Soirées à Saint-Petersbourg, Op. 44)",,,"Short Romantic Pieces for Piano, Book 5 (ABRSM)",,40
ABRSM,Piano 2025 & 2026,7,,B,O. Russell,Jamaican Dance No. 2 (from Three Jamaican Dances),,,"Piano Music of Africa and the African Diaspora, Vol. 3 (OUP)",,40
ABRSM,Piano 2025 & 2026,7,,B,Schumann,"Kind im Einschlummern (No. 12 from Kinderscenen, Op. 15)",,,"Schumann: Kinderscenen, Op. 15 (ABRSM) or Schumann: Scenes from Childhood, Op. 15 (Henle) or Night and Dreams (Schott)",,40
ABRSM,Piano 2025 & 2026,7,,B,P. E. Wolf,Nostalgia (Vágyódás) (No. 4 from Jazz Preludes Wolf-temperiertes Klavier 2),,,Jazz Preludes Wolf-temperiertes Klavier 2 (EMB Zeneműkiadó),,40
ABRSM,Piano 2025 & 2026,7,,C,Kahn,The Watermill,,,"Piano Exam Pieces 2025 & 2026, Grade 7 (ABRSM)",,40
ABRSM,Piano 2025 & 2026,7,,C,Joanna MacGregor,Lowside Blues,,,"Piano Exam Pieces 2025 & 2026, Grade 7 (ABRSM)",,40
ABRSM,Piano 2025 & 2026,7,,C,Shostakovich,"Allegretto (No. 1 from Three Fantastic Dances, Op. 5)",,,"Piano Exam Pieces 2025 & 2026, Grade 7 (ABRSM)",,40
ABRSM,Piano 2025 & 2026,7,,C,Bartók,Bagpipers: Allegretto (1st movt from Sonatina),,,Bartók: Sonatina (EMB Zeneműkiadó or Henle),,40
ABRSM,Piano 2025 & 2026,7,,C,Chen Yi,Bamboo Dance II,,,Spectrum 5 (ABRSM),,40
ABRSM,Piano 2025 & 2026,7,,C,Ginastera,"Tribute to Roberto Garcia Morillo (No. 6 from 12 American Preludes, Op. 12)",,,"Ginastera: 12 American Preludes, Op. 12 (Carl Fischer)",,40
ABRSM,Piano 2025 & 2026,7,,C,Grieg,"Butterfly (No. 1 from Lyric Pieces, Book 3, Op. 43)",,,"Grieg: 38 Pianoforte Pieces, Book 2 (ABRSM)",,40
ABRSM,Piano 2025 & 2026,7,,C,Grovlez,Chanson du chasseur (No. 4 from L’Almanach aux images),,,"Grovlez: L’Almanach aux images (Stainer & Bell) or Beyond the Romantic Spirit, Book 2 (Alfred)",,40
ABRSM,Piano 2025 & 2026,7,,C,Bart Howard,"Fly Me to the Moon, arr. Iles",,Iles,"Nikki Iles and Friends, Book 2 (ABRSM)",,40
ABRSM,Piano 2025 & 2026,7,,C,Kern,"Smoke Gets in Your Eyes (from Roberta), arr. Evans",,Evans,Lee Evans Arranges Jerome Kern (Hal Leonard),,40
ABRSM,Piano 2025 & 2026,7,,C,Florentine Mulsant,"Prélude No. 14 (from 24 Préludes pour piano, Op. 38)",,,"Florentine Mulsant: 24 Préludes pour piano, Op. 38 (Furore Verlag)",,40
ABRSM,Piano 2025 & 2026,7,,C,Christopher Norton,Pop Bossa (No. 5 from Latin Preludes 2),,,Christopher Norton: Latin Preludes Collection (Boosey & Hawkes),,40
ABRSM,Piano 2025 & 2026,7,,C,Piazzolla,Milonga del ángel,,,Piazzolla: Piazzolla: Ángel for piano (Tonos),,40
ABRSM,Piano 2025 & 2026,7,,C,Uzoigwe,Nigerian Dance No. 1 (from Four Nigerian Dances),,,"Piano Music of Africa and the African Diaspora, Vol. 2 (OUP)",,40
ABRSM,Piano 2025 & 2026,7,,C,Villoldo,"El Choclo, arr. Korn",,Korn,Tango Meets Jazz (Schott),,40
ABRSM,Piano 2025 & 2026,7,,C,Carl Vine,Spartacus,,,Carl Vine: Red Blues (Faber),,40
ABRSM,Piano 2025 & 2026,8,,A,Mozart,"Alla Turca (3rd movt from Sonata in A, K. 331)",,,"Piano Exam Pieces 2025 & 2026, Grade 8 (ABRSM)",,42
ABRSM,Piano 2025 & 2026,8,,A,Mel Bonis,Il pleut,,,"Piano Exam Pieces 2025 & 2026, Grade 8 (ABRSM)",,42
ABRSM,Piano 2025 & 2026,8,,A,D. Scarlatti,"Sonata in C, Kp. 513",,,"Piano Exam Pieces 2025 & 2026, Grade 8 (ABRSM)",,42
ABRSM,Piano 2025 & 2026,8,,A,J. S. Bach,"Prelude and Fugue in G, BWV 884",,,"J. S. Bach: The Well-Tempered Clavier, Part 2 (ABRSM)",,42
ABRSM,Piano 2025 & 2026,8,,A,J. S. Bach,"Sarabande and Rondeaux (4th and 5th movts from Partita No. 2 in C minor, BWV 826)",,,J. S. Bach: Partitas Nos. 1–3 (ABRSM),,42
ABRSM,Piano 2025 & 2026,8,,A,Beethoven,"Allegro (1st movt from Sonata in E, Op. 14 No. 1)",,,"Beethoven: Sonata in E, Op. 14 No. 1 (ABRSM) or Beethoven: The 35 Piano Sonatas, Vol. 1 (ABRSM) or Beethoven: Complete Pianoforte Sonatas, Vol. 1 (ABRSM)",,42
ABRSM,Piano 2025 & 2026,8,,A,Handel,"Prelude and Allegro (Fuga) (1st and 2nd movts from Suite No. 8 in F minor, HWV 433)",,,"Handel: Eight Great Suites, Book 2 (ABRSM) or Handel: Keyboard Works, Vol. 1 (Bärenreiter)",,42
ABRSM,Piano 2025 & 2026,8,,A,Haydn,"Allegro con brio (1st movt from Sonata in D, Hob. XVI:37)",,,"Haydn: Selected Keyboard Sonatas, Book 3 (ABRSM) or Haydn: Complete Piano Sonatas, Vol. 3 (Wiener Urtext)",,42
ABRSM,Piano 2025 & 2026,8,,A,Haydn,"Allegro (1st movt from Sonata in E♭, Hob. XVI:49)",,,Haydn: Complete Piano Sonatas Volume III (Henle),,42
ABRSM,Piano 2025 & 2026,8,,A,Stephen Hough,Toccatina (5th movt from Suite R-B),,,Stephen Hough: Suite R-B and Other Enigmas (Weinberger),,42
ABRSM,Piano 2025 & 2026,8,,A,Martínez,Allegro/Moderato (1st movt from Sonata in A),,,"Piano Music by Female Composers (4th revised edition 2011) (Schott) or Core Classics, Grades 7–8 (ABRSM)",,42
ABRSM,Piano 2025 & 2026,8,,A,Moszkowski,"Scherzino, Op. 77 No. 2",,,Moszkowski: Music for Piano (G. Schirmer),,42
ABRSM,Piano 2025 & 2026,8,,A,Mozart,"Andante grazioso and Vars. 1–6 (1st movt from Sonata in A, K. 331)",,,"Mozart: Sonata in A, K. 331 (ABRSM) or Mozart: Sonatas for Pianoforte, Vol. 2 (ABRSM)",,42
ABRSM,Piano 2025 & 2026,8,,A,Rameau,Les cyclopes (from Pièces de clavecin),,,Rameau: Les cyclopes / Les sauvages (Bärenreiter) or Rameau: Pièces de clavecin (Heugel),,42
ABRSM,Piano 2025 & 2026,8,,A,D. Scarlatti,"Sonata in D, Kp. 443, L. 418",,,"Pp. 4–7 from D. Scarlatti: Selected Keyboard Sonatas, Book 1 (ABRSM) or D. Scarlatti: 200 Sonatas, Vol. 4 (EMB Zeneműkiadó)",,42
ABRSM,Piano 2025 & 2026,8,,A,C. Schumann,"Un poco agitato (No. 2 from Quatre pièces fugitives, Op. 15)",,,C. Schumann: Romantic Piano Music (Vol. 2) (Bärenreiter) or C. Schumann: Quatre pièces fugitives Op. 15 (Breitkopf & Härtel),,42
ABRSM,Piano 2025 & 2026,8,,B,Debussy,"La fille aux cheveux de lin (No. 8 from Préludes, Book 1)",,,"Piano Exam Pieces 2025 & 2026, Grade 8 (ABRSM)",,42
ABRSM,Piano 2025 & 2026,8,,B,Joe Hisaishi,il porco rosso (from Porco Rosso),,,"Piano Exam Pieces 2025 & 2026, Grade 8 (ABRSM)",,42
ABRSM,Piano 2025 & 2026,8,,B,Liszt,"Consolation in E (No. 2 from Consolations, S. 172)",,,"Piano Exam Pieces 2025 & 2026, Grade 8 (ABRSM)",,42
ABRSM,Piano 2025 & 2026,8,,B,Arensky,"Nocturne in D♭ (No. 3 from 24 Characteristic Pieces, Op. 36)",,,"Arensky: 24 Characteristic Pieces, Op. 36 (Prhythm) or Arensky: 24 Morceau characteristiques, Op. 36 (Alfred)",,42
ABRSM,Piano 2025 & 2026,8,,B,A. Beach,"A Hermit Thrush at Morn, Op. 92 No. 2",,,Piano Music of Amy Beach (Hal Leonard) or Amy Beach Piano Music (Dover),,42
ABRSM,Piano 2025 & 2026,8,,B,Beethoven,"Adagio cantabile (2nd movt from Sonata in C minor ‘Pathétique’, Op. 13)",,,"Beethoven: Sonata in C minor, Op. 13 (Pathétique) (ABRSM) or Beethoven: The 35 Piano Sonatas, Vol. 1 (ABRSM) or Beethoven: Complete Pianoforte Sonatas, Vol. 1 (ABRSM)",,42
ABRSM,Piano 2025 & 2026,8,,B,Chopin,"Mazurka in A minor, Op. 17 No. 4",,,Chopin: Mazurkas (Henle),,42
ABRSM,Piano 2025 & 2026,8,,B,Hensel,Andante cantabile in D♭,,,Hensel: Selected Piano Works (Henle),,42
ABRSM,Piano 2025 & 2026,8,,B,Ireland,Columbine,,,"Ireland: The Collected Piano Works, Vol. 4 (Stainer & Bell)",,43
ABRSM,Piano 2025 & 2026,8,,B,Janáček,Andante (No. 1 from In the Mists),,,Janáček: In the Mists (Bärenreiter),,43
ABRSM,Piano 2025 & 2026,8,,B,Rachmaninoff,"Moment musical in D♭, Op. 16 No. 5",,,"Rachmaninoff: Six moments musicaux, Op. 16 (Simrock)",,43
ABRSM,Piano 2025 & 2026,8,,B,Schubert,"Impromptu in A♭ (No. 2 from Four Impromptus, Op. 142, D. 935)",,,"Schubert: Impromptus, Op. 142 (ABRSM) or Schubert: Impromptus and Moments musicaux (Henle) or Core Classics, Grades 7–8 (ABRSM)",,43
ABRSM,Piano 2025 & 2026,8,,B,Schumann,"Romanze in F♯ (No. 2 from Drei Romanzen, Op. 28)",,,"Schumann: Drei Romanzen, Op. 28 (ABRSM)",,43
ABRSM,Piano 2025 & 2026,8,,B,Tailleferre,Impromptu,,,Tailleferre: Impromptu (Editions Jobert),,43
ABRSM,Piano 2025 & 2026,8,,B,Tchaikovsky,"Janvier ‘Au coin du feu’ (No. 1 from The Seasons, Op. 37bis)",,,Tchaikovsky: The Seasons (Henle),,43
ABRSM,Piano 2025 & 2026,8,,B,P. E. Wolf,Hiding Rainbow (Bujkáló szivárvárny) (No. 22 from Jazz Preludes Wolf-temperiertes Klavier 2),,,Jazz Preludes Wolf-temperiertes Klavier 2 (EMB Zeneműkiadó),,43
ABRSM,Piano 2025 & 2026,8,,C,Cheryl Frances-Hoad,"In the Dew, a Homage to Janáček (from Homages, Book 1)",,,"Piano Exam Pieces 2025 & 2026, Grade 8 (ABRSM)",,43
ABRSM,Piano 2025 & 2026,8,,C,Joplin,Maple Leaf Rag,,,"Piano Exam Pieces 2025 & 2026, Grade 8 (ABRSM)",,43
ABRSM,Piano 2025 & 2026,8,,C,Sherwin & Maschwitz,"A Nightingale Sang in Berkeley Square, arr. Iles",,Iles,"Piano Exam Pieces 2025 & 2026, Grade 8 (ABRSM)",,43
ABRSM,Piano 2025 & 2026,8,,C,Eleanor Alberga,If the Silver Bird Could Speak,,,Spectrum (ABRSM),,43
ABRSM,Piano 2025 & 2026,8,,C,Bartók,Dance in Bulgarian Rhythm No. 6 (No.153 from Mikrokosmos),,,"Bartók: Six Dances in Bulgarian Rhythm (Henle) or Bartók: Mikrokosmos, Vol. 6 (Boosey & Hawkes)",,43
ABRSM,Piano 2025 & 2026,8,,C,Chaminade,"Pierrette (Air de Ballet), Op. 41",,,Piano Music by Female Composers (4th revised edition 2011) (Schott),,43
ABRSM,Piano 2025 & 2026,8,,C,Chen Peixun,Thunder in Drought Season,,,"100 Years of Chinese Piano Music: Vol. III Works in Traditional Style, Book II Instrumental Music (Shanghai Conservatory of Music Press)",,43
ABRSM,Piano 2025 & 2026,8,,C,Debussy,Rêverie,,,Debussy: Rêverie (Editions Jobert) or Night and Dreams (Schott),,43
ABRSM,Piano 2025 & 2026,8,,C,Tim Garland,Eco Warrior,,,"Nikki Iles and Friends, Book 2 (ABRSM)",,43
ABRSM,Piano 2025 & 2026,8,,C,Zoe Rahman,Go with the Flow,,,"Nikki Iles and Friends, Book 2 (ABRSM)",,43
ABRSM,Piano 2025 & 2026,8,,C,Khachaturian,Toccata,,,Khachaturian: Toccata (Boosey & Hawkes),,43
ABRSM,Piano 2025 & 2026,8,,C,Uwe Korn,Caballos Españoles,,,Tango Meets Jazz (Schott),,43
ABRSM,Piano 2025 & 2026,8,,C,Cecilia McDowall,Vespers in Venice (from Four Piano Solos),,,Cecilia McDowall: Four Piano Solos (Hunt Edition),,43
ABRSM,Piano 2025 & 2026,8,,C,McHugh,"On the Sunny Side of the Street, arr. Iles",,Iles,Jazz on a Summer’s Day (OUP),,43
ABRSM,Piano 2025 & 2026,8,,C,Trad. Irish,"Danny Boy, arr. Iles",,Iles,Jazz in Autumn (OUP),,43
ABRSM,Piano 2025 & 2026,8,,C,Villa-Lobos,O polichinelo (from A prole do bebê no.1),,,"Villa-Lobos: O polichinelo (Eschig) or Beyond the Romantic Spirit, Book 2 (Alfred)",,43
