source,level,title,composer,teaches,source_url,how_read
"Kunkel's Piano Pedal Method (Charles Kunkel, 1902)",beginner and advanced (title page),Largo,Beethoven,pedal sustains a melody note under florid figures,https://archive.org/details/b106288258,Haiku agent's summary of the archive.org OCR text (2026-10-10); not checked against the scan
"Kunkel's Piano Pedal Method (Charles Kunkel, 1902)",beginner and advanced (title page),Grave,Beethoven,pedal connects chords legato,https://archive.org/details/b106288258,Haiku agent's summary of the archive.org OCR text (2026-10-10); not checked against the scan
"Kunkel's Piano Pedal Method (Charles Kunkel, 1902)",beginner and advanced (title page),Pleyel's Hymn,,pedal connects chord changes,https://archive.org/details/b106288258,Haiku agent's summary of the archive.org OCR text (2026-10-10); not checked against the scan
"Kunkel's Piano Pedal Method (Charles Kunkel, 1902)",beginner and advanced (title page),Hamburg,Lowell Mason,pedal connects the tenor line,https://archive.org/details/b106288258,Haiku agent's summary of the archive.org OCR text (2026-10-10); not checked against the scan
"Kunkel's Piano Pedal Method (Charles Kunkel, 1902)",beginner and advanced (title page),Old Hundred,Guillaume Franc,legato melody over staccato accompaniment,https://archive.org/details/b106288258,Haiku agent's summary of the archive.org OCR text (2026-10-10); not checked against the scan
"Kunkel's Piano Pedal Method (Charles Kunkel, 1902)",beginner and advanced (title page),Consolation,Schubert,pedal markings with dynamics,https://archive.org/details/b106288258,Haiku agent's summary of the archive.org OCR text (2026-10-10); not checked against the scan
"Steps for the Young Pianist vol. 2 (Hazel Gertrude Kinscella, 1919)",Second Steps (vol. 2 of 6),The Happy Farmer,Schumann,"melody in left hand, light right-hand chords",https://archive.org/details/stepsforyoungpia02kins,Haiku agent's summary of the archive.org OCR text (2026-10-10); not checked against the scan
"Steps for the Young Pianist vol. 2 (Hazel Gertrude Kinscella, 1919)",Second Steps (vol. 2 of 6),Musette,Bach,"singing andante, tenuto notes",https://archive.org/details/stepsforyoungpia02kins,Haiku agent's summary of the archive.org OCR text (2026-10-10); not checked against the scan
"Steps for the Young Pianist vol. 2 (Hazel Gertrude Kinscella, 1919)",Second Steps (vol. 2 of 6),Gavotte,Martini,stately dance,https://archive.org/details/stepsforyoungpia02kins,Haiku agent's summary of the archive.org OCR text (2026-10-10); not checked against the scan
"Steps for the Young Pianist vol. 2 (Hazel Gertrude Kinscella, 1919)",Second Steps (vol. 2 of 6),Scherzo,Muller,left-hand melody with light grace notes,https://archive.org/details/stepsforyoungpia02kins,Haiku agent's summary of the archive.org OCR text (2026-10-10); not checked against the scan
"Steps for the Young Pianist vol. 2 (Hazel Gertrude Kinscella, 1919)",Second Steps (vol. 2 of 6),Etude,Bertini,syncopation in waltz tempo,https://archive.org/details/stepsforyoungpia02kins,Haiku agent's summary of the archive.org OCR text (2026-10-10); not checked against the scan
"Steps for the Young Pianist vol. 2 (Hazel Gertrude Kinscella, 1919)",Second Steps (vol. 2 of 6),The Blue Danube Waltz,J. Strauss,"waltz swing, accented first beats, staccato bass chords",https://archive.org/details/stepsforyoungpia02kins,Haiku agent's summary of the archive.org OCR text (2026-10-10); not checked against the scan
"First Steps in Chord Playing (Dorothy Gaynor Blake, 1928)",young student,Off to Camp,,"C chord in all positions, left hand",https://archive.org/details/b106173558,Haiku agent's summary of the archive.org OCR text (2026-10-10); not checked against the scan
"First Steps in Chord Playing (Dorothy Gaynor Blake, 1928)",young student,Hail! Christmas Morn,,"G chord in root position, right hand",https://archive.org/details/b106173558,Haiku agent's summary of the archive.org OCR text (2026-10-10); not checked against the scan
"First Steps in Chord Playing (Dorothy Gaynor Blake, 1928)",young student,Brother Commander,,"C and F chords, melody alternating between hands",https://archive.org/details/b106173558,Haiku agent's summary of the archive.org OCR text (2026-10-10); not checked against the scan
"First Steps in Chord Playing (Dorothy Gaynor Blake, 1928)",young student,Chapel,,"C, F, G chords, right hand, with pedal (pedal each chord)",https://archive.org/details/b106173558,Haiku agent's summary of the archive.org OCR text (2026-10-10); not checked against the scan
"First Steps in Chord Playing (Dorothy Gaynor Blake, 1928)",young student,Augustin,arr. Geo. F. Root,broken-chord accompaniment,https://archive.org/details/b106173558,Haiku agent's summary of the archive.org OCR text (2026-10-10); not checked against the scan
"First Steps in Chord Playing (Dorothy Gaynor Blake, 1928)",young student,Old Black Joe,Stephen C. Foster,broken-chord accompaniment,https://archive.org/details/b106173558,Haiku agent's summary of the archive.org OCR text (2026-10-10); not checked against the scan
"A Method for the Piano for Little Children (Jessie L. Gaynor, 1921)",little children,A Peasant Dance,,"phrasing, right hand alone then left hand",https://archive.org/details/b106174423,Haiku agent's summary of the archive.org OCR text (2026-10-10); not checked against the scan
"A Method for the Piano for Little Children (Jessie L. Gaynor, 1921)",little children,The Grasshopper,,wrist staccato with 3rd finger,https://archive.org/details/b106174423,Haiku agent's summary of the archive.org OCR text (2026-10-10); not checked against the scan
"A Method for the Piano for Little Children (Jessie L. Gaynor, 1921)",little children,The Beaten Path,,lower voice imitates upper voice,https://archive.org/details/b106174423,Haiku agent's summary of the archive.org OCR text (2026-10-10); not checked against the scan
"Tapper's Graded Piano Music Book III (Thomas Tapper, 1904)",Book III of grades I-VII,Shadow Dance,Anton Strelezki,rubato,https://archive.org/details/gradedtapper00tapprich,Haiku agent's summary of the archive.org OCR text (2026-10-10); not checked against the scan
"Tapper's Graded Piano Music Book III (Thomas Tapper, 1904)",Book III of grades I-VII,Waltz,Tchaikovsky,accents and a steady left-hand pulse,https://archive.org/details/gradedtapper00tapprich,Haiku agent's summary of the archive.org OCR text (2026-10-10); not checked against the scan
"Tapper's Graded Piano Music Book III (Thomas Tapper, 1904)",Book III of grades I-VII,Menuet,J. S. Bach,strictly two-voiced writing,https://archive.org/details/gradedtapper00tapprich,Haiku agent's summary of the archive.org OCR text (2026-10-10); not checked against the scan
"Tapper's Graded Piano Music Book III (Thomas Tapper, 1904)",Book III of grades I-VII,Menuet des Enfants,John Carver Alden,ternary form,https://archive.org/details/gradedtapper00tapprich,Haiku agent's summary of the archive.org OCR text (2026-10-10); not checked against the scan
"Tapper's Graded Piano Music Book III (Thomas Tapper, 1904)",Book III of grades I-VII,Theme and Variations,Stephen Heller,legato against semi-staccato,https://archive.org/details/gradedtapper00tapprich,Haiku agent's summary of the archive.org OCR text (2026-10-10); not checked against the scan
"Tapper's Graded Piano Music Book III (Thomas Tapper, 1904)",Book III of grades I-VII,Tyrolienne,J. N. Hummel,accentuation and legato,https://archive.org/details/gradedtapper00tapprich,Haiku agent's summary of the archive.org OCR text (2026-10-10); not checked against the scan
"University Course of Music Study, Piano Series vol. 3 (1920)",Grade III,Study,Bertini,syncopation,https://archive.org/details/universitycourse03unse,Haiku agent's summary of the archive.org OCR text (2026-10-10); not checked against the scan
"University Course of Music Study, Piano Series vol. 3 (1920)",Grade III,Menuetto,Scharwenka,syncopation over a dominant pedal,https://archive.org/details/universitycourse03unse,Haiku agent's summary of the archive.org OCR text (2026-10-10); not checked against the scan
"University Course of Music Study, Piano Series vol. 3 (1920)",Grade III,Etude,Gliere,"7/4 time, staccato repeated notes, discreet pedal",https://archive.org/details/universitycourse03unse,Haiku agent's summary of the archive.org OCR text (2026-10-10); not checked against the scan
"University Course of Music Study, Piano Series vol. 3 (1920)",Grade III,Sarabanda,Handel,3/2 time and pedal use,https://archive.org/details/universitycourse03unse,Haiku agent's summary of the archive.org OCR text (2026-10-10); not checked against the scan
"University Course of Music Study, Piano Series vol. 3 (1920)",Grade III,Winter,Gray,"5/4 time, legato in polyphony",https://archive.org/details/universitycourse03unse,Haiku agent's summary of the archive.org OCR text (2026-10-10); not checked against the scan
"University Course of Music Study, Piano Series vol. 3 (1920)",Grade III,Barcarolle,Giuliani,legato in short groups,https://archive.org/details/universitycourse03unse,Haiku agent's summary of the archive.org OCR text (2026-10-10); not checked against the scan
"What to Play, What to Teach (Harriette Brower, 1925)",first programme: limited period of study,Minuet in G,Bach,singing tone and clean melody playing,https://archive.org/details/whattoplaywhatto0000brow,Haiku agent's summary of the archive.org OCR text (2026-10-10); not checked against the scan
"What to Play, What to Teach (Harriette Brower, 1925)",first programme: limited period of study,Theme with Variations in C,Mozart,"melody touch, flattened fingers",https://archive.org/details/whattoplaywhatto0000brow,Haiku agent's summary of the archive.org OCR text (2026-10-10); not checked against the scan
"What to Play, What to Teach (Harriette Brower, 1925)",first programme: limited period of study,The Merry Peasant (Album for the Young),Schumann,left-hand melody over soft right-hand chords,https://archive.org/details/whattoplaywhatto0000brow,Haiku agent's summary of the archive.org OCR text (2026-10-10); not checked against the scan
"What to Play, What to Teach (Harriette Brower, 1925)",first programme: limited period of study,Beetle's Buzz,Lange,clear finger action in trills,https://archive.org/details/whattoplaywhatto0000brow,Haiku agent's summary of the archive.org OCR text (2026-10-10); not checked against the scan
"What to Play, What to Teach (Harriette Brower, 1925)",first programme: limited period of study,Curious Story,Heller,fingering on triplet figures,https://archive.org/details/whattoplaywhatto0000brow,Haiku agent's summary of the archive.org OCR text (2026-10-10); not checked against the scan
"What to Play, What to Teach (Harriette Brower, 1925)",first programme: limited period of study,Aria Op. 12,Grieg,melody sung over a subdued accompaniment,https://archive.org/details/whattoplaywhatto0000brow,Haiku agent's summary of the archive.org OCR text (2026-10-10); not checked against the scan
