"book","publisher","level","number_or_page","title","composer","source_url","how_read"
"Faber Basic Piano Adventures Lesson Book Primer","Faber Piano Adventures (Hal Leonard)","Primer","","A Ten-Second March","","https://www.halleonard.com/product/420168/primer-level-lesson-book-2nd-edition","web page summary (WebFetch, Hal Leonard product page)"
"Faber Basic Piano Adventures Lesson Book Primer","Faber Piano Adventures (Hal Leonard)","Primer","","ALLEGRO","","https://www.halleonard.com/product/420168/primer-level-lesson-book-2nd-edition","web page summary (WebFetch, Hal Leonard product page)"
"Faber Basic Piano Adventures Lesson Book Primer","Faber Piano Adventures (Hal Leonard)","Primer","","ALOUETTE","","https://www.halleonard.com/product/420168/primer-level-lesson-book-2nd-edition","web page summary (WebFetch, Hal Leonard product page)"
"Faber Basic Piano Adventures Lesson Book Primer","Faber Piano Adventures (Hal Leonard)","Primer","","All My Friends","","https://www.halleonard.com/product/420168/primer-level-lesson-book-2nd-edition","web page summary (WebFetch, Hal Leonard product page)"
"Faber Basic Piano Adventures Lesson Book Primer","Faber Piano Adventures (Hal Leonard)","Primer","","Balloons","","https://www.halleonard.com/product/420168/primer-level-lesson-book-2nd-edition","web page summary (WebFetch, Hal Leonard product page)"
"Faber Basic Piano Adventures Lesson Book Primer","Faber Piano Adventures (Hal Leonard)","Primer","","Bells of Great Britain","","https://www.halleonard.com/product/420168/primer-level-lesson-book-2nd-edition","web page summary (WebFetch, Hal Leonard product page)"
"Faber Basic Piano Adventures Lesson Book Primer","Faber Piano Adventures (Hal Leonard)","Primer","","Best Friends","","https://www.halleonard.com/product/420168/primer-level-lesson-book-2nd-edition","web page summary (WebFetch, Hal Leonard product page)"
"Faber Basic Piano Adventures Lesson Book Primer","Faber Piano Adventures (Hal Leonard)","Primer","","C Position Warm-Up","","https://www.halleonard.com/product/420168/primer-level-lesson-book-2nd-edition","web page summary (WebFetch, Hal Leonard product page)"
"Faber Basic Piano Adventures Lesson Book Primer","Faber Piano Adventures (Hal Leonard)","Primer","","C Song","","https://www.halleonard.com/product/420168/primer-level-lesson-book-2nd-edition","web page summary (WebFetch, Hal Leonard product page)"
"Faber Basic Piano Adventures Lesson Book Primer","Faber Piano Adventures (Hal Leonard)","Primer","","C-D-E-F-G March","","https://www.halleonard.com/product/420168/primer-level-lesson-book-2nd-edition","web page summary (WebFetch, Hal Leonard product page)"
"Faber Basic Piano Adventures Lesson Book Primer","Faber Piano Adventures (Hal Leonard)","Primer","","Come See the Parade","","https://www.halleonard.com/product/420168/primer-level-lesson-book-2nd-edition","web page summary (WebFetch, Hal Leonard product page)"
"Faber Basic Piano Adventures Lesson Book Primer","Faber Piano Adventures (Hal Leonard)","Primer","","Copy Cat","","https://www.halleonard.com/product/420168/primer-level-lesson-book-2nd-edition","web page summary (WebFetch, Hal Leonard product page)"
"Faber Basic Piano Adventures Lesson Book Primer","Faber Piano Adventures (Hal Leonard)","Primer","","Elephant Ride","","https://www.halleonard.com/product/420168/primer-level-lesson-book-2nd-edition","web page summary (WebFetch, Hal Leonard product page)"
"Faber Basic Piano Adventures Lesson Book Primer","Faber Piano Adventures (Hal Leonard)","Primer","","Frogs on Logs","","https://www.halleonard.com/product/420168/primer-level-lesson-book-2nd-edition","web page summary (WebFetch, Hal Leonard product page)"
"Faber Basic Piano Adventures Lesson Book Primer","Faber Piano Adventures (Hal Leonard)","Primer","","Gorilla In the Tree","","https://www.halleonard.com/product/420168/primer-level-lesson-book-2nd-edition","web page summary (WebFetch, Hal Leonard product page)"
"Faber Basic Piano Adventures Lesson Book Primer","Faber Piano Adventures (Hal Leonard)","Primer","","Grandmother","","https://www.halleonard.com/product/420168/primer-level-lesson-book-2nd-edition","web page summary (WebFetch, Hal Leonard product page)"
"Faber Basic Piano Adventures Lesson Book Primer","Faber Piano Adventures (Hal Leonard)","Primer","","Hey, Hey, Look At Me!","","https://www.halleonard.com/product/420168/primer-level-lesson-book-2nd-edition","web page summary (WebFetch, Hal Leonard product page)"
"Faber Basic Piano Adventures Lesson Book Primer","Faber Piano Adventures (Hal Leonard)","Primer","","Hey, Mr. Half Note Dot!","","https://www.halleonard.com/product/420168/primer-level-lesson-book-2nd-edition","web page summary (WebFetch, Hal Leonard product page)"
"Faber Basic Piano Adventures Lesson Book Primer","Faber Piano Adventures (Hal Leonard)","Primer","","Honking Cars","","https://www.halleonard.com/product/420168/primer-level-lesson-book-2nd-edition","web page summary (WebFetch, Hal Leonard product page)"
"Faber Basic Piano Adventures Lesson Book Primer","Faber Piano Adventures (Hal Leonard)","Primer","","I Hear the Echo","","https://www.halleonard.com/product/420168/primer-level-lesson-book-2nd-edition","web page summary (WebFetch, Hal Leonard product page)"
"Faber Basic Piano Adventures Lesson Book Primer","Faber Piano Adventures (Hal Leonard)","Primer","","Into the Cave","","https://www.halleonard.com/product/420168/primer-level-lesson-book-2nd-edition","web page summary (WebFetch, Hal Leonard product page)"
"Faber Basic Piano Adventures Lesson Book Primer","Faber Piano Adventures (Hal Leonard)","Primer","","Lemonade Stand","","https://www.halleonard.com/product/420168/primer-level-lesson-book-2nd-edition","web page summary (WebFetch, Hal Leonard product page)"
"Faber Basic Piano Adventures Lesson Book Primer","Faber Piano Adventures (Hal Leonard)","Primer","","Let's Play Ball","","https://www.halleonard.com/product/420168/primer-level-lesson-book-2nd-edition","web page summary (WebFetch, Hal Leonard product page)"
"Faber Basic Piano Adventures Lesson Book Primer","Faber Piano Adventures (Hal Leonard)","Primer","","March on D-E-F","","https://www.halleonard.com/product/420168/primer-level-lesson-book-2nd-edition","web page summary (WebFetch, Hal Leonard product page)"
"Faber Basic Piano Adventures Lesson Book Primer","Faber Piano Adventures (Hal Leonard)","Primer","","Men from Mars","","https://www.halleonard.com/product/420168/primer-level-lesson-book-2nd-edition","web page summary (WebFetch, Hal Leonard product page)"
"Faber Basic Piano Adventures Lesson Book Primer","Faber Piano Adventures (Hal Leonard)","Primer","","Merrily We Roll Along","","https://www.halleonard.com/product/420168/primer-level-lesson-book-2nd-edition","web page summary (WebFetch, Hal Leonard product page)"
"Faber Basic Piano Adventures Lesson Book Primer","Faber Piano Adventures (Hal Leonard)","Primer","","Middle C March","","https://www.halleonard.com/product/420168/primer-level-lesson-book-2nd-edition","web page summary (WebFetch, Hal Leonard product page)"
"Faber Basic Piano Adventures Lesson Book Primer","Faber Piano Adventures (Hal Leonard)","Primer","","Mister Bluebird","","https://www.halleonard.com/product/420168/primer-level-lesson-book-2nd-edition","web page summary (WebFetch, Hal Leonard product page)"
"Faber Basic Piano Adventures Lesson Book Primer","Faber Piano Adventures (Hal Leonard)","Primer","","My Invention","","https://www.halleonard.com/product/420168/primer-level-lesson-book-2nd-edition","web page summary (WebFetch, Hal Leonard product page)"
"Faber Basic Piano Adventures Lesson Book Primer","Faber Piano Adventures (Hal Leonard)","Primer","","Ode to Joy (from the 9th Symphony)","","https://www.halleonard.com/product/420168/primer-level-lesson-book-2nd-edition","web page summary (WebFetch, Hal Leonard product page)"
"Faber Basic Piano Adventures Lesson Book Primer","Faber Piano Adventures (Hal Leonard)","Primer","","Old MacDonald Had a Song","","https://www.halleonard.com/product/420168/primer-level-lesson-book-2nd-edition","web page summary (WebFetch, Hal Leonard product page)"
"Faber Basic Piano Adventures Lesson Book Primer","Faber Piano Adventures (Hal Leonard)","Primer","","Once There Was A Princess","","https://www.halleonard.com/product/420168/primer-level-lesson-book-2nd-edition","web page summary (WebFetch, Hal Leonard product page)"
"Faber Basic Piano Adventures Lesson Book Primer","Faber Piano Adventures (Hal Leonard)","Primer","","Our Team","","https://www.halleonard.com/product/420168/primer-level-lesson-book-2nd-edition","web page summary (WebFetch, Hal Leonard product page)"
"Faber Basic Piano Adventures Lesson Book Primer","Faber Piano Adventures (Hal Leonard)","Primer","","Partners at C","","https://www.halleonard.com/product/420168/primer-level-lesson-book-2nd-edition","web page summary (WebFetch, Hal Leonard product page)"
"Faber Basic Piano Adventures Lesson Book Primer","Faber Piano Adventures (Hal Leonard)","Primer","","Petite Minuet","","https://www.halleonard.com/product/420168/primer-level-lesson-book-2nd-edition","web page summary (WebFetch, Hal Leonard product page)"
"Faber Basic Piano Adventures Lesson Book Primer","Faber Piano Adventures (Hal Leonard)","Primer","","RODEO","","https://www.halleonard.com/product/420168/primer-level-lesson-book-2nd-edition","web page summary (WebFetch, Hal Leonard product page)"
"Faber Basic Piano Adventures Lesson Book Primer","Faber Piano Adventures (Hal Leonard)","Primer","","Russian Sailor Dance","","https://www.halleonard.com/product/420168/primer-level-lesson-book-2nd-edition","web page summary (WebFetch, Hal Leonard product page)"
"Faber Basic Piano Adventures Lesson Book Primer","Faber Piano Adventures (Hal Leonard)","Primer","","The Bugle Boys","","https://www.halleonard.com/product/420168/primer-level-lesson-book-2nd-edition","web page summary (WebFetch, Hal Leonard product page)"
"Faber Basic Piano Adventures Lesson Book Primer","Faber Piano Adventures (Hal Leonard)","Primer","","The Dance Band","","https://www.halleonard.com/product/420168/primer-level-lesson-book-2nd-edition","web page summary (WebFetch, Hal Leonard product page)"
"Faber Basic Piano Adventures Lesson Book Primer","Faber Piano Adventures (Hal Leonard)","Primer","","The Escalator","","https://www.halleonard.com/product/420168/primer-level-lesson-book-2nd-edition","web page summary (WebFetch, Hal Leonard product page)"
"Faber Basic Piano Adventures Lesson Book Primer","Faber Piano Adventures (Hal Leonard)","Primer","","The I Like Song","","https://www.halleonard.com/product/420168/primer-level-lesson-book-2nd-edition","web page summary (WebFetch, Hal Leonard product page)"
"Faber Basic Piano Adventures Lesson Book Primer","Faber Piano Adventures (Hal Leonard)","Primer","","The Old Clock","","https://www.halleonard.com/product/420168/primer-level-lesson-book-2nd-edition","web page summary (WebFetch, Hal Leonard product page)"
"Faber Basic Piano Adventures Lesson Book Primer","Faber Piano Adventures (Hal Leonard)","Primer","","The Walking Song","","https://www.halleonard.com/product/420168/primer-level-lesson-book-2nd-edition","web page summary (WebFetch, Hal Leonard product page)"
"Faber Basic Piano Adventures Lesson Book Primer","Faber Piano Adventures (Hal Leonard)","Primer","","Two Black Ants","","https://www.halleonard.com/product/420168/primer-level-lesson-book-2nd-edition","web page summary (WebFetch, Hal Leonard product page)"
"Faber Basic Piano Adventures Lesson Book Primer","Faber Piano Adventures (Hal Leonard)","Primer","","Two Blackbirds","","https://www.halleonard.com/product/420168/primer-level-lesson-book-2nd-edition","web page summary (WebFetch, Hal Leonard product page)"
"Faber Basic Piano Adventures Lesson Book Primer","Faber Piano Adventures (Hal Leonard)","Primer","","Two Questions","","https://www.halleonard.com/product/420168/primer-level-lesson-book-2nd-edition","web page summary (WebFetch, Hal Leonard product page)"
"Faber Basic Piano Adventures Lesson Book Primer","Faber Piano Adventures (Hal Leonard)","Primer","","YANKEE DOODLE","","https://www.halleonard.com/product/420168/primer-level-lesson-book-2nd-edition","web page summary (WebFetch, Hal Leonard product page)"
"Faber Basic Piano Adventures Lesson Book Primer","Faber Piano Adventures (Hal Leonard)","Primer","","THREE LITTLE KITTENS","","https://www.halleonard.com/product/420168/primer-level-lesson-book-2nd-edition","web page summary (WebFetch, Hal Leonard product page)"
"Faber Basic Piano Adventures Lesson Book Primer","Faber Piano Adventures (Hal Leonard)","Primer (chart only)","","Tightrope Walker","","https://pianoadventures.com/wp-content/uploads/sites/13/2020/06/Progress-Chart-with-Gold-Star.pdf","pdf text (pdftotext) of Faber Progress Chart; not on HL page"
"Faber Basic Piano Adventures Lesson Book Primer","Faber Piano Adventures (Hal Leonard)","Primer (chart only)","","Sea Story","","https://pianoadventures.com/wp-content/uploads/sites/13/2020/06/Progress-Chart-with-Gold-Star.pdf","pdf text (pdftotext) of Faber Progress Chart; not on HL page"
"Faber Basic Piano Adventures Lesson Book Primer","Faber Piano Adventures (Hal Leonard)","Primer (chart only)","","The Pecking Rooster (for Left Hand)","","https://pianoadventures.com/wp-content/uploads/sites/13/2020/06/Progress-Chart-with-Gold-Star.pdf","pdf text (pdftotext) of Faber Progress Chart; not on HL page"
"Faber Basic Piano Adventures Lesson Book Primer","Faber Piano Adventures (Hal Leonard)","Primer (chart only)","","The Pecking Hen (for Right Hand)","","https://pianoadventures.com/wp-content/uploads/sites/13/2020/06/Progress-Chart-with-Gold-Star.pdf","pdf text (pdftotext) of Faber Progress Chart; not on HL page"
"Faber Basic Piano Adventures Lesson Book Primer","Faber Piano Adventures (Hal Leonard)","Primer (chart only)","","Russian Folk Song","","https://pianoadventures.com/wp-content/uploads/sites/13/2020/06/Progress-Chart-with-Gold-Star.pdf","pdf text (pdftotext) of Faber Progress Chart; not on HL page"
"Faber Basic Piano Adventures Lesson Book Primer","Faber Piano Adventures (Hal Leonard)","Primer (chart only)","","Magic Rhyme for Bass D","","https://pianoadventures.com/wp-content/uploads/sites/13/2020/06/Progress-Chart-with-Gold-Star.pdf","pdf text (pdftotext) of Faber Progress Chart; not on HL page"
"Faber Basic Piano Adventures Lesson Book Primer","Faber Piano Adventures (Hal Leonard)","Primer (chart only)","","A Joke for You","","https://pianoadventures.com/wp-content/uploads/sites/13/2020/06/Progress-Chart-with-Gold-Star.pdf","pdf text (pdftotext) of Faber Progress Chart; not on HL page"
"Faber Basic Piano Adventures Lesson Book Primer","Faber Piano Adventures (Hal Leonard)","Primer (chart only)","","Football Game","","https://pianoadventures.com/wp-content/uploads/sites/13/2020/06/Progress-Chart-with-Gold-Star.pdf","pdf text (pdftotext) of Faber Progress Chart; not on HL page"
"Faber Basic Piano Adventures Lesson Book Primer","Faber Piano Adventures (Hal Leonard)","Primer (chart only)","","Octavius the Octopus","","https://pianoadventures.com/wp-content/uploads/sites/13/2020/06/Progress-Chart-with-Gold-Star.pdf","pdf text (pdftotext) of Faber Progress Chart; not on HL page"
"Faber Basic Piano Adventures Lesson Book Primer","Faber Piano Adventures (Hal Leonard)","Primer (chart only)","","Musical Question and Answer","","https://pianoadventures.com/wp-content/uploads/sites/13/2020/06/Progress-Chart-with-Gold-Star.pdf","pdf text (pdftotext) of Faber Progress Chart; not on HL page"
"Faber Basic Piano Adventures Lesson Book Primer","Faber Piano Adventures (Hal Leonard)","Primer (chart only)","","Come On, Tigers!","","https://pianoadventures.com/wp-content/uploads/sites/13/2020/06/Progress-Chart-with-Gold-Star.pdf","pdf text (pdftotext) of Faber Progress Chart; not on HL page"
"Faber Basic Piano Adventures Lesson Book Primer","Faber Piano Adventures (Hal Leonard)","Primer (chart only)","","Princess or Monster?","","https://pianoadventures.com/wp-content/uploads/sites/13/2020/06/Progress-Chart-with-Gold-Star.pdf","pdf text (pdftotext) of Faber Progress Chart; not on HL page"
"Faber Basic Piano Adventures Lesson Book Primer","Faber Piano Adventures (Hal Leonard)","Primer (chart only)","","A Ten-Second Song","","https://pianoadventures.com/wp-content/uploads/sites/13/2020/06/Progress-Chart-with-Gold-Star.pdf","pdf text (pdftotext) of Faber Progress Chart; not on HL page"
"Faber Basic Piano Adventures Lesson Book Level 1","Faber Piano Adventures (Hal Leonard)","Level 1","","Alarm Clock","","https://www.halleonard.com/product/420171/level-1-lesson-book-2nd-edition","web page summary (WebFetch, Hal Leonard product page)"
"Faber Basic Piano Adventures Lesson Book Level 1","Faber Piano Adventures (Hal Leonard)","Level 1","","Au Clair de la Lune (By the Light of the Moon)","","https://www.halleonard.com/product/420171/level-1-lesson-book-2nd-edition","web page summary (WebFetch, Hal Leonard product page)"
"Faber Basic Piano Adventures Lesson Book Level 1","Faber Piano Adventures (Hal Leonard)","Level 1","","Bongo Drummers","","https://www.halleonard.com/product/420171/level-1-lesson-book-2nd-edition","web page summary (WebFetch, Hal Leonard product page)"
"Faber Basic Piano Adventures Lesson Book Level 1","Faber Piano Adventures (Hal Leonard)","Level 1","","Boogie on Broadway","","https://www.halleonard.com/product/420171/level-1-lesson-book-2nd-edition","web page summary (WebFetch, Hal Leonard product page)"
"Faber Basic Piano Adventures Lesson Book Level 1","Faber Piano Adventures (Hal Leonard)","Level 1","","Boy on a Bicycle","","https://www.halleonard.com/product/420171/level-1-lesson-book-2nd-edition","web page summary (WebFetch, Hal Leonard product page)"
"Faber Basic Piano Adventures Lesson Book Level 1","Faber Piano Adventures (Hal Leonard)","Level 1","","C Chord March","","https://www.halleonard.com/product/420171/level-1-lesson-book-2nd-edition","web page summary (WebFetch, Hal Leonard product page)"
"Faber Basic Piano Adventures Lesson Book Level 1","Faber Piano Adventures (Hal Leonard)","Level 1","","Classic Dance","","https://www.halleonard.com/product/420171/level-1-lesson-book-2nd-edition","web page summary (WebFetch, Hal Leonard product page)"
"Faber Basic Piano Adventures Lesson Book Level 1","Faber Piano Adventures (Hal Leonard)","Level 1","","Dinosaur Stomp","","https://www.halleonard.com/product/420171/level-1-lesson-book-2nd-edition","web page summary (WebFetch, Hal Leonard product page)"
"Faber Basic Piano Adventures Lesson Book Level 1","Faber Piano Adventures (Hal Leonard)","Level 1","","Ferris Wheel","","https://www.halleonard.com/product/420171/level-1-lesson-book-2nd-edition","web page summary (WebFetch, Hal Leonard product page)"
"Faber Basic Piano Adventures Lesson Book Level 1","Faber Piano Adventures (Hal Leonard)","Level 1","","Firefly","","https://www.halleonard.com/product/420171/level-1-lesson-book-2nd-edition","web page summary (WebFetch, Hal Leonard product page)"
"Faber Basic Piano Adventures Lesson Book Level 1","Faber Piano Adventures (Hal Leonard)","Level 1","","Forest Drums","","https://www.halleonard.com/product/420171/level-1-lesson-book-2nd-edition","web page summary (WebFetch, Hal Leonard product page)"
"Faber Basic Piano Adventures Lesson Book Level 1","Faber Piano Adventures (Hal Leonard)","Level 1","","Girl on a Bicycle","","https://www.halleonard.com/product/420171/level-1-lesson-book-2nd-edition","web page summary (WebFetch, Hal Leonard product page)"
"Faber Basic Piano Adventures Lesson Book Level 1","Faber Piano Adventures (Hal Leonard)","Level 1","","Grumpy Old Troll","","https://www.halleonard.com/product/420171/level-1-lesson-book-2nd-edition","web page summary (WebFetch, Hal Leonard product page)"
"Faber Basic Piano Adventures Lesson Book Level 1","Faber Piano Adventures (Hal Leonard)","Level 1","","Half-Time Show","","https://www.halleonard.com/product/420171/level-1-lesson-book-2nd-edition","web page summary (WebFetch, Hal Leonard product page)"
"Faber Basic Piano Adventures Lesson Book Level 1","Faber Piano Adventures (Hal Leonard)","Level 1","","The Juggler","","https://www.halleonard.com/product/420171/level-1-lesson-book-2nd-edition","web page summary (WebFetch, Hal Leonard product page)"
"Faber Basic Piano Adventures Lesson Book Level 1","Faber Piano Adventures (Hal Leonard)","Level 1","","Jazzy Joe","","https://www.halleonard.com/product/420171/level-1-lesson-book-2nd-edition","web page summary (WebFetch, Hal Leonard product page)"
"Faber Basic Piano Adventures Lesson Book Level 1","Faber Piano Adventures (Hal Leonard)","Level 1","","Jumbo's Lullaby","","https://www.halleonard.com/product/420171/level-1-lesson-book-2nd-edition","web page summary (WebFetch, Hal Leonard product page)"
"Faber Basic Piano Adventures Lesson Book Level 1","Faber Piano Adventures (Hal Leonard)","Level 1","","Kite In the Sky","","https://www.halleonard.com/product/420171/level-1-lesson-book-2nd-edition","web page summary (WebFetch, Hal Leonard product page)"
"Faber Basic Piano Adventures Lesson Book Level 1","Faber Piano Adventures (Hal Leonard)","Level 1","","LIGHTLY ROW","","https://www.halleonard.com/product/420171/level-1-lesson-book-2nd-edition","web page summary (WebFetch, Hal Leonard product page)"
"Faber Basic Piano Adventures Lesson Book Level 1","Faber Piano Adventures (Hal Leonard)","Level 1","","Legato Skips","","https://www.halleonard.com/product/420171/level-1-lesson-book-2nd-edition","web page summary (WebFetch, Hal Leonard product page)"
"Faber Basic Piano Adventures Lesson Book Level 1","Faber Piano Adventures (Hal Leonard)","Level 1","","Legato Steps","","https://www.halleonard.com/product/420171/level-1-lesson-book-2nd-edition","web page summary (WebFetch, Hal Leonard product page)"
"Faber Basic Piano Adventures Lesson Book Level 1","Faber Piano Adventures (Hal Leonard)","Level 1","","Li'l Liza Jane","","https://www.halleonard.com/product/420171/level-1-lesson-book-2nd-edition","web page summary (WebFetch, Hal Leonard product page)"
"Faber Basic Piano Adventures Lesson Book Level 1","Faber Piano Adventures (Hal Leonard)","Level 1","","MY PONY","","https://www.halleonard.com/product/420171/level-1-lesson-book-2nd-edition","web page summary (WebFetch, Hal Leonard product page)"
"Faber Basic Piano Adventures Lesson Book Level 1","Faber Piano Adventures (Hal Leonard)","Level 1","","Magnetic March","","https://www.halleonard.com/product/420171/level-1-lesson-book-2nd-edition","web page summary (WebFetch, Hal Leonard product page)"
"Faber Basic Piano Adventures Lesson Book Level 1","Faber Piano Adventures (Hal Leonard)","Level 1","","Merlin the Wizard","","https://www.halleonard.com/product/420171/level-1-lesson-book-2nd-edition","web page summary (WebFetch, Hal Leonard product page)"
"Faber Basic Piano Adventures Lesson Book Level 1","Faber Piano Adventures (Hal Leonard)","Level 1","","Mexican Jumping Beans","","https://www.halleonard.com/product/420171/level-1-lesson-book-2nd-edition","web page summary (WebFetch, Hal Leonard product page)"
"Faber Basic Piano Adventures Lesson Book Level 1","Faber Piano Adventures (Hal Leonard)","Level 1","","No Moon Tonight","","https://www.halleonard.com/product/420171/level-1-lesson-book-2nd-edition","web page summary (WebFetch, Hal Leonard product page)"
"Faber Basic Piano Adventures Lesson Book Level 1","Faber Piano Adventures (Hal Leonard)","Level 1","","Paper Airplane","","https://www.halleonard.com/product/420171/level-1-lesson-book-2nd-edition","web page summary (WebFetch, Hal Leonard product page)"
"Faber Basic Piano Adventures Lesson Book Level 1","Faber Piano Adventures (Hal Leonard)","Level 1","","Party Song","","https://www.halleonard.com/product/420171/level-1-lesson-book-2nd-edition","web page summary (WebFetch, Hal Leonard product page)"
"Faber Basic Piano Adventures Lesson Book Level 1","Faber Piano Adventures (Hal Leonard)","Level 1","","Playful Porpoise","","https://www.halleonard.com/product/420171/level-1-lesson-book-2nd-edition","web page summary (WebFetch, Hal Leonard product page)"
"Faber Basic Piano Adventures Lesson Book Level 1","Faber Piano Adventures (Hal Leonard)","Level 1","","RAIN FOREST","","https://www.halleonard.com/product/420171/level-1-lesson-book-2nd-edition","web page summary (WebFetch, Hal Leonard product page)"
"Faber Basic Piano Adventures Lesson Book Level 1","Faber Piano Adventures (Hal Leonard)","Level 1","","Row, Row, Row Your Boat","","https://www.halleonard.com/product/420171/level-1-lesson-book-2nd-edition","web page summary (WebFetch, Hal Leonard product page)"
"Faber Basic Piano Adventures Lesson Book Level 1","Faber Piano Adventures (Hal Leonard)","Level 1","","Runaway Rabbit","","https://www.halleonard.com/product/420171/level-1-lesson-book-2nd-edition","web page summary (WebFetch, Hal Leonard product page)"
"Faber Basic Piano Adventures Lesson Book Level 1","Faber Piano Adventures (Hal Leonard)","Level 1","","Russian Sailor Dance","","https://www.halleonard.com/product/420171/level-1-lesson-book-2nd-edition","web page summary (WebFetch, Hal Leonard product page)"
"Faber Basic Piano Adventures Lesson Book Level 1","Faber Piano Adventures (Hal Leonard)","Level 1","","Sailing In the Sun","","https://www.halleonard.com/product/420171/level-1-lesson-book-2nd-edition","web page summary (WebFetch, Hal Leonard product page)"
"Faber Basic Piano Adventures Lesson Book Level 1","Faber Piano Adventures (Hal Leonard)","Level 1","","Scarf Dance","","https://www.halleonard.com/product/420171/level-1-lesson-book-2nd-edition","web page summary (WebFetch, Hal Leonard product page)"
"Faber Basic Piano Adventures Lesson Book Level 1","Faber Piano Adventures (Hal Leonard)","Level 1","","Shepherd's Song (from the Sixth Symphony)","","https://www.halleonard.com/product/420171/level-1-lesson-book-2nd-edition","web page summary (WebFetch, Hal Leonard product page)"
"Faber Basic Piano Adventures Lesson Book Level 1","Faber Piano Adventures (Hal Leonard)","Level 1","","Skipping in Space","","https://www.halleonard.com/product/420171/level-1-lesson-book-2nd-edition","web page summary (WebFetch, Hal Leonard product page)"
"Faber Basic Piano Adventures Lesson Book Level 1","Faber Piano Adventures (Hal Leonard)","Level 1","","Sneaking Past the Sleeping Dog","","https://www.halleonard.com/product/420171/level-1-lesson-book-2nd-edition","web page summary (WebFetch, Hal Leonard product page)"
"Faber Basic Piano Adventures Lesson Book Level 1","Faber Piano Adventures (Hal Leonard)","Level 1","","Soaring Eagle","","https://www.halleonard.com/product/420171/level-1-lesson-book-2nd-edition","web page summary (WebFetch, Hal Leonard product page)"
"Faber Basic Piano Adventures Lesson Book Level 1","Faber Piano Adventures (Hal Leonard)","Level 1","","Song for a Scarecrow","","https://www.halleonard.com/product/420171/level-1-lesson-book-2nd-edition","web page summary (WebFetch, Hal Leonard product page)"
"Faber Basic Piano Adventures Lesson Book Level 1","Faber Piano Adventures (Hal Leonard)","Level 1","","Tap Dancing","","https://www.halleonard.com/product/420171/level-1-lesson-book-2nd-edition","web page summary (WebFetch, Hal Leonard product page)"
"Faber Basic Piano Adventures Lesson Book Level 1","Faber Piano Adventures (Hal Leonard)","Level 1","","The Bubble","","https://www.halleonard.com/product/420171/level-1-lesson-book-2nd-edition","web page summary (WebFetch, Hal Leonard product page)"
"Faber Basic Piano Adventures Lesson Book Level 1","Faber Piano Adventures (Hal Leonard)","Level 1","","The Haunted Mouse","","https://www.halleonard.com/product/420171/level-1-lesson-book-2nd-edition","web page summary (WebFetch, Hal Leonard product page)"
"Faber Basic Piano Adventures Lesson Book Level 1","Faber Piano Adventures (Hal Leonard)","Level 1","","The Lonely Pine","","https://www.halleonard.com/product/420171/level-1-lesson-book-2nd-edition","web page summary (WebFetch, Hal Leonard product page)"
"Faber Basic Piano Adventures Lesson Book Level 1","Faber Piano Adventures (Hal Leonard)","Level 1","","The Super Secret Agent","","https://www.halleonard.com/product/420171/level-1-lesson-book-2nd-edition","web page summary (WebFetch, Hal Leonard product page)"
"Faber Basic Piano Adventures Lesson Book Level 1","Faber Piano Adventures (Hal Leonard)","Level 1","","The Talking Tuba","","https://www.halleonard.com/product/420171/level-1-lesson-book-2nd-edition","web page summary (WebFetch, Hal Leonard product page)"
"Faber Basic Piano Adventures Lesson Book Level 1","Faber Piano Adventures (Hal Leonard)","Level 1","","Two-Note March","","https://www.halleonard.com/product/420171/level-1-lesson-book-2nd-edition","web page summary (WebFetch, Hal Leonard product page)"
"Faber Basic Piano Adventures Lesson Book Level 1","Faber Piano Adventures (Hal Leonard)","Level 1","","WHEN THE SAINTS GO MARCHING IN","","https://www.halleonard.com/product/420171/level-1-lesson-book-2nd-edition","web page summary (WebFetch, Hal Leonard product page)"
"Faber Basic Piano Adventures Lesson Book Level 1","Faber Piano Adventures (Hal Leonard)","Level 1","","Warm-Up in G","","https://www.halleonard.com/product/420171/level-1-lesson-book-2nd-edition","web page summary (WebFetch, Hal Leonard product page)"
"Faber Basic Piano Adventures Lesson Book Level 1","Faber Piano Adventures (Hal Leonard)","Level 1","","Young Hunter","","https://www.halleonard.com/product/420171/level-1-lesson-book-2nd-edition","web page summary (WebFetch, Hal Leonard product page)"
"Faber Basic Piano Adventures Lesson Book Level 1","Faber Piano Adventures (Hal Leonard)","Level 1 (chart only)","","Little River (Legato Steps)","","https://pianoadventures.com/wp-content/uploads/sites/13/2020/06/Progress-Chart-with-Gold-Star.pdf","pdf text (pdftotext) of Faber Progress Chart; not on HL page"
"Faber Basic Piano Adventures Lesson Book Level 1","Faber Piano Adventures (Hal Leonard)","Level 1 (chart only)","","C's Rock!","","https://pianoadventures.com/wp-content/uploads/sites/13/2020/06/Progress-Chart-with-Gold-Star.pdf","pdf text (pdftotext) of Faber Progress Chart; not on HL page"
"Faber Basic Piano Adventures Lesson Book Level 1","Faber Piano Adventures (Hal Leonard)","Level 1 (chart only)","","Mozart's Five Names","","https://pianoadventures.com/wp-content/uploads/sites/13/2020/06/Progress-Chart-with-Gold-Star.pdf","pdf text (pdftotext) of Faber Progress Chart; not on HL page"
"Faber Basic Piano Adventures Lesson Book Level 1","Faber Piano Adventures (Hal Leonard)","Level 1 (chart only)","","Traffic Jam 2nds","","https://pianoadventures.com/wp-content/uploads/sites/13/2020/06/Progress-Chart-with-Gold-Star.pdf","pdf text (pdftotext) of Faber Progress Chart; not on HL page"
"Faber Basic Piano Adventures Lesson Book Level 1","Faber Piano Adventures (Hal Leonard)","Level 1 (chart only)","","This is Not Jingle Bells","","https://pianoadventures.com/wp-content/uploads/sites/13/2020/06/Progress-Chart-with-Gold-Star.pdf","pdf text (pdftotext) of Faber Progress Chart; not on HL page"
"Faber Basic Piano Adventures Lesson Book Level 1","Faber Piano Adventures (Hal Leonard)","Level 1 (chart only)","","A Mixed-Up Song","","https://pianoadventures.com/wp-content/uploads/sites/13/2020/06/Progress-Chart-with-Gold-Star.pdf","pdf text (pdftotext) of Faber Progress Chart; not on HL page"
"Faber Basic Piano Adventures Lesson Book Level 1","Faber Piano Adventures (Hal Leonard)","Level 1 (chart only)","","Flute of the Andes","","https://pianoadventures.com/wp-content/uploads/sites/13/2020/06/Progress-Chart-with-Gold-Star.pdf","pdf text (pdftotext) of Faber Progress Chart; not on HL page"
"Faber Basic Piano Adventures Lesson Book Level 1","Faber Piano Adventures (Hal Leonard)","Level 1 (chart only)","","Theme from the ""London"" Symphony","","https://pianoadventures.com/wp-content/uploads/sites/13/2020/06/Progress-Chart-with-Gold-Star.pdf","pdf text (pdftotext) of Faber Progress Chart; not on HL page"
"Faber Basic Piano Adventures Lesson Book Level 1","Faber Piano Adventures (Hal Leonard)","Level 1 (chart only)","","The Dreydl Song","","https://pianoadventures.com/wp-content/uploads/sites/13/2020/06/Progress-Chart-with-Gold-Star.pdf","pdf text (pdftotext) of Faber Progress Chart; not on HL page"
"Faber Basic Piano Adventures Lesson Book Level 1","Faber Piano Adventures (Hal Leonard)","Level 1 (chart only)","","Merlin's Wand","","https://pianoadventures.com/wp-content/uploads/sites/13/2020/06/Progress-Chart-with-Gold-Star.pdf","pdf text (pdftotext) of Faber Progress Chart; not on HL page"
"Faber Basic Piano Adventures Lesson Book Level 1","Faber Piano Adventures (Hal Leonard)","Level 1 (chart only)","","Kites in the Sky","","https://pianoadventures.com/wp-content/uploads/sites/13/2020/06/Progress-Chart-with-Gold-Star.pdf","pdf text (pdftotext) of Faber Progress Chart; not on HL page"
"Faber Basic Piano Adventures Lesson Book Level 1","Faber Piano Adventures (Hal Leonard)","Level 1 (chart only)","","Blocked Chord Study","","https://pianoadventures.com/wp-content/uploads/sites/13/2020/06/Progress-Chart-with-Gold-Star.pdf","pdf text (pdftotext) of Faber Progress Chart; not on HL page"
"Faber Basic Piano Adventures Lesson Book Level 1","Faber Piano Adventures (Hal Leonard)","Level 1 (chart only)","","Broken Chord Study","","https://pianoadventures.com/wp-content/uploads/sites/13/2020/06/Progress-Chart-with-Gold-Star.pdf","pdf text (pdftotext) of Faber Progress Chart; not on HL page"
"Alfred's Basic Adult Piano Course Lesson Book 1","Alfred Music","Lesson Book 1","p. 8","RIGHT HAND WARM-UP.","","https://content.alfred.com/catpages/00-2236.pdf","pdf text (pdftotext) of Alfred sample PDF printed contents"
"Alfred's Basic Adult Piano Course Lesson Book 1","Alfred Music","Lesson Book 1","p. 9","ODE TO JOY.","","https://content.alfred.com/catpages/00-2236.pdf","pdf text (pdftotext) of Alfred sample PDF printed contents"
"Alfred's Basic Adult Piano Course Lesson Book 1","Alfred Music","Lesson Book 1","p. 10","LEFT HAND WARM-UP.","","https://content.alfred.com/catpages/00-2236.pdf","pdf text (pdftotext) of Alfred sample PDF printed contents"
"Alfred's Basic Adult Piano Course Lesson Book 1","Alfred Music","Lesson Book 1","p. 11","AURA LEE.","","https://content.alfred.com/catpages/00-2236.pdf","pdf text (pdftotext) of Alfred sample PDF printed contents"
"Alfred's Basic Adult Piano Course Lesson Book 1","Alfred Music","Lesson Book 1","p. 13","ROCK-ALONG.","","https://content.alfred.com/catpages/00-2236.pdf","pdf text (pdftotext) of Alfred sample PDF printed contents"
"Alfred's Basic Adult Piano Course Lesson Book 1","Alfred Music","Lesson Book 1","p. 13","MEXICAN HAT DANCE.","","https://content.alfred.com/catpages/00-2236.pdf","pdf text (pdftotext) of Alfred sample PDF printed contents"
"Alfred's Basic Adult Piano Course Lesson Book 1","Alfred Music","Lesson Book 1","p. 14","AU CLAIRE DE LA LUNE.","","https://content.alfred.com/catpages/00-2236.pdf","pdf text (pdftotext) of Alfred sample PDF printed contents"
"Alfred's Basic Adult Piano Course Lesson Book 1","Alfred Music","Lesson Book 1","p. 14","TISKET, A TASKET.","","https://content.alfred.com/catpages/00-2236.pdf","pdf text (pdftotext) of Alfred sample PDF printed contents"
"Alfred's Basic Adult Piano Course Lesson Book 1","Alfred Music","Lesson Book 1","p. 15","ROCKIN' INTERVALS.","","https://content.alfred.com/catpages/00-2236.pdf","pdf text (pdftotext) of Alfred sample PDF printed contents"
"Alfred's Basic Adult Piano Course Lesson Book 1","Alfred Music","Lesson Book 1","p. 16","GOOD KING WENCESLAS.","","https://content.alfred.com/catpages/00-2236.pdf","pdf text (pdftotext) of Alfred sample PDF printed contents"
"Alfred's Basic Adult Piano Course Lesson Book 1","Alfred Music","Lesson Book 1","p. 16","MY FIFTH.","","https://content.alfred.com/catpages/00-2236.pdf","pdf text (pdftotext) of Alfred sample PDF printed contents"
"Alfred's Basic Adult Piano Course Lesson Book 1","Alfred Music","Lesson Book 1","p. 17","JINGLE BELLS.","","https://content.alfred.com/catpages/00-2236.pdf","pdf text (pdftotext) of Alfred sample PDF printed contents"
"Alfred's Basic Adult Piano Course Lesson Book 1","Alfred Music","Lesson Book 1","p. 19","BROTHER JOHN.","","https://content.alfred.com/catpages/00-2236.pdf","pdf text (pdftotext) of Alfred sample PDF printed contents"
"Alfred's Basic Adult Piano Course Lesson Book 1","Alfred Music","Lesson Book 1","p. 20","HERE'S A HAPPY SONG!","","https://content.alfred.com/catpages/00-2236.pdf","pdf text (pdftotext) of Alfred sample PDF printed contents"
"Alfred's Basic Adult Piano Course Lesson Book 1","Alfred Music","Lesson Book 1","p. 21","MERRILY WE ROLL ALONG.","","https://content.alfred.com/catpages/00-2236.pdf","pdf text (pdftotext) of Alfred sample PDF printed contents"
"Alfred's Basic Adult Piano Course Lesson Book 1","Alfred Music","Lesson Book 1","p. 21","LARGO (from ""The New World"").","","https://content.alfred.com/catpages/00-2236.pdf","pdf text (pdftotext) of Alfred sample PDF printed contents"
"Alfred's Basic Adult Piano Course Lesson Book 1","Alfred Music","Lesson Book 1","p. 23","MARY ANN.","","https://content.alfred.com/catpages/00-2236.pdf","pdf text (pdftotext) of Alfred sample PDF printed contents"
"Alfred's Basic Adult Piano Course Lesson Book 1","Alfred Music","Lesson Book 1","p. 24","ROCKETS.","","https://content.alfred.com/catpages/00-2236.pdf","pdf text (pdftotext) of Alfred sample PDF printed contents"
"Alfred's Basic Adult Piano Course Lesson Book 1","Alfred Music","Lesson Book 1","p. 25","WHAT CAN I SHARE?","","https://content.alfred.com/catpages/00-2236.pdf","pdf text (pdftotext) of Alfred sample PDF printed contents"
"Alfred's Basic Adult Piano Course Lesson Book 1","Alfred Music","Lesson Book 1","p. 27","WHEN THE SAINTS GO MARCHING IN.","","https://content.alfred.com/catpages/00-2236.pdf","pdf text (pdftotext) of Alfred sample PDF printed contents"
"Alfred's Basic Adult Piano Course Lesson Book 1","Alfred Music","Lesson Book 1","p. 29","WHEN THE SAINTS GO MARCHING IN.","","https://content.alfred.com/catpages/00-2236.pdf","pdf text (pdftotext) of Alfred sample PDF printed contents"
"Alfred's Basic Adult Piano Course Lesson Book 1","Alfred Music","Lesson Book 1","p. 31","LOVE SOMEBODY! A FRIEND LIKE YOU.","","https://content.alfred.com/catpages/00-2236.pdf","pdf text (pdftotext) of Alfred sample PDF printed contents"
"Alfred's Basic Adult Piano Course Lesson Book 1","Alfred Music","Lesson Book 1","p. 32","THE DONKEY.","","https://content.alfred.com/catpages/00-2236.pdf","pdf text (pdftotext) of Alfred sample PDF printed contents"
"Alfred's Basic Adult Piano Course Lesson Book 1","Alfred Music","Lesson Book 1","p. 34","MONEY CAN'T BUY EV'RYTHING!","","https://content.alfred.com/catpages/00-2236.pdf","pdf text (pdftotext) of Alfred sample PDF printed contents"
"Alfred's Basic Adult Piano Course Lesson Book 1","Alfred Music","Lesson Book 1","p. 35","THE CUCKOO.","","https://content.alfred.com/catpages/00-2236.pdf","pdf text (pdftotext) of Alfred sample PDF printed contents"
"Alfred's Basic Adult Piano Course Lesson Book 1","Alfred Music","Lesson Book 1","p. 37","HARP SONG.","","https://content.alfred.com/catpages/00-2236.pdf","pdf text (pdftotext) of Alfred sample PDF printed contents"
"Alfred's Basic Adult Piano Course Lesson Book 1","Alfred Music","Lesson Book 1","p. 39","BEAUTIFUL BROWN EYES.","","https://content.alfred.com/catpages/00-2236.pdf","pdf text (pdftotext) of Alfred sample PDF printed contents"
"Alfred's Basic Adult Piano Course Lesson Book 1","Alfred Music","Lesson Book 1","p. 41","ALPINE MELODY.","","https://content.alfred.com/catpages/00-2236.pdf","pdf text (pdftotext) of Alfred sample PDF printed contents"
"Alfred's Basic Adult Piano Course Lesson Book 1","Alfred Music","Lesson Book 1","p. 42","THUMBS ON C!","","https://content.alfred.com/catpages/00-2236.pdf","pdf text (pdftotext) of Alfred sample PDF printed contents"
"Alfred's Basic Adult Piano Course Lesson Book 1","Alfred Music","Lesson Book 1","p. 43","WALTZ TIME.","","https://content.alfred.com/catpages/00-2236.pdf","pdf text (pdftotext) of Alfred sample PDF printed contents"
"Alfred's Basic Adult Piano Course Lesson Book 1","Alfred Music","Lesson Book 1","p. 44","GOOD MORNING TO YOU!","","https://content.alfred.com/catpages/00-2236.pdf","pdf text (pdftotext) of Alfred sample PDF printed contents"
"Alfred's Basic Adult Piano Course Lesson Book 1","Alfred Music","Lesson Book 1","p. 45","HAPPY BIRTHDAY TO YOU!","","https://content.alfred.com/catpages/00-2236.pdf","pdf text (pdftotext) of Alfred sample PDF printed contents"
"Alfred's Basic Adult Piano Course Lesson Book 1","Alfred Music","Lesson Book 1","p. 46","STANDING IN THE NEED OF PRAYER.","","https://content.alfred.com/catpages/00-2236.pdf","pdf text (pdftotext) of Alfred sample PDF printed contents"
"Alfred's Basic Adult Piano Course Lesson Book 1","Alfred Music","Lesson Book 1","p. 47","THE GIFT TO BE SIMPLE.","","https://content.alfred.com/catpages/00-2236.pdf","pdf text (pdftotext) of Alfred sample PDF printed contents"
"Alfred's Basic Adult Piano Course Lesson Book 1","Alfred Music","Lesson Book 1","p. 50","ALOUETTE.","","https://content.alfred.com/catpages/00-2236.pdf","pdf text (pdftotext) of Alfred sample PDF printed contents"
"Alfred's Basic Adult Piano Course Lesson Book 1","Alfred Music","Lesson Book 1","p. 52","LAVENDER'S BLUE.","","https://content.alfred.com/catpages/00-2236.pdf","pdf text (pdftotext) of Alfred sample PDF printed contents"
"Alfred's Basic Adult Piano Course Lesson Book 1","Alfred Music","Lesson Book 1","p. 53","KUM-BA-YAH!","","https://content.alfred.com/catpages/00-2236.pdf","pdf text (pdftotext) of Alfred sample PDF printed contents"
"Alfred's Basic Adult Piano Course Lesson Book 1","Alfred Music","Lesson Book 1","p. 54","LONDON BRIDGE.","","https://content.alfred.com/catpages/00-2236.pdf","pdf text (pdftotext) of Alfred sample PDF printed contents"
"Alfred's Basic Adult Piano Course Lesson Book 1","Alfred Music","Lesson Book 1","p. 54","MICHAEL, ROW THE BOAT ASHORE.","","https://content.alfred.com/catpages/00-2236.pdf","pdf text (pdftotext) of Alfred sample PDF printed contents"
"Alfred's Basic Adult Piano Course Lesson Book 1","Alfred Music","Lesson Book 1","p. 55","BLOW THE MAN DOWN!","","https://content.alfred.com/catpages/00-2236.pdf","pdf text (pdftotext) of Alfred sample PDF printed contents"
"Alfred's Basic Adult Piano Course Lesson Book 1","Alfred Music","Lesson Book 1","p. 56","LONE STAR WALTZ.","","https://content.alfred.com/catpages/00-2236.pdf","pdf text (pdftotext) of Alfred sample PDF printed contents"
"Alfred's Basic Adult Piano Course Lesson Book 1","Alfred Music","Lesson Book 1","p. 59","CAFÉ VIENNA.","","https://content.alfred.com/catpages/00-2236.pdf","pdf text (pdftotext) of Alfred sample PDF printed contents"
"Alfred's Basic Adult Piano Course Lesson Book 1","Alfred Music","Lesson Book 1","p. 60","ROCK IT AWAY!","","https://content.alfred.com/catpages/00-2236.pdf","pdf text (pdftotext) of Alfred sample PDF printed contents"
"Alfred's Basic Adult Piano Course Lesson Book 1","Alfred Music","Lesson Book 1","p. 63","JOY TO THE WORLD!","","https://content.alfred.com/catpages/00-2236.pdf","pdf text (pdftotext) of Alfred sample PDF printed contents"
"Alfred's Basic Adult Piano Course Lesson Book 1","Alfred Music","Lesson Book 1","p. 65","COCKLES AND MUSSELS.","","https://content.alfred.com/catpages/00-2236.pdf","pdf text (pdftotext) of Alfred sample PDF printed contents"
"Alfred's Basic Adult Piano Course Lesson Book 1","Alfred Music","Lesson Book 1","p. 67","GOT THOSE BLUES!","","https://content.alfred.com/catpages/00-2236.pdf","pdf text (pdftotext) of Alfred sample PDF printed contents"
"Alfred's Basic Adult Piano Course Lesson Book 1","Alfred Music","Lesson Book 1","p. 68","ON TOP OF OLD SMOKY.","","https://content.alfred.com/catpages/00-2236.pdf","pdf text (pdftotext) of Alfred sample PDF printed contents"
"Alfred's Basic Adult Piano Course Lesson Book 1","Alfred Music","Lesson Book 1","p. 71","THE CAN-CAN.","","https://content.alfred.com/catpages/00-2236.pdf","pdf text (pdftotext) of Alfred sample PDF printed contents"
"Alfred's Basic Adult Piano Course Lesson Book 1","Alfred Music","Lesson Book 1","p. 72","THE MARINES' HYMN.","","https://content.alfred.com/catpages/00-2236.pdf","pdf text (pdftotext) of Alfred sample PDF printed contents"
"Alfred's Basic Adult Piano Course Lesson Book 1","Alfred Music","Lesson Book 1","p. 73","WHY AM I BLUE?","","https://content.alfred.com/catpages/00-2236.pdf","pdf text (pdftotext) of Alfred sample PDF printed contents"
"Alfred's Basic Adult Piano Course Lesson Book 1","Alfred Music","Lesson Book 1","p. 75","LITTLE BROWN JUG.","","https://content.alfred.com/catpages/00-2236.pdf","pdf text (pdftotext) of Alfred sample PDF printed contents"
"Alfred's Basic Adult Piano Course Lesson Book 1","Alfred Music","Lesson Book 1","p. 76","CHIAPANECAS.","","https://content.alfred.com/catpages/00-2236.pdf","pdf text (pdftotext) of Alfred sample PDF printed contents"
"Alfred's Basic Adult Piano Course Lesson Book 1","Alfred Music","Lesson Book 1","p. 78","O SOLE MIO.","","https://content.alfred.com/catpages/00-2236.pdf","pdf text (pdftotext) of Alfred sample PDF printed contents"
"Alfred's Basic Adult Piano Course Lesson Book 1","Alfred Music","Lesson Book 1","p. 81","JERICHO.","","https://content.alfred.com/catpages/00-2236.pdf","pdf text (pdftotext) of Alfred sample PDF printed contents"
"Alfred's Basic Adult Piano Course Lesson Book 1","Alfred Music","Lesson Book 1","p. 82","GREENSLEEVES.","","https://content.alfred.com/catpages/00-2236.pdf","pdf text (pdftotext) of Alfred sample PDF printed contents"
"Alfred's Basic Adult Piano Course Lesson Book 1","Alfred Music","Lesson Book 1","p. 85","GO DOWN, MOSES.","","https://content.alfred.com/catpages/00-2236.pdf","pdf text (pdftotext) of Alfred sample PDF printed contents"
"Alfred's Basic Adult Piano Course Lesson Book 1","Alfred Music","Lesson Book 1","p. 87","SCARBOROUGH FAIR.","","https://content.alfred.com/catpages/00-2236.pdf","pdf text (pdftotext) of Alfred sample PDF printed contents"
"Alfred's Basic Adult Piano Course Lesson Book 1","Alfred Music","Lesson Book 1","p. 88","RAISINS AND ALMONDS.","","https://content.alfred.com/catpages/00-2236.pdf","pdf text (pdftotext) of Alfred sample PDF printed contents"
"Alfred's Basic Adult Piano Course Lesson Book 1","Alfred Music","Lesson Book 1","p. 90","HE'S GOT THE WHOLE WORLD IN HIS HANDS.","","https://content.alfred.com/catpages/00-2236.pdf","pdf text (pdftotext) of Alfred sample PDF printed contents"
"Alfred's Basic Adult Piano Course Lesson Book 1","Alfred Music","Lesson Book 1","p. 92","THE ENTERTAINER.","","https://content.alfred.com/catpages/00-2236.pdf","pdf text (pdftotext) of Alfred sample PDF printed contents"
"Alfred's Basic Adult Piano Course Lesson Book 1","Alfred Music","Lesson Book 1","p. 94","AMAZING GRACE.","","https://content.alfred.com/catpages/00-2236.pdf","pdf text (pdftotext) of Alfred sample PDF printed contents"
"Alfred's Basic Adult Piano Course Lesson Book 1","Alfred Music","Lesson Book 1","p. 96","OVER THE RAINBOW.","","https://content.alfred.com/catpages/00-2236.pdf","pdf text (pdftotext) of Alfred sample PDF printed contents"
"Alfred's Basic Adult Piano Course Lesson Book 1","Alfred Music","Lesson Book 1","p. 98","AT LAST.","","https://content.alfred.com/catpages/00-2236.pdf","pdf text (pdftotext) of Alfred sample PDF printed contents"
"Alfred's Basic Adult Piano Course Lesson Book 1","Alfred Music","Lesson Book 1","p. 100","SINGIN' IN THE RAIN.","","https://content.alfred.com/catpages/00-2236.pdf","pdf text (pdftotext) of Alfred sample PDF printed contents"
"Alfred's Basic Adult Piano Course Lesson Book 1","Alfred Music","Lesson Book 1","p. 102","LAURA.","","https://content.alfred.com/catpages/00-2236.pdf","pdf text (pdftotext) of Alfred sample PDF printed contents"
"Alfred's Basic Adult Piano Course Lesson Book 1","Alfred Music","Lesson Book 1","p. 104","HAVE YOURSELF A MERRY LITTLE CHRISTMAS.","","https://content.alfred.com/catpages/00-2236.pdf","pdf text (pdftotext) of Alfred sample PDF printed contents"
"Alfred's Basic Adult Piano Course Lesson Book 1","Alfred Music","Lesson Book 1","p. 106","THE BALLAD OF GILLIGAN'S ISLE.","","https://content.alfred.com/catpages/00-2236.pdf","pdf text (pdftotext) of Alfred sample PDF printed contents"
"Alfred's Basic Adult Piano Course Lesson Book 1","Alfred Music","Lesson Book 1","p. 108","CHATTANOOGA CHOO CHOO.","","https://content.alfred.com/catpages/00-2236.pdf","pdf text (pdftotext) of Alfred sample PDF printed contents"
"Alfred's Basic Piano Library Lesson Book 1A","Alfred Music","Level 1A","","Balloons","","https://www.heidmusic.com/alfreds-basic-piano-library-lesson-book-1a/","web page (retailer 'Songs Include' list, heidmusic.com); partial per page wording, not printed contents"
"Alfred's Basic Piano Library Lesson Book 1A","Alfred Music","Level 1A","","Batter Up!","","https://www.heidmusic.com/alfreds-basic-piano-library-lesson-book-1a/","web page (retailer 'Songs Include' list, heidmusic.com); partial per page wording, not printed contents"
"Alfred's Basic Piano Library Lesson Book 1A","Alfred Music","Level 1A","","The Donkey","","https://www.heidmusic.com/alfreds-basic-piano-library-lesson-book-1a/","web page (retailer 'Songs Include' list, heidmusic.com); partial per page wording, not printed contents"
"Alfred's Basic Piano Library Lesson Book 1A","Alfred Music","Level 1A","","A Friend Like You","","https://www.heidmusic.com/alfreds-basic-piano-library-lesson-book-1a/","web page (retailer 'Songs Include' list, heidmusic.com); partial per page wording, not printed contents"
"Alfred's Basic Piano Library Lesson Book 1A","Alfred Music","Level 1A","","Hand-Bells","","https://www.heidmusic.com/alfreds-basic-piano-library-lesson-book-1a/","web page (retailer 'Songs Include' list, heidmusic.com); partial per page wording, not printed contents"
"Alfred's Basic Piano Library Lesson Book 1A","Alfred Music","Level 1A","","A Happy Song","","https://www.heidmusic.com/alfreds-basic-piano-library-lesson-book-1a/","web page (retailer 'Songs Include' list, heidmusic.com); partial per page wording, not printed contents"
"Alfred's Basic Piano Library Lesson Book 1A","Alfred Music","Level 1A","","Horse Sense","","https://www.heidmusic.com/alfreds-basic-piano-library-lesson-book-1a/","web page (retailer 'Songs Include' list, heidmusic.com); partial per page wording, not printed contents"
"Alfred's Basic Piano Library Lesson Book 1A","Alfred Music","Level 1A","","Totem Pole Song","","https://www.heidmusic.com/alfreds-basic-piano-library-lesson-book-1a/","web page (retailer 'Songs Include' list, heidmusic.com); partial per page wording, not printed contents"
"Alfred's Basic Piano Library Lesson Book 1A","Alfred Music","Level 1A","","It's Halloween!","","https://www.heidmusic.com/alfreds-basic-piano-library-lesson-book-1a/","web page (retailer 'Songs Include' list, heidmusic.com); partial per page wording, not printed contents"
"Alfred's Basic Piano Library Lesson Book 1A","Alfred Music","Level 1A","","Jingle Bells!","","https://www.heidmusic.com/alfreds-basic-piano-library-lesson-book-1a/","web page (retailer 'Songs Include' list, heidmusic.com); partial per page wording, not printed contents"
"Alfred's Basic Piano Library Lesson Book 1A","Alfred Music","Level 1A","","Jolly Old Saint Nicholas","","https://www.heidmusic.com/alfreds-basic-piano-library-lesson-book-1a/","web page (retailer 'Songs Include' list, heidmusic.com); partial per page wording, not printed contents"
"Alfred's Basic Piano Library Lesson Book 1A","Alfred Music","Level 1A","","July the Fourth!","","https://www.heidmusic.com/alfreds-basic-piano-library-lesson-book-1a/","web page (retailer 'Songs Include' list, heidmusic.com); partial per page wording, not printed contents"
"Alfred's Basic Piano Library Lesson Book 1A","Alfred Music","Level 1A","","Just a Second!","","https://www.heidmusic.com/alfreds-basic-piano-library-lesson-book-1a/","web page (retailer 'Songs Include' list, heidmusic.com); partial per page wording, not printed contents"
"Alfred's Basic Piano Library Lesson Book 1A","Alfred Music","Level 1A","","Love Somebody","","https://www.heidmusic.com/alfreds-basic-piano-library-lesson-book-1a/","web page (retailer 'Songs Include' list, heidmusic.com); partial per page wording, not printed contents"
"Alfred's Basic Piano Library Lesson Book 1A","Alfred Music","Level 1A","","Merrily We Roll Along O'er the Deep Blue Sea","","https://www.heidmusic.com/alfreds-basic-piano-library-lesson-book-1a/","web page (retailer 'Songs Include' list, heidmusic.com); partial per page wording, not printed contents"
"Alfred's Basic Piano Library Lesson Book 1A","Alfred Music","Level 1A","","Mexican Hat Dance","","https://www.heidmusic.com/alfreds-basic-piano-library-lesson-book-1a/","web page (retailer 'Songs Include' list, heidmusic.com); partial per page wording, not printed contents"
"Alfred's Basic Piano Library Lesson Book 1A","Alfred Music","Level 1A","","My Clever Pup","","https://www.heidmusic.com/alfreds-basic-piano-library-lesson-book-1a/","web page (retailer 'Songs Include' list, heidmusic.com); partial per page wording, not printed contents"
"Alfred's Basic Piano Library Lesson Book 1A","Alfred Music","Level 1A","","My Fifth","","https://www.heidmusic.com/alfreds-basic-piano-library-lesson-book-1a/","web page (retailer 'Songs Include' list, heidmusic.com); partial per page wording, not printed contents"
"Alfred's Basic Piano Library Lesson Book 1A","Alfred Music","Level 1A","","My Robot","","https://www.heidmusic.com/alfreds-basic-piano-library-lesson-book-1a/","web page (retailer 'Songs Include' list, heidmusic.com); partial per page wording, not printed contents"
"Alfred's Basic Piano Library Lesson Book 1A","Alfred Music","Level 1A","","Old MacDonald","","https://www.heidmusic.com/alfreds-basic-piano-library-lesson-book-1a/","web page (retailer 'Songs Include' list, heidmusic.com); partial per page wording, not printed contents"
"Alfred's Basic Piano Library Lesson Book 1A","Alfred Music","Level 1A","","Old Uncle Bill","","https://www.heidmusic.com/alfreds-basic-piano-library-lesson-book-1a/","web page (retailer 'Songs Include' list, heidmusic.com); partial per page wording, not printed contents"
"Alfred's Basic Piano Library Lesson Book 1A","Alfred Music","Level 1A","","Play a Fourth","","https://www.heidmusic.com/alfreds-basic-piano-library-lesson-book-1a/","web page (retailer 'Songs Include' list, heidmusic.com); partial per page wording, not printed contents"
"Alfred's Basic Piano Library Lesson Book 1A","Alfred Music","Level 1A","","Raindrops","","https://www.heidmusic.com/alfreds-basic-piano-library-lesson-book-1a/","web page (retailer 'Songs Include' list, heidmusic.com); partial per page wording, not printed contents"
"Alfred's Basic Piano Library Lesson Book 1A","Alfred Music","Level 1A","","Rain, Rain!","","https://www.heidmusic.com/alfreds-basic-piano-library-lesson-book-1a/","web page (retailer 'Songs Include' list, heidmusic.com); partial per page wording, not printed contents"
"Alfred's Basic Piano Library Lesson Book 1A","Alfred Music","Level 1A","","Rockets","","https://www.heidmusic.com/alfreds-basic-piano-library-lesson-book-1a/","web page (retailer 'Songs Include' list, heidmusic.com); partial per page wording, not printed contents"
"Alfred's Basic Piano Library Lesson Book 1A","Alfred Music","Level 1A","","Rockin' Tune","","https://www.heidmusic.com/alfreds-basic-piano-library-lesson-book-1a/","web page (retailer 'Songs Include' list, heidmusic.com); partial per page wording, not printed contents"
"Alfred's Basic Piano Library Lesson Book 1A","Alfred Music","Level 1A","","Rock Song","","https://www.heidmusic.com/alfreds-basic-piano-library-lesson-book-1a/","web page (retailer 'Songs Include' list, heidmusic.com); partial per page wording, not printed contents"
"Alfred's Basic Piano Library Lesson Book 1A","Alfred Music","Level 1A","","Sailing","","https://www.heidmusic.com/alfreds-basic-piano-library-lesson-book-1a/","web page (retailer 'Songs Include' list, heidmusic.com); partial per page wording, not printed contents"
"Alfred's Basic Piano Library Lesson Book 1A","Alfred Music","Level 1A","","Sea Divers","","https://www.heidmusic.com/alfreds-basic-piano-library-lesson-book-1a/","web page (retailer 'Songs Include' list, heidmusic.com); partial per page wording, not printed contents"
"Alfred's Basic Piano Library Lesson Book 1A","Alfred Music","Level 1A","","See-Saws","","https://www.heidmusic.com/alfreds-basic-piano-library-lesson-book-1a/","web page (retailer 'Songs Include' list, heidmusic.com); partial per page wording, not printed contents"
"Alfred's Basic Piano Library Lesson Book 1A","Alfred Music","Level 1A","","Skating","","https://www.heidmusic.com/alfreds-basic-piano-library-lesson-book-1a/","web page (retailer 'Songs Include' list, heidmusic.com); partial per page wording, not printed contents"
"Alfred's Basic Piano Library Lesson Book 1A","Alfred Music","Level 1A","","Who's on Third?","","https://www.heidmusic.com/alfreds-basic-piano-library-lesson-book-1a/","web page (retailer 'Songs Include' list, heidmusic.com); partial per page wording, not printed contents"
"Alfred's Basic Piano Library Lesson Book 1A","Alfred Music","Level 1A","","Willie and Tillie","","https://www.heidmusic.com/alfreds-basic-piano-library-lesson-book-1a/","web page (retailer 'Songs Include' list, heidmusic.com); partial per page wording, not printed contents"
"Alfred's Basic Piano Library Lesson Book 1A","Alfred Music","Level 1A","","Wishing Well","","https://www.heidmusic.com/alfreds-basic-piano-library-lesson-book-1a/","web page (retailer 'Songs Include' list, heidmusic.com); partial per page wording, not printed contents"
"Alfred's Basic Piano Library Lesson Book 1A","Alfred Music","Level 1A","","The Zoo","","https://www.heidmusic.com/alfreds-basic-piano-library-lesson-book-1a/","web page (retailer 'Songs Include' list, heidmusic.com); partial per page wording, not printed contents"
"Alfred's Basic Piano Library Lesson Book 1B","Alfred Music","Level 1B","","Brother John","","https://www.heidmusic.com/alfreds-basic-piano-library-lesson-book-1b/","web page (retailer 'Songs Include' list, heidmusic.com); completeness not confirmed"
"Alfred's Basic Piano Library Lesson Book 1B","Alfred Music","Level 1B","","Carol in G Major","","https://www.heidmusic.com/alfreds-basic-piano-library-lesson-book-1b/","web page (retailer 'Songs Include' list, heidmusic.com); completeness not confirmed"
"Alfred's Basic Piano Library Lesson Book 1B","Alfred Music","Level 1B","","The Carousel","","https://www.heidmusic.com/alfreds-basic-piano-library-lesson-book-1b/","web page (retailer 'Songs Include' list, heidmusic.com); completeness not confirmed"
"Alfred's Basic Piano Library Lesson Book 1B","Alfred Music","Level 1B","","The Clown","","https://www.heidmusic.com/alfreds-basic-piano-library-lesson-book-1b/","web page (retailer 'Songs Include' list, heidmusic.com); completeness not confirmed"
"Alfred's Basic Piano Library Lesson Book 1B","Alfred Music","Level 1B","","Concert Time","","https://www.heidmusic.com/alfreds-basic-piano-library-lesson-book-1b/","web page (retailer 'Songs Include' list, heidmusic.com); completeness not confirmed"
"Alfred's Basic Piano Library Lesson Book 1B","Alfred Music","Level 1B","","A Cowboy's Song","","https://www.heidmusic.com/alfreds-basic-piano-library-lesson-book-1b/","web page (retailer 'Songs Include' list, heidmusic.com); completeness not confirmed"
"Alfred's Basic Piano Library Lesson Book 1B","Alfred Music","Level 1B","","The Cuckoo","","https://www.heidmusic.com/alfreds-basic-piano-library-lesson-book-1b/","web page (retailer 'Songs Include' list, heidmusic.com); completeness not confirmed"
"Alfred's Basic Piano Library Lesson Book 1B","Alfred Music","Level 1B","","French Lullaby","","https://www.heidmusic.com/alfreds-basic-piano-library-lesson-book-1b/","web page (retailer 'Songs Include' list, heidmusic.com); completeness not confirmed"
"Alfred's Basic Piano Library Lesson Book 1B","Alfred Music","Level 1B","","Good King Wenceslas","","https://www.heidmusic.com/alfreds-basic-piano-library-lesson-book-1b/","web page (retailer 'Songs Include' list, heidmusic.com); completeness not confirmed"
"Alfred's Basic Piano Library Lesson Book 1B","Alfred Music","Level 1B","","Good Morning to You!","","https://www.heidmusic.com/alfreds-basic-piano-library-lesson-book-1b/","web page (retailer 'Songs Include' list, heidmusic.com); completeness not confirmed"
"Alfred's Basic Piano Library Lesson Book 1B","Alfred Music","Level 1B","","Good Sounds","","https://www.heidmusic.com/alfreds-basic-piano-library-lesson-book-1b/","web page (retailer 'Songs Include' list, heidmusic.com); completeness not confirmed"
"Alfred's Basic Piano Library Lesson Book 1B","Alfred Music","Level 1B","","Grandpa's Clock","","https://www.heidmusic.com/alfreds-basic-piano-library-lesson-book-1b/","web page (retailer 'Songs Include' list, heidmusic.com); completeness not confirmed"
"Alfred's Basic Piano Library Lesson Book 1B","Alfred Music","Level 1B","","The Greatest Show on Earth!","","https://www.heidmusic.com/alfreds-basic-piano-library-lesson-book-1b/","web page (retailer 'Songs Include' list, heidmusic.com); completeness not confirmed"
"Alfred's Basic Piano Library Lesson Book 1B","Alfred Music","Level 1B","","G's in the ""BAG""","","https://www.heidmusic.com/alfreds-basic-piano-library-lesson-book-1b/","web page (retailer 'Songs Include' list, heidmusic.com); completeness not confirmed"
"Alfred's Basic Piano Library Lesson Book 1B","Alfred Music","Level 1B","","Hail to Thee, America!","","https://www.heidmusic.com/alfreds-basic-piano-library-lesson-book-1b/","web page (retailer 'Songs Include' list, heidmusic.com); completeness not confirmed"
"Alfred's Basic Piano Library Lesson Book 1B","Alfred Music","Level 1B","","Harp Song","","https://www.heidmusic.com/alfreds-basic-piano-library-lesson-book-1b/","web page (retailer 'Songs Include' list, heidmusic.com); completeness not confirmed"
"Alfred's Basic Piano Library Lesson Book 1B","Alfred Music","Level 1B","","Happy Birthday to You!","","https://www.heidmusic.com/alfreds-basic-piano-library-lesson-book-1b/","web page (retailer 'Songs Include' list, heidmusic.com); completeness not confirmed"
"Alfred's Basic Piano Library Lesson Book 1B","Alfred Music","Level 1B","","Indians","","https://www.heidmusic.com/alfreds-basic-piano-library-lesson-book-1b/","web page (retailer 'Songs Include' list, heidmusic.com); completeness not confirmed"
"Alfred's Basic Piano Library Lesson Book 1B","Alfred Music","Level 1B","","Join the Fun","","https://www.heidmusic.com/alfreds-basic-piano-library-lesson-book-1b/","web page (retailer 'Songs Include' list, heidmusic.com); completeness not confirmed"
"Alfred's Basic Piano Library Lesson Book 1B","Alfred Music","Level 1B","","The Magic Man","","https://www.heidmusic.com/alfreds-basic-piano-library-lesson-book-1b/","web page (retailer 'Songs Include' list, heidmusic.com); completeness not confirmed"
"Alfred's Basic Piano Library Lesson Book 1B","Alfred Music","Level 1B","","Money Can't Buy Everything","","https://www.heidmusic.com/alfreds-basic-piano-library-lesson-book-1b/","web page (retailer 'Songs Include' list, heidmusic.com); completeness not confirmed"
"Alfred's Basic Piano Library Lesson Book 1B","Alfred Music","Level 1B","","Music Box Rock","","https://www.heidmusic.com/alfreds-basic-piano-library-lesson-book-1b/","web page (retailer 'Songs Include' list, heidmusic.com); completeness not confirmed"
"Alfred's Basic Piano Library Lesson Book 1B","Alfred Music","Level 1B","","Oom-Pa-Pa!","","https://www.heidmusic.com/alfreds-basic-piano-library-lesson-book-1b/","web page (retailer 'Songs Include' list, heidmusic.com); completeness not confirmed"
"Alfred's Basic Piano Library Lesson Book 1B","Alfred Music","Level 1B","","Ping Pong","","https://www.heidmusic.com/alfreds-basic-piano-library-lesson-book-1b/","web page (retailer 'Songs Include' list, heidmusic.com); completeness not confirmed"
"Alfred's Basic Piano Library Lesson Book 1B","Alfred Music","Level 1B","","The Planets","","https://www.heidmusic.com/alfreds-basic-piano-library-lesson-book-1b/","web page (retailer 'Songs Include' list, heidmusic.com); completeness not confirmed"
"Alfred's Basic Piano Library Lesson Book 1B","Alfred Music","Level 1B","","The Rainbow","","https://www.heidmusic.com/alfreds-basic-piano-library-lesson-book-1b/","web page (retailer 'Songs Include' list, heidmusic.com); completeness not confirmed"
"Alfred's Basic Piano Library Lesson Book 1B","Alfred Music","Level 1B","","Sonatina","","https://www.heidmusic.com/alfreds-basic-piano-library-lesson-book-1b/","web page (retailer 'Songs Include' list, heidmusic.com); completeness not confirmed"
"Alfred's Basic Piano Library Lesson Book 1B","Alfred Music","Level 1B","","Step Right Up!","","https://www.heidmusic.com/alfreds-basic-piano-library-lesson-book-1b/","web page (retailer 'Songs Include' list, heidmusic.com); completeness not confirmed"
"Alfred's Basic Piano Library Lesson Book 1B","Alfred Music","Level 1B","","Waltz Time","","https://www.heidmusic.com/alfreds-basic-piano-library-lesson-book-1b/","web page (retailer 'Songs Include' list, heidmusic.com); completeness not confirmed"
"Alfred's Basic Piano Library Lesson Book 1B","Alfred Music","Level 1B","","When Our Band Goes Marching By!","","https://www.heidmusic.com/alfreds-basic-piano-library-lesson-book-1b/","web page (retailer 'Songs Include' list, heidmusic.com); completeness not confirmed"
"Alfred's Basic Piano Library Lesson Book 1B","Alfred Music","Level 1B","","When the Saints Go Marching In","","https://www.heidmusic.com/alfreds-basic-piano-library-lesson-book-1b/","web page (retailer 'Songs Include' list, heidmusic.com); completeness not confirmed"
"Alfred's Basic Piano Library Lesson Book 1B","Alfred Music","Level 1B","","The Whirlwind","","https://www.heidmusic.com/alfreds-basic-piano-library-lesson-book-1b/","web page (retailer 'Songs Include' list, heidmusic.com); completeness not confirmed"
"Alfred's Basic Piano Library Lesson Book 1B","Alfred Music","Level 1B","","The Windmill","","https://www.heidmusic.com/alfreds-basic-piano-library-lesson-book-1b/","web page (retailer 'Songs Include' list, heidmusic.com); completeness not confirmed"
"Alfred's Basic Piano Library Lesson Book 1B","Alfred Music","Level 1B","","Yankee Doodle","","https://www.heidmusic.com/alfreds-basic-piano-library-lesson-book-1b/","web page (retailer 'Songs Include' list, heidmusic.com); completeness not confirmed"
"John Thompson's Easiest Piano Course Part 1","Willis Music (Hal Leonard)","Part 1","","NOT FOUND","","https://www.sheetmusicplus.com/title/easiest-piano-course-part-one-book-only-sheet-music/376258; https://www.boosey.com/shop/ucat/1760","search snippets only; no title list seen (listing describes exercises, not titles)"
"John Thompson's Easiest Piano Course Part 2","Willis Music (Hal Leonard)","Part 2","","NOT FOUND","","https://www.rivertonmusic.com/p-986-thompson-s-easiest-piano-course-part-2.aspx","web page read; 'Table of Contents' heading present with nothing listed"
"John Thompson's Easiest Piano Course Part 3","Willis Music (Hal Leonard)","Part 3","","NOT FOUND","","https://www.halleonard.com/product/414019/john-thompsons-easiest-piano-course-part-3-book-only","web page read; no contents or titles on page ('Song List Available Upon Request')"
"Bastien Piano Basics Primer","Kjos Music","Primer","","NOT FOUND","","https://kjos.com/bastien-piano-basics-primer-piano-primer.html; https://www.fabermusic.com/shop/bastien-piano-basics-piano-primer-p484046; https://www.ellismusic.com/p-3118-bastien-piano-basics-piano-method-primer-level.aspx","kjos.com returned HTTP 403; faber page read, no contents; ellis listing seen in search snippet only (blank Contents field)"
"Bastien Piano Basics Level 1","Kjos Music","Level 1","1","Classic Dance","","https://www.forsyths.co.uk/music/sheet-music/instruments/keyboard-instruments/piano/108956-bastien-piano-basics-9780849752667.html","web page (retailer contents list, Forsyths); numbered list order shown"
"Bastien Piano Basics Level 1","Kjos Music","Level 1","2","Ecossaide in C","","https://www.forsyths.co.uk/music/sheet-music/instruments/keyboard-instruments/piano/108956-bastien-piano-basics-9780849752667.html","web page (retailer contents list, Forsyths); numbered list order shown"
"Bastien Piano Basics Level 1","Kjos Music","Level 1","3","Flag Day","","https://www.forsyths.co.uk/music/sheet-music/instruments/keyboard-instruments/piano/108956-bastien-piano-basics-9780849752667.html","web page (retailer contents list, Forsyths); numbered list order shown"
"Bastien Piano Basics Level 1","Kjos Music","Level 1","4","Four-leaf Clover Boogie","","https://www.forsyths.co.uk/music/sheet-music/instruments/keyboard-instruments/piano/108956-bastien-piano-basics-9780849752667.html","web page (retailer contents list, Forsyths); numbered list order shown"
"Bastien Piano Basics Level 1","Kjos Music","Level 1","5","Gummy Bear Boogie","","https://www.forsyths.co.uk/music/sheet-music/instruments/keyboard-instruments/piano/108956-bastien-piano-basics-9780849752667.html","web page (retailer contents list, Forsyths); numbered list order shown"
"Bastien Piano Basics Level 1","Kjos Music","Level 1","6","Gymnastic Class","","https://www.forsyths.co.uk/music/sheet-music/instruments/keyboard-instruments/piano/108956-bastien-piano-basics-9780849752667.html","web page (retailer contents list, Forsyths); numbered list order shown"
"Bastien Piano Basics Level 1","Kjos Music","Level 1","7","Indian Town","","https://www.forsyths.co.uk/music/sheet-music/instruments/keyboard-instruments/piano/108956-bastien-piano-basics-9780849752667.html","web page (retailer contents list, Forsyths); numbered list order shown"
"Bastien Piano Basics Level 1","Kjos Music","Level 1","8","Jack-o'-lanterns' Dance","","https://www.forsyths.co.uk/music/sheet-music/instruments/keyboard-instruments/piano/108956-bastien-piano-basics-9780849752667.html","web page (retailer contents list, Forsyths); numbered list order shown"
"Bastien Piano Basics Level 1","Kjos Music","Level 1","9","Little Song in Romantic Style","","https://www.forsyths.co.uk/music/sheet-music/instruments/keyboard-instruments/piano/108956-bastien-piano-basics-9780849752667.html","web page (retailer contents list, Forsyths); numbered list order shown"
"Bastien Piano Basics Level 1","Kjos Music","Level 1","10","Little Suite in Baroque Style (1. Prelude, 2. Minuet, 3. Gigue)","","https://www.forsyths.co.uk/music/sheet-music/instruments/keyboard-instruments/piano/108956-bastien-piano-basics-9780849752667.html","web page (retailer contents list, Forsyths); numbered list order shown"
"Bastien Piano Basics Level 1","Kjos Music","Level 1","11","Making Valentines","","https://www.forsyths.co.uk/music/sheet-music/instruments/keyboard-instruments/piano/108956-bastien-piano-basics-9780849752667.html","web page (retailer contents list, Forsyths); numbered list order shown"
"Bastien Piano Basics Level 1","Kjos Music","Level 1","12","Our School Fair","","https://www.forsyths.co.uk/music/sheet-music/instruments/keyboard-instruments/piano/108956-bastien-piano-basics-9780849752667.html","web page (retailer contents list, Forsyths); numbered list order shown"
"Bastien Piano Basics Level 1","Kjos Music","Level 1","13","Party Time","","https://www.forsyths.co.uk/music/sheet-music/instruments/keyboard-instruments/piano/108956-bastien-piano-basics-9780849752667.html","web page (retailer contents list, Forsyths); numbered list order shown"
"Bastien Piano Basics Level 1","Kjos Music","Level 1","14","Penguin Parade","","https://www.forsyths.co.uk/music/sheet-music/instruments/keyboard-instruments/piano/108956-bastien-piano-basics-9780849752667.html","web page (retailer contents list, Forsyths); numbered list order shown"
"Bastien Piano Basics Level 1","Kjos Music","Level 1","15","Spring Break","","https://www.forsyths.co.uk/music/sheet-music/instruments/keyboard-instruments/piano/108956-bastien-piano-basics-9780849752667.html","web page (retailer contents list, Forsyths); numbered list order shown"
"Bastien Piano Basics Level 1","Kjos Music","Level 1","16","Thanksgiving Dinner","","https://www.forsyths.co.uk/music/sheet-music/instruments/keyboard-instruments/piano/108956-bastien-piano-basics-9780849752667.html","web page (retailer contents list, Forsyths); numbered list order shown"
"Bastien Piano Basics Level 1","Kjos Music","Level 1","17","Trampoline Jump","","https://www.forsyths.co.uk/music/sheet-music/instruments/keyboard-instruments/piano/108956-bastien-piano-basics-9780849752667.html","web page (retailer contents list, Forsyths); numbered list order shown"
"Bastien Piano Basics Level 1","Kjos Music","Level 1","18","Walking My Dog","","https://www.forsyths.co.uk/music/sheet-music/instruments/keyboard-instruments/piano/108956-bastien-piano-basics-9780849752667.html","web page (retailer contents list, Forsyths); numbered list order shown"
"Bastien Piano Basics Level 1","Kjos Music","Level 1","19","Winter Holidays","","https://www.forsyths.co.uk/music/sheet-music/instruments/keyboard-instruments/piano/108956-bastien-piano-basics-9780849752667.html","web page (retailer contents list, Forsyths); numbered list order shown"
"Hal Leonard Student Piano Library Lesson Book 1 (Piano Lessons Book 1)","Hal Leonard","Lesson Book 1","","NOT FOUND","","https://www.halleonard.com/product/296001/piano-lessons-book-1","web page read; no contents or song list on page (only 'Sample Pages' link); other retailer pages seen in search snippets only"
"Beyer Vorschule im Klavierspiel Op. 101","not stated on source","Op. 101 (106 pieces)","","NOT FOUND","","https://en.wikipedia.org/wiki/Ferdinand_Beyer; https://content.alfred.com/catpages/00-42384.pdf; https://www.rivertonmusic.com/p-30314-beyer-elementary-method-for-piano-opus-101.aspx","Wikipedia read, no piece list; Alfred PDF unreadable (no text layer); riverton returned HTTP 404; no numbered list reached"
"Türk Handstücke für angehende Klavierspieler (1792)","not stated on source","1792 (49 pieces in one modern selection)","","NOT FOUND","","https://en.wikipedia.org/wiki/Daniel_Gottlob_T%C3%BCrk","Wikipedia read, does not mention the 1792 collection; no numbered list reached"
"Reinagle 24 Short and Easy Pieces Op. 1","not stated on source","Op. 1","6","[no title] Allegretto, C major, preparatory","","https://pianocoda.com/reinagle/piece-op-1-no-6/","web page read (pianocoda single-piece page); only No. 6 read"
"Reinagle 24 Short and Easy Pieces Op. 1","not stated on source","Op. 1","","NOT FOUND (rest of 24 pieces)","","https://en.wikipedia.org/wiki/Alexander_Reinagle","Wikipedia read: 24 pieces, no individual titles listed; no full numbered list reached"
"Gurlitt Anfangs-Stunden Op. 117","Alfred Music (product page)","Op. 117","No. 1","[no title]","","https://www.alfred.com/products/gurlitt-first-lessons-op-117-00-pc-0007449","web page read (Alfred product page, numbers only)"
"Gurlitt Anfangs-Stunden Op. 117","Alfred Music (product page)","Op. 117","No. 2","[no title]","","https://www.alfred.com/products/gurlitt-first-lessons-op-117-00-pc-0007449","web page read (Alfred product page, numbers only)"
"Gurlitt Anfangs-Stunden Op. 117","Alfred Music (product page)","Op. 117","No. 3","[no title]","","https://www.alfred.com/products/gurlitt-first-lessons-op-117-00-pc-0007449","web page read (Alfred product page, numbers only)"
"Gurlitt Anfangs-Stunden Op. 117","Alfred Music (product page)","Op. 117","No. 4","[no title]","","https://www.alfred.com/products/gurlitt-first-lessons-op-117-00-pc-0007449","web page read (Alfred product page, numbers only)"
"Gurlitt Anfangs-Stunden Op. 117","Alfred Music (product page)","Op. 117","No. 5","[no title]","","https://www.alfred.com/products/gurlitt-first-lessons-op-117-00-pc-0007449","web page read (Alfred product page, numbers only)"
"Gurlitt Anfangs-Stunden Op. 117","Alfred Music (product page)","Op. 117","No. 6","[no title]","","https://www.alfred.com/products/gurlitt-first-lessons-op-117-00-pc-0007449","web page read (Alfred product page, numbers only)"
"Gurlitt Anfangs-Stunden Op. 117","Alfred Music (product page)","Op. 117","No. 7","[no title]","","https://www.alfred.com/products/gurlitt-first-lessons-op-117-00-pc-0007449","web page read (Alfred product page, numbers only)"
"Gurlitt Anfangs-Stunden Op. 117","Alfred Music (product page)","Op. 117","No. 8","[no title]","","https://www.alfred.com/products/gurlitt-first-lessons-op-117-00-pc-0007449","web page read (Alfred product page, numbers only)"
"Gurlitt Anfangs-Stunden Op. 117","Alfred Music (product page)","Op. 117","No. 9","[no title]","","https://www.alfred.com/products/gurlitt-first-lessons-op-117-00-pc-0007449","web page read (Alfred product page, numbers only)"
"Gurlitt Anfangs-Stunden Op. 117","Alfred Music (product page)","Op. 117","No. 10","[no title]","","https://www.alfred.com/products/gurlitt-first-lessons-op-117-00-pc-0007449","web page read (Alfred product page, numbers only)"
"Gurlitt Anfangs-Stunden Op. 117","Alfred Music (product page)","Op. 117","No. 11","[no title]","","https://www.alfred.com/products/gurlitt-first-lessons-op-117-00-pc-0007449","web page read (Alfred product page, numbers only)"
"Gurlitt Anfangs-Stunden Op. 117","Alfred Music (product page)","Op. 117","No. 12","[no title]","","https://www.alfred.com/products/gurlitt-first-lessons-op-117-00-pc-0007449","web page read (Alfred product page, numbers only)"
"Gurlitt Anfangs-Stunden Op. 117","Alfred Music (product page)","Op. 117","No. 13","Morning Salute","","https://www.alfred.com/products/gurlitt-first-lessons-op-117-00-pc-0007449","web page read (Alfred product page)"
"Gurlitt Anfangs-Stunden Op. 117","Alfred Music (product page)","Op. 117","No. 14","Going to School","","https://www.alfred.com/products/gurlitt-first-lessons-op-117-00-pc-0007449","web page read (Alfred product page)"
"Gurlitt Anfangs-Stunden Op. 117","Alfred Music (product page)","Op. 117","No. 15","The Chase","","https://www.alfred.com/products/gurlitt-first-lessons-op-117-00-pc-0007449","web page read (Alfred product page)"
"Gurlitt Anfangs-Stunden Op. 117","Alfred Music (product page)","Op. 117","No. 16","Lamentation","","https://www.alfred.com/products/gurlitt-first-lessons-op-117-00-pc-0007449","web page read (Alfred product page)"
"Gurlitt Anfangs-Stunden Op. 117","Alfred Music (product page)","Op. 117","No. 17","Cradle Song","","https://www.alfred.com/products/gurlitt-first-lessons-op-117-00-pc-0007449","web page read (Alfred product page)"
"Gurlitt Anfangs-Stunden Op. 117","Alfred Music (product page)","Op. 117","No. 18","The Little Rogue","","https://www.alfred.com/products/gurlitt-first-lessons-op-117-00-pc-0007449","web page read (Alfred product page)"
"Gurlitt Anfangs-Stunden Op. 117","Alfred Music (product page)","Op. 117","No. 19","The Good Child","","https://www.alfred.com/products/gurlitt-first-lessons-op-117-00-pc-0007449","web page read (Alfred product page)"
"Gurlitt Anfangs-Stunden Op. 117","Alfred Music (product page)","Op. 117","No. 20","Even-Song","","https://www.alfred.com/products/gurlitt-first-lessons-op-117-00-pc-0007449","web page read (Alfred product page)"
"Gurlitt Anfangs-Stunden Op. 117","Alfred Music (product page)","Op. 117","No. 21","Catch me","","https://www.alfred.com/products/gurlitt-first-lessons-op-117-00-pc-0007449","web page read (Alfred product page)"
"Gurlitt Anfangs-Stunden Op. 117","Alfred Music (product page)","Op. 117","No. 22","Round","","https://www.alfred.com/products/gurlitt-first-lessons-op-117-00-pc-0007449","web page read (Alfred product page)"
"Gurlitt Anfangs-Stunden Op. 117","Alfred Music (product page)","Op. 117","No. 23","The Departure","","https://www.alfred.com/products/gurlitt-first-lessons-op-117-00-pc-0007449","web page read (Alfred product page)"
"Gurlitt Anfangs-Stunden Op. 117","Alfred Music (product page)","Op. 117","No. 24","The Return","","https://www.alfred.com/products/gurlitt-first-lessons-op-117-00-pc-0007449","web page read (Alfred product page)"
"Gurlitt Anfangs-Stunden Op. 117","Alfred Music (product page)","Op. 117","No. 25","The Brave Soldier","","https://www.alfred.com/products/gurlitt-first-lessons-op-117-00-pc-0007449","web page read (Alfred product page)"
"Gurlitt Anfangs-Stunden Op. 117","Alfred Music (product page)","Op. 117","No. 26","The Little Savoyard","","https://www.alfred.com/products/gurlitt-first-lessons-op-117-00-pc-0007449","web page read (Alfred product page)"
"Gurlitt Anfangs-Stunden Op. 117","Alfred Music (product page)","Op. 117","No. 27","Hymn","","https://www.alfred.com/products/gurlitt-first-lessons-op-117-00-pc-0007449","web page read (Alfred product page)"
"Gurlitt Anfangs-Stunden Op. 117","Alfred Music (product page)","Op. 117","No. 28","The Poor Child","","https://www.alfred.com/products/gurlitt-first-lessons-op-117-00-pc-0007449","web page read (Alfred product page)"
"Gurlitt Anfangs-Stunden Op. 117","Alfred Music (product page)","Op. 117","No. 29","Merry Company","","https://www.alfred.com/products/gurlitt-first-lessons-op-117-00-pc-0007449","web page read (Alfred product page)"
"Gurlitt Anfangs-Stunden Op. 117","Alfred Music (product page)","Op. 117","No. 30","The Hobby Horse","","https://www.alfred.com/products/gurlitt-first-lessons-op-117-00-pc-0007449","web page read (Alfred product page)"
"Gurlitt Anfangs-Stunden Op. 117","Alfred Music (product page)","Op. 117","No. 31","Gavotte","","https://www.alfred.com/products/gurlitt-first-lessons-op-117-00-pc-0007449","web page read (Alfred product page)"
"Gurlitt Anfangs-Stunden Op. 117","Alfred Music (product page)","Op. 117","No. 32","The Hardy Horseman","","https://www.alfred.com/products/gurlitt-first-lessons-op-117-00-pc-0007449","web page read (Alfred product page)"
"Gurlitt Anfangs-Stunden Op. 117","Alfred Music (product page)","Op. 117","No. 33","Clappermill","","https://www.alfred.com/products/gurlitt-first-lessons-op-117-00-pc-0007449","web page read (Alfred product page)"
"Gurlitt Anfangs-Stunden Op. 117","Alfred Music (product page)","Op. 117","No. 34","Song without Words","","https://www.alfred.com/products/gurlitt-first-lessons-op-117-00-pc-0007449","web page read (Alfred product page)"
"Czerny Op. 777 (24 Exercises for the Five Fingers)","not stated on source","Op. 777","","SKIPPED (exercises, no titles)","","https://en.wikipedia.org/wiki/List_of_compositions_by_Carl_Czerny","Wikipedia read; no individual titles"
"Czerny Op. 823 (The Little Pianist)","not stated on source","Op. 823","","NOT FOUND","","https://en.wikipedia.org/wiki/List_of_compositions_by_Carl_Czerny","Wikipedia read; collection title only, no individual titles listed"
"Köhler Op. 190 (The Very Easiest Studies)","not stated on source","Op. 190","Nos. 12 & 15","[no title] C major, Allegro, preparatory","","https://pianocoda.com/kohler/etudes-no-12-15/","web page read (pianocoda); numbers only"
"Köhler Op. 190 (The Very Easiest Studies)","not stated on source","Op. 190","No. 16","[no title] Grade 1","","https://pianocoda.com/kohler/etudes-no-12-15/","web page read (pianocoda sidebar); numbers only"
"Köhler Op. 190 (The Very Easiest Studies)","not stated on source","Op. 190","No. 24","[no title] Grade 2, C major","","https://pianocoda.com/kohler/etudes-no-12-15/","web page read (pianocoda sidebar); numbers only"
"Köhler Op. 190 (The Very Easiest Studies)","not stated on source","Op. 190","No. 27","[no title] F major, Grade 2","","https://pianocoda.com/?p=5765","web page read (pianocoda, single-piece page); numbers only"
"Köhler Op. 190 (The Very Easiest Studies)","not stated on source","Op. 190","","NOT FOUND (rest of 36 studies)","","https://en.wikipedia.org/wiki/Louis_K%C3%B6hler","Wikipedia read, no Op. 190 list; no numbered list reached"
"Bartók For Children Vol. 1","not stated on source","Vol. 1","No. 1","Játszó gyermekek (Children at Play) - Allegro","","https://en.wikipedia.org/wiki/For_Children_(Bart%C3%B3k)","web page read (Wikipedia contents list)"
"Bartók For Children Vol. 1","not stated on source","Vol. 1","No. 2","Gyermekdal (Children's Song) - Andante","","https://en.wikipedia.org/wiki/For_Children_(Bart%C3%B3k)","web page read (Wikipedia contents list)"
"Bartók For Children Vol. 1","not stated on source","Vol. 1","No. 3","[no title] - Quasi adagio","","https://en.wikipedia.org/wiki/For_Children_(Bart%C3%B3k)","web page read (Wikipedia contents list)"
"Bartók For Children Vol. 1","not stated on source","Vol. 1","No. 4","Párnatánc (Pillow Dance) - Allegro","","https://en.wikipedia.org/wiki/For_Children_(Bart%C3%B3k)","web page read (Wikipedia contents list)"
"Bartók For Children Vol. 1","not stated on source","Vol. 1","No. 5","Játék (Play) - Allegretto","","https://en.wikipedia.org/wiki/For_Children_(Bart%C3%B3k)","web page read (Wikipedia contents list)"
"Bartók For Children Vol. 1","not stated on source","Vol. 1","No. 6","Balkéztanulmány (Study for the Left Hand) - Allegro","","https://en.wikipedia.org/wiki/For_Children_(Bart%C3%B3k)","web page read (Wikipedia contents list)"
"Bartók For Children Vol. 1","not stated on source","Vol. 1","No. 7","Játékdal (Play Song) - Andante grazioso","","https://en.wikipedia.org/wiki/For_Children_(Bart%C3%B3k)","web page read (Wikipedia contents list)"
"Bartók For Children Vol. 1","not stated on source","Vol. 1","No. 8","Gyermekjáték (Children's Game) - Allegretto","","https://en.wikipedia.org/wiki/For_Children_(Bart%C3%B3k)","web page read (Wikipedia contents list)"
"Bartók For Children Vol. 1","not stated on source","Vol. 1","No. 9","Dal (Song) - Adagio","","https://en.wikipedia.org/wiki/For_Children_(Bart%C3%B3k)","web page read (Wikipedia contents list)"
"Bartók For Children Vol. 1","not stated on source","Vol. 1","No. 10","Gyermektánc (Children's Dance) - Allegro molto","","https://en.wikipedia.org/wiki/For_Children_(Bart%C3%B3k)","web page read (Wikipedia contents list)"
"Bartók For Children Vol. 1","not stated on source","Vol. 1","No. 11","[no title] - Lento","","https://en.wikipedia.org/wiki/For_Children_(Bart%C3%B3k)","web page read (Wikipedia contents list)"
"Bartók For Children Vol. 1","not stated on source","Vol. 1","No. 12","[no title] - Allegro","","https://en.wikipedia.org/wiki/For_Children_(Bart%C3%B3k)","web page read (Wikipedia contents list)"
"Bartók For Children Vol. 1","not stated on source","Vol. 1","No. 13","Ballada (Ballad) - Andante","","https://en.wikipedia.org/wiki/For_Children_(Bart%C3%B3k)","web page read (Wikipedia contents list)"
"Bartók For Children Vol. 1","not stated on source","Vol. 1","No. 14","[no title] - Allegretto","","https://en.wikipedia.org/wiki/For_Children_(Bart%C3%B3k)","web page read (Wikipedia contents list)"
"Bartók For Children Vol. 1","not stated on source","Vol. 1","No. 15","[no title] - Allegro moderato","","https://en.wikipedia.org/wiki/For_Children_(Bart%C3%B3k)","web page read (Wikipedia contents list)"
"Bartók For Children Vol. 1","not stated on source","Vol. 1","No. 16","Régi magyar dallam (Old Hungarian Tune) - Andante rubato","","https://en.wikipedia.org/wiki/For_Children_(Bart%C3%B3k)","web page read (Wikipedia contents list)"
"Bartók For Children Vol. 1","not stated on source","Vol. 1","No. 17","Körtánc (Round Dance) - Lento","","https://en.wikipedia.org/wiki/For_Children_(Bart%C3%B3k)","web page read (Wikipedia contents list)"
"Bartók For Children Vol. 1","not stated on source","Vol. 1","No. 18","Katonadal (Soldier's Song) - Andante non troppo","","https://en.wikipedia.org/wiki/For_Children_(Bart%C3%B3k)","web page read (Wikipedia contents list)"
"Bartók For Children Vol. 1","not stated on source","Vol. 1","No. 19","[no title] - Allegretto","","https://en.wikipedia.org/wiki/For_Children_(Bart%C3%B3k)","web page read (Wikipedia contents list)"
"Bartók For Children Vol. 1","not stated on source","Vol. 1","No. 20","Bordal (Drinking Song) - Allegro","","https://en.wikipedia.org/wiki/For_Children_(Bart%C3%B3k)","web page read (Wikipedia contents list)"
"Bartók For Children Vol. 1","not stated on source","Vol. 1","No. 21","[no title] - Allegro robusto","","https://en.wikipedia.org/wiki/For_Children_(Bart%C3%B3k)","web page read (Wikipedia contents list)"
"Bartók For Children Vol. 1","not stated on source","Vol. 1","No. 22","[no title] - Allegretto","","https://en.wikipedia.org/wiki/For_Children_(Bart%C3%B3k)","web page read (Wikipedia contents list)"
"Bartók For Children Vol. 1","not stated on source","Vol. 1","No. 23","Táncdal (Dance Song) - Allegro grazioso","","https://en.wikipedia.org/wiki/For_Children_(Bart%C3%B3k)","web page read (Wikipedia contents list)"
"Bartók For Children Vol. 1","not stated on source","Vol. 1","No. 24","[no title] - Andante sostenuto","","https://en.wikipedia.org/wiki/For_Children_(Bart%C3%B3k)","web page read (Wikipedia contents list)"
"Bartók For Children Vol. 1","not stated on source","Vol. 1","No. 25","[no title] - Parlando","","https://en.wikipedia.org/wiki/For_Children_(Bart%C3%B3k)","web page read (Wikipedia contents list)"
"Bartók For Children Vol. 1","not stated on source","Vol. 1","No. 26","[no title] - Moderato","","https://en.wikipedia.org/wiki/For_Children_(Bart%C3%B3k)","web page read (Wikipedia contents list)"
"Bartók For Children Vol. 1","not stated on source","Vol. 1","No. 27","Tréfa (Jest) - Allegramente","","https://en.wikipedia.org/wiki/For_Children_(Bart%C3%B3k)","web page read (Wikipedia contents list)"
"Bartók For Children Vol. 1","not stated on source","Vol. 1","No. 28","Kórusdal (Choral) - Andante","","https://en.wikipedia.org/wiki/For_Children_(Bart%C3%B3k)","web page read (Wikipedia contents list)"
"Bartók For Children Vol. 1","not stated on source","Vol. 1","No. 29","Ötfokú dallam (Pentatonic Tune) - Allegro scherzando","","https://en.wikipedia.org/wiki/For_Children_(Bart%C3%B3k)","web page read (Wikipedia contents list)"
"Bartók For Children Vol. 1","not stated on source","Vol. 1","No. 30","Gúnydal (Jeering Song) - Allegro ironico","","https://en.wikipedia.org/wiki/For_Children_(Bart%C3%B3k)","web page read (Wikipedia contents list)"
"Bartók For Children Vol. 1","not stated on source","Vol. 1","No. 31","[no title] - Andante tranquillo (attacca)","","https://en.wikipedia.org/wiki/For_Children_(Bart%C3%B3k)","web page read (Wikipedia contents list)"
"Bartók For Children Vol. 1","not stated on source","Vol. 1","No. 32","[no title] - Andante","","https://en.wikipedia.org/wiki/For_Children_(Bart%C3%B3k)","web page read (Wikipedia contents list)"
"Bartók For Children Vol. 1","not stated on source","Vol. 1","No. 33","[no title] - Allegro non troppo","","https://en.wikipedia.org/wiki/For_Children_(Bart%C3%B3k)","web page read (Wikipedia contents list)"
"Bartók For Children Vol. 1","not stated on source","Vol. 1","No. 34","[no title] - Allegretto","","https://en.wikipedia.org/wiki/For_Children_(Bart%C3%B3k)","web page read (Wikipedia contents list)"
"Bartók For Children Vol. 1","not stated on source","Vol. 1","No. 35","[no title] - Con moto","","https://en.wikipedia.org/wiki/For_Children_(Bart%C3%B3k)","web page read (Wikipedia contents list)"
"Bartók For Children Vol. 1","not stated on source","Vol. 1","No. 36","Részegek nótája (Drunkard's Song) - Vivace","","https://en.wikipedia.org/wiki/For_Children_(Bart%C3%B3k)","web page read (Wikipedia contents list)"
"Bartók For Children Vol. 1","not stated on source","Vol. 1","No. 37","Kanásznóta (Swine-herd's Song) - Allegro","","https://en.wikipedia.org/wiki/For_Children_(Bart%C3%B3k)","web page read (Wikipedia contents list)"
"Bartók For Children Vol. 1","not stated on source","Vol. 1","No. 38","Regös ének (Winter Solstice Song) - Molto vivace","","https://en.wikipedia.org/wiki/For_Children_(Bart%C3%B3k)","web page read (Wikipedia contents list)"
"Bartók For Children Vol. 1","not stated on source","Vol. 1","No. 39","[no title] - Allegro moderato","","https://en.wikipedia.org/wiki/For_Children_(Bart%C3%B3k)","web page read (Wikipedia contents list)"
"Bartók For Children Vol. 1","not stated on source","Vol. 1","No. 40","Kanásztánc (Swine-herd's Dance) - Allegro vivace","","https://en.wikipedia.org/wiki/For_Children_(Bart%C3%B3k)","web page read (Wikipedia contents list)"
