source,lesson_book_1_pages,title,how_read
"Faber, Accelerated Piano Adventures Sightreading Book 1 (chart of Lesson Book 1 pieces)",p. 19,My Invention,"progress chart in the owner's PDF (OCR text; 8 garbled titles left out), 2026-10-10; no skill stated"
"Faber, Accelerated Piano Adventures Sightreading Book 1 (chart of Lesson Book 1 pieces)",pp. 22-23,Roman Trumpets,"progress chart in the owner's PDF (OCR text; 8 garbled titles left out), 2026-10-10; no skill stated"
"Faber, Accelerated Piano Adventures Sightreading Book 1 (chart of Lesson Book 1 pieces)",p. 25,Chant of the Monks,"progress chart in the owner's PDF (OCR text; 8 garbled titles left out), 2026-10-10; no skill stated"
"Faber, Accelerated Piano Adventures Sightreading Book 1 (chart of Lesson Book 1 pieces)",p. 28,Russian Folk Song,"progress chart in the owner's PDF (OCR text; 8 garbled titles left out), 2026-10-10; no skill stated"
"Faber, Accelerated Piano Adventures Sightreading Book 1 (chart of Lesson Book 1 pieces)",p. 30,Bus Stop Boogie,"progress chart in the owner's PDF (OCR text; 8 garbled titles left out), 2026-10-10; no skill stated"
"Faber, Accelerated Piano Adventures Sightreading Book 1 (chart of Lesson Book 1 pieces)",pp. 32-33,Eine Kleine Nachtmusik,"progress chart in the owner's PDF (OCR text; 8 garbled titles left out), 2026-10-10; no skill stated"
"Faber, Accelerated Piano Adventures Sightreading Book 1 (chart of Lesson Book 1 pieces)",pp. 34-35,Gypsy Band,"progress chart in the owner's PDF (OCR text; 8 garbled titles left out), 2026-10-10; no skill stated"
"Faber, Accelerated Piano Adventures Sightreading Book 1 (chart of Lesson Book 1 pieces)",p. 37,French Minuet,"progress chart in the owner's PDF (OCR text; 8 garbled titles left out), 2026-10-10; no skill stated"
"Faber, Accelerated Piano Adventures Sightreading Book 1 (chart of Lesson Book 1 pieces)",pp. 40-41,Oh! Susanna,"progress chart in the owner's PDF (OCR text; 8 garbled titles left out), 2026-10-10; no skill stated"
"Faber, Accelerated Piano Adventures Sightreading Book 1 (chart of Lesson Book 1 pieces)",pp. 44-45,Ode to Joy,"progress chart in the owner's PDF (OCR text; 8 garbled titles left out), 2026-10-10; no skill stated"
"Faber, Accelerated Piano Adventures Sightreading Book 1 (chart of Lesson Book 1 pieces)",p. 47,Hungarian Dance,"progress chart in the owner's PDF (OCR text; 8 garbled titles left out), 2026-10-10; no skill stated"
"Faber, Accelerated Piano Adventures Sightreading Book 1 (chart of Lesson Book 1 pieces)",p. 51,Halftime Show,"progress chart in the owner's PDF (OCR text; 8 garbled titles left out), 2026-10-10; no skill stated"
"Faber, Accelerated Piano Adventures Sightreading Book 1 (chart of Lesson Book 1 pieces)",pp. 52-53,Racecar Rally,"progress chart in the owner's PDF (OCR text; 8 garbled titles left out), 2026-10-10; no skill stated"
"Faber, Accelerated Piano Adventures Sightreading Book 1 (chart of Lesson Book 1 pieces)",p. 55,English Minuet,"progress chart in the owner's PDF (OCR text; 8 garbled titles left out), 2026-10-10; no skill stated"
"Faber, Accelerated Piano Adventures Sightreading Book 1 (chart of Lesson Book 1 pieces)",p. 57,Two-Hand Conversation,"progress chart in the owner's PDF (OCR text; 8 garbled titles left out), 2026-10-10; no skill stated"
"Faber, Accelerated Piano Adventures Sightreading Book 1 (chart of Lesson Book 1 pieces)",pp. 58-59,When the Saints Go Marching In,"progress chart in the owner's PDF (OCR text; 8 garbled titles left out), 2026-10-10; no skill stated"
"Faber, Accelerated Piano Adventures Sightreading Book 1 (chart of Lesson Book 1 pieces)",p. 62,Chinese Dragon,"progress chart in the owner's PDF (OCR text; 8 garbled titles left out), 2026-10-10; no skill stated"
"Faber, Accelerated Piano Adventures Sightreading Book 1 (chart of Lesson Book 1 pieces)",pp. 74-75,Sugarfoot Rag,"progress chart in the owner's PDF (OCR text; 8 garbled titles left out), 2026-10-10; no skill stated"
"Faber, Accelerated Piano Adventures Sightreading Book 1 (chart of Lesson Book 1 pieces)",p. 77,Journey by Camel,"progress chart in the owner's PDF (OCR text; 8 garbled titles left out), 2026-10-10; no skill stated"
"Faber, Accelerated Piano Adventures Sightreading Book 1 (chart of Lesson Book 1 pieces)",p. 79,"Row, Row, Row Your Boat","progress chart in the owner's PDF (OCR text; 8 garbled titles left out), 2026-10-10; no skill stated"
"Faber, Accelerated Piano Adventures Sightreading Book 1 (chart of Lesson Book 1 pieces)",p. 83,Prince of Denmark's March,"progress chart in the owner's PDF (OCR text; 8 garbled titles left out), 2026-10-10; no skill stated"
"Faber, Accelerated Piano Adventures Sightreading Book 1 (chart of Lesson Book 1 pieces)",pp. 92-93,Polovtsian Dance,"progress chart in the owner's PDF (OCR text; 8 garbled titles left out), 2026-10-10; no skill stated"
