source,unit,unit_title,pdf_page,title,composer,skill,how_read
"Faber, Adult Piano Adventures All-in-One Course (Units 1-16; the owner's PDF labelled Book 2, kept outside the repo)",1,Introduction to Playing,13,Raindrops,,Damper pedal; fingers 2-3 on two-black-key groups,Haiku agent reading the PDF's OCR text (2026-10-10); four rows spot-checked against the text
"Faber, Adult Piano Adventures All-in-One Course (Units 1-16; the owner's PDF labelled Book 2, kept outside the repo)",1,Introduction to Playing,13,Thunder for L.H.,,Damper pedal; L.H. fingers 2-3 on two-black-key groups; forte,Haiku agent reading the PDF's OCR text (2026-10-10); four rows spot-checked against the text
"Faber, Adult Piano Adventures All-in-One Course (Units 1-16; the owner's PDF labelled Book 2, kept outside the repo)",1,Introduction to Playing,14,Amazing Grace,Early American Melody; words by John Newton,Review of Finger Numbers (see page 9),Haiku agent reading the PDF's OCR text (2026-10-10); four rows spot-checked against the text
"Faber, Adult Piano Adventures All-in-One Course (Units 1-16; the owner's PDF labelled Book 2, kept outside the repo)",1,Introduction to Playing,17,Camptown Races,Stephen Foster,"Tap rhythm with correct hand; say finger numbers, counts, words",Haiku agent reading the PDF's OCR text (2026-10-10); four rows spot-checked against the text
"Faber, Adult Piano Adventures All-in-One Course (Units 1-16; the owner's PDF labelled Book 2, kept outside the repo)",1,Introduction to Playing,18,Music Alphabet Melody,,Play and sing the music alphabet using R.H. finger 3,Haiku agent reading the PDF's OCR text (2026-10-10); four rows spot-checked against the text
"Faber, Adult Piano Adventures All-in-One Course (Units 1-16; the owner's PDF labelled Book 2, kept outside the repo)",1,Introduction to Playing,21,Merrily We Roll Along (C-D-E),Traditional,Blocked 3rds: say the higher finger number or letter name,Haiku agent reading the PDF's OCR text (2026-10-10); four rows spot-checked against the text
"Faber, Adult Piano Adventures All-in-One Course (Units 1-16; the owner's PDF labelled Book 2, kept outside the repo)",1,Introduction to Playing,23,Merrily We Roll Along (F-G-A),Traditional,Measures: bar lines divide music into beat groups; keep rhythm flowing,Haiku agent reading the PDF's OCR text (2026-10-10); four rows spot-checked against the text
"Faber, Adult Piano Adventures All-in-One Course (Units 1-16; the owner's PDF labelled Book 2, kept outside the repo)",1,Introduction to Playing,26,Ode to Joy,Ludwig van Beethoven,Musical form: label each section (A A' B A'),Haiku agent reading the PDF's OCR text (2026-10-10); four rows spot-checked against the text
"Faber, Adult Piano Adventures All-in-One Course (Units 1-16; the owner's PDF labelled Book 2, kept outside the repo)",2,Orientation to the Staff,34,Yankee Doodle,Traditional,Melodies in 4 and 3 time; determine each time signature,Haiku agent reading the PDF's OCR text (2026-10-10); four rows spot-checked against the text
"Faber, Adult Piano Adventures All-in-One Course (Units 1-16; the owner's PDF labelled Book 2, kept outside the repo)",2,Orientation to the Staff,35,"Row, Row, Row Your Boat",Traditional,Pedal mark (Pedal DOWN / Pedal UP); finish the melody,Haiku agent reading the PDF's OCR text (2026-10-10); four rows spot-checked against the text
"Faber, Adult Piano Adventures All-in-One Course (Units 1-16; the owner's PDF labelled Book 2, kept outside the repo)",2,Orientation to the Staff,35,Clock Tower Bells,Traditional,Transpose Clock Tower Bells using L.H.,Haiku agent reading the PDF's OCR text (2026-10-10); four rows spot-checked against the text
"Faber, Adult Piano Adventures All-in-One Course (Units 1-16; the owner's PDF labelled Book 2, kept outside the repo)",2,Orientation to the Staff,37,Catch a Falling Star,Paul Vance and Lee Pockriss,"The tie: play once, hold for combined length of both notes",Haiku agent reading the PDF's OCR text (2026-10-10); four rows spot-checked against the text
"Faber, Adult Piano Adventures All-in-One Course (Units 1-16; the owner's PDF labelled Book 2, kept outside the repo)",2,Orientation to the Staff,38,Russian Folk Song,Traditional Russian (arranged),"Bass clef note A; observe the f, p, and ~ marks",Haiku agent reading the PDF's OCR text (2026-10-10); four rows spot-checked against the text
"Faber, Adult Piano Adventures All-in-One Course (Units 1-16; the owner's PDF labelled Book 2, kept outside the repo)",2,Orientation to the Staff,40,Midnight Ride,,Legato means smooth and connected; treble clef note F,Haiku agent reading the PDF's OCR text (2026-10-10); four rows spot-checked against the text
"Faber, Adult Piano Adventures All-in-One Course (Units 1-16; the owner's PDF labelled Book 2, kept outside the repo)",3,Reading Reinforcement,44,Chant of the Monk,,Let the music breathe: lift wrist at the end of each slur,Haiku agent reading the PDF's OCR text (2026-10-10); four rows spot-checked against the text
"Faber, Adult Piano Adventures All-in-One Course (Units 1-16; the owner's PDF labelled Book 2, kept outside the repo)",3,Reading Reinforcement,45,Chant of the Monks,,"Hands separately, then together; R.H. teaches L.H.; legato sound",Haiku agent reading the PDF's OCR text (2026-10-10); four rows spot-checked against the text
"Faber, Adult Piano Adventures All-in-One Course (Units 1-16; the owner's PDF labelled Book 2, kept outside the repo)",3,Reading Reinforcement,46,Shining Star,,Scan the music and observe its form; damper pedal down,Haiku agent reading the PDF's OCR text (2026-10-10); four rows spot-checked against the text
"Faber, Adult Piano Adventures All-in-One Course (Units 1-16; the owner's PDF labelled Book 2, kept outside the repo)",3,Reading Reinforcement,48,Roman Trumpets,,Musical Form Check: form is AA B A'; label each section,Haiku agent reading the PDF's OCR text (2026-10-10); four rows spot-checked against the text
"Faber, Adult Piano Adventures All-in-One Course (Units 1-16; the owner's PDF labelled Book 2, kept outside the repo)",4,More About Staff Reading,53,Camptown Races,"Stephen Foster (1826-1864, U.S.)",Form is A A' B A'; label each section in your music,Haiku agent reading the PDF's OCR text (2026-10-10); four rows spot-checked against the text
"Faber, Adult Piano Adventures All-in-One Course (Units 1-16; the owner's PDF labelled Book 2, kept outside the repo)",4,More About Staff Reading,54,Eine Kleine Nachtmusik (A Little Night Music),"Wolfgang Amadeus Mozart (1756-1791, Austria)",Quarter rest is one beat of silence; count without playing,Haiku agent reading the PDF's OCR text (2026-10-10); four rows spot-checked against the text
"Faber, Adult Piano Adventures All-in-One Course (Units 1-16; the owner's PDF labelled Book 2, kept outside the repo)",4,More About Staff Reading,56,New World Symphony Theme,"Antonin Dvorak (1841-1904, Bohemia)",Melody and harmony; a 5th (C up to G) harmonizes the melody,Haiku agent reading the PDF's OCR text (2026-10-10); four rows spot-checked against the text
"Faber, Adult Piano Adventures All-in-One Course (Units 1-16; the owner's PDF labelled Book 2, kept outside the repo)",4,More About Staff Reading,59,Jingle Bells,J. Pierpont,A 5th and a C chord harmonize the melody,Haiku agent reading the PDF's OCR text (2026-10-10); four rows spot-checked against the text
"Faber, Adult Piano Adventures All-in-One Course (Units 1-16; the owner's PDF labelled Book 2, kept outside the repo)",4,More About Staff Reading,60,Royal Procession,,Half and whole rests: identify each rest in measures 1-8,Haiku agent reading the PDF's OCR text (2026-10-10); four rows spot-checked against the text
"Faber, Adult Piano Adventures All-in-One Course (Units 1-16; the owner's PDF labelled Book 2, kept outside the repo)",5,More Bass Clef Note Reading,64,Give My Regards to Broadway,George M. Cohan,Each melody begins on a different note of the Bass C Pentascale,Haiku agent reading the PDF's OCR text (2026-10-10); four rows spot-checked against the text
"Faber, Adult Piano Adventures All-in-One Course (Units 1-16; the owner's PDF labelled Book 2, kept outside the repo)",5,More Bass Clef Note Reading,65,Rise and Shine,Traditional spiritual,More Bass Clef Note Reading (unit only),Haiku agent reading the PDF's OCR text (2026-10-10); four rows spot-checked against the text
"Faber, Adult Piano Adventures All-in-One Course (Units 1-16; the owner's PDF labelled Book 2, kept outside the repo)",5,More Bass Clef Note Reading,65,Ode to Joy,Ludwig van Beethoven,More Bass Clef Note Reading (unit only),Haiku agent reading the PDF's OCR text (2026-10-10); four rows spot-checked against the text
"Faber, Adult Piano Adventures All-in-One Course (Units 1-16; the owner's PDF labelled Book 2, kept outside the repo)",5,More Bass Clef Note Reading,65,All Through the Night,Traditional lullaby,More Bass Clef Note Reading (unit only),Haiku agent reading the PDF's OCR text (2026-10-10); four rows spot-checked against the text
"Faber, Adult Piano Adventures All-in-One Course (Units 1-16; the owner's PDF labelled Book 2, kept outside the repo)",5,More Bass Clef Note Reading,65,Lightly Row,Traditional,More Bass Clef Note Reading (unit only),Haiku agent reading the PDF's OCR text (2026-10-10); four rows spot-checked against the text
"Faber, Adult Piano Adventures All-in-One Course (Units 1-16; the owner's PDF labelled Book 2, kept outside the repo)",5,More Bass Clef Note Reading,66,Theme from the Surprise Symphony,"Franz Joseph Haydn (1732-1809, Austria)",The octave (8 white keys); hands begin an octave apart,Haiku agent reading the PDF's OCR text (2026-10-10); four rows spot-checked against the text
"Faber, Adult Piano Adventures All-in-One Course (Units 1-16; the owner's PDF labelled Book 2, kept outside the repo)",5,More Bass Clef Note Reading,67,Hungarian Dance,"Johannes Brahms (1833-1897, Germany)",Repeat signs: play the section within the repeat signs again,Haiku agent reading the PDF's OCR text (2026-10-10); four rows spot-checked against the text
"Faber, Adult Piano Adventures All-in-One Course (Units 1-16; the owner's PDF labelled Book 2, kept outside the repo)",5,More Bass Clef Note Reading,68,Shepherd's Song,"Ludwig van Beethoven (1770-1827, Germany)",rit. (ritardando): a gradual slowing of the music,Haiku agent reading the PDF's OCR text (2026-10-10); four rows spot-checked against the text
"Faber, Adult Piano Adventures All-in-One Course (Units 1-16; the owner's PDF labelled Book 2, kept outside the repo)",6,Eighth Notes,73,French Minuet,"Jean-Philippe Rameau (1683-1764, France)",Eighth notes flowing gently; circle all the 3rds,Haiku agent reading the PDF's OCR text (2026-10-10); four rows spot-checked against the text
"Faber, Adult Piano Adventures All-in-One Course (Units 1-16; the owner's PDF labelled Book 2, kept outside the repo)",6,Eighth Notes,74,Morning (from Peer Gynt Suite No. 1),"Edvard Grieg (1843-1907, Norway)",Phrase: shape each phrase with crescendo and diminuendo,Haiku agent reading the PDF's OCR text (2026-10-10); four rows spot-checked against the text
"Faber, Adult Piano Adventures All-in-One Course (Units 1-16; the owner's PDF labelled Book 2, kept outside the repo)",6,Eighth Notes,76,Taps,U.S. Army Bugle Call,Upbeat (pick-up note): begins on beat 4 with two eighth notes,Haiku agent reading the PDF's OCR text (2026-10-10); four rows spot-checked against the text
"Faber, Adult Piano Adventures All-in-One Course (Units 1-16; the owner's PDF labelled Book 2, kept outside the repo)",6,Eighth Notes,77,Happy Birthday,,Fermata: hold this note longer than usual; upbeat on beat 3,Haiku agent reading the PDF's OCR text (2026-10-10); four rows spot-checked against the text
"Faber, Adult Piano Adventures All-in-One Course (Units 1-16; the owner's PDF labelled Book 2, kept outside the repo)",6,Eighth Notes,78,unreadable,Traditional (English Folk Song),"The C major chord: root, 3rd, 5th; blocked or broken",Haiku agent reading the PDF's OCR text (2026-10-10); four rows spot-checked against the text
"Faber, Adult Piano Adventures All-in-One Course (Units 1-16; the owner's PDF labelled Book 2, kept outside the repo)",6,Eighth Notes,79,Gavotte,"George Frideric Handel (1685-1759, Germany)",Csus4 chord; a gavotte usually begins with two upbeats,Haiku agent reading the PDF's OCR text (2026-10-10); four rows spot-checked against the text
"Faber, Adult Piano Adventures All-in-One Course (Units 1-16; the owner's PDF labelled Book 2, kept outside the repo)",6,Eighth Notes,81,Simple Gifts,Traditional Shaker melody (arranged),Cross over to inner ledger note B; which beat has the opening upbeat,Haiku agent reading the PDF's OCR text (2026-10-10); four rows spot-checked against the text
"Faber, Adult Piano Adventures All-in-One Course (Units 1-16; the owner's PDF labelled Book 2, kept outside the repo)",7,Treble Space Notes: F-A-C-E,84,Moon on the Water,,Treble space notes F-A-C-E; write each note name before playing,Haiku agent reading the PDF's OCR text (2026-10-10); four rows spot-checked against the text
"Faber, Adult Piano Adventures All-in-One Course (Units 1-16; the owner's PDF labelled Book 2, kept outside the repo)",7,Treble Space Notes: F-A-C-E,86,300-Year-Old Melody,,Treble Space Notes: F-A-C-E (unit only),Haiku agent reading the PDF's OCR text (2026-10-10); four rows spot-checked against the text
"Faber, Adult Piano Adventures All-in-One Course (Units 1-16; the owner's PDF labelled Book 2, kept outside the repo)",7,Treble Space Notes: F-A-C-E,88,Reveille,U.S. Army Bugle Call,F major chord: three tones built in 3rds above F,Haiku agent reading the PDF's OCR text (2026-10-10); four rows spot-checked against the text
"Faber, Adult Piano Adventures All-in-One Course (Units 1-16; the owner's PDF labelled Book 2, kept outside the repo)",8,Treble C Pentascale,92,May Dance,,"Treble C-D-E-F-G; read 2nds, 3rds, and repeated notes",Haiku agent reading the PDF's OCR text (2026-10-10); four rows spot-checked against the text
"Faber, Adult Piano Adventures All-in-One Course (Units 1-16; the owner's PDF labelled Book 2, kept outside the repo)",8,Treble C Pentascale,93,When the Saints Go Marching In,Traditional,Treble C Pentascale (unit only),Haiku agent reading the PDF's OCR text (2026-10-10); four rows spot-checked against the text
"Faber, Adult Piano Adventures All-in-One Course (Units 1-16; the owner's PDF labelled Book 2, kept outside the repo)",8,Treble C Pentascale,94,African Celebration,Traditional African melody,Review of ritardando; thin double bar lines end a section,Haiku agent reading the PDF's OCR text (2026-10-10); four rows spot-checked against the text
"Faber, Adult Piano Adventures All-in-One Course (Units 1-16; the owner's PDF labelled Book 2, kept outside the repo)",9,G Pentascales in 3 Locations,100,Musette,Composer unknown (from the Anna Magdalena Bach Notebook; adapted),"Italian tempo marks: Andante, Moderato, Allegro (speed of the music)",Haiku agent reading the PDF's OCR text (2026-10-10); four rows spot-checked against the text
"Faber, Adult Piano Adventures All-in-One Course (Units 1-16; the owner's PDF labelled Book 2, kept outside the repo)",9,G Pentascales in 3 Locations,101,American Fiddle Tune (Turkey in the Straw),Traditional,Name the pentascale used; transpose to the C pentascale,Haiku agent reading the PDF's OCR text (2026-10-10); four rows spot-checked against the text
"Faber, Adult Piano Adventures All-in-One Course (Units 1-16; the owner's PDF labelled Book 2, kept outside the repo)",9,G Pentascales in 3 Locations,102,Theme by Mozart,"Wolfgang Amadeus Mozart (1756-1791, Austria)",The G and Gsus4 chords; L.H. broken and blocked warm-up,Haiku agent reading the PDF's OCR text (2026-10-10); four rows spot-checked against the text
"Faber, Adult Piano Adventures All-in-One Course (Units 1-16; the owner's PDF labelled Book 2, kept outside the repo)",9,G Pentascales in 3 Locations,104,Finger Fanfare,,Tap rhythm counting aloud; name the pentascale used,Haiku agent reading the PDF's OCR text (2026-10-10); four rows spot-checked against the text
"Faber, Adult Piano Adventures All-in-One Course (Units 1-16; the owner's PDF labelled Book 2, kept outside the repo)",10,Sharps and Flats,107,Half-Time Band,,Name the pentascale used; transpose to the C pentascale,Haiku agent reading the PDF's OCR text (2026-10-10); four rows spot-checked against the text
"Faber, Adult Piano Adventures All-in-One Course (Units 1-16; the owner's PDF labelled Book 2, kept outside the repo)",10,Sharps and Flats,108,Greensleeves,English Folk Song (arranged),Sharps and Flats (unit only),Haiku agent reading the PDF's OCR text (2026-10-10); four rows spot-checked against the text
"Faber, Adult Piano Adventures All-in-One Course (Units 1-16; the owner's PDF labelled Book 2, kept outside the repo)",10,Sharps and Flats,111,Romance (from A Little Night Music),"Wolfgang Amadeus Mozart (1756-1791, Austria)","A flat carries through the measure, not past a bar line",Haiku agent reading the PDF's OCR text (2026-10-10); four rows spot-checked against the text
"Faber, Adult Piano Adventures All-in-One Course (Units 1-16; the owner's PDF labelled Book 2, kept outside the repo)",10,Sharps and Flats,112,Sleeping Beauty Waltz,"Peter Ilyich Tchaikovsky (1840-1893, Russia)",A natural cancels a sharp or flat; courtesy natural,Haiku agent reading the PDF's OCR text (2026-10-10); four rows spot-checked against the text
"Faber, Adult Piano Adventures All-in-One Course (Units 1-16; the owner's PDF labelled Book 2, kept outside the repo)",10,Sharps and Flats,114,Summer Mountain Rain,,Whole steps (two half steps); observe all dynamic markings,Haiku agent reading the PDF's OCR text (2026-10-10); four rows spot-checked against the text
"Faber, Adult Piano Adventures All-in-One Course (Units 1-16; the owner's PDF labelled Book 2, kept outside the repo)",11,"Intervals: 4ths, 5ths, 6ths",119,Promenade (from Pictures at an Exhibition),"Modest Mussorgsky (1839-1881, Russia)",Focus on 4ths: circle all the 4ths (there are 8),Haiku agent reading the PDF's OCR text (2026-10-10); four rows spot-checked against the text
"Faber, Adult Piano Adventures All-in-One Course (Units 1-16; the owner's PDF labelled Book 2, kept outside the repo)",11,"Intervals: 4ths, 5ths, 6ths",120,unreadable,,"Musical Form Check: label the sections A, A', or coda",Haiku agent reading the PDF's OCR text (2026-10-10); four rows spot-checked against the text
"Faber, Adult Piano Adventures All-in-One Course (Units 1-16; the owner's PDF labelled Book 2, kept outside the repo)",11,"Intervals: 4ths, 5ths, 6ths",121,Danny Boy,Words by Fred E. Weatherly; Irish melody,Ending: top note tied (R.H. 4) while fingers 1-2 move D to E,Haiku agent reading the PDF's OCR text (2026-10-10); four rows spot-checked against the text
"Faber, Adult Piano Adventures All-in-One Course (Units 1-16; the owner's PDF labelled Book 2, kept outside the repo)",11,"Intervals: 4ths, 5ths, 6ths",122,New Age Sounds,,"Name each interval (2nd, 3rd, 4th, 5th) before playing",Haiku agent reading the PDF's OCR text (2026-10-10); four rows spot-checked against the text
"Faber, Adult Piano Adventures All-in-One Course (Units 1-16; the owner's PDF labelled Book 2, kept outside the repo)",11,"Intervals: 4ths, 5ths, 6ths",123,Aria (from The Marriage of Figaro),"Wolfgang Amadeus Mozart (1756-1791, Austria)","Name the pentascale, letter names in measures 4-6, and chord formed",Haiku agent reading the PDF's OCR text (2026-10-10); four rows spot-checked against the text
"Faber, Adult Piano Adventures All-in-One Course (Units 1-16; the owner's PDF labelled Book 2, kept outside the repo)",11,"Intervals: 4ths, 5ths, 6ths",124,Sixth Sense,,"6ths: play broken then blocked, L.H. then R.H.; transpose",Haiku agent reading the PDF's OCR text (2026-10-10); four rows spot-checked against the text
"Faber, Adult Piano Adventures All-in-One Course (Units 1-16; the owner's PDF labelled Book 2, kept outside the repo)",11,"Intervals: 4ths, 5ths, 6ths",125,The Lion Sleeps Tonight,"George David Weiss, Hugo Peretti, Luigi Creatore, Solomon Linda",Name the pentascale used; play flowing gently,Haiku agent reading the PDF's OCR text (2026-10-10); four rows spot-checked against the text
"Faber, Adult Piano Adventures All-in-One Course (Units 1-16; the owner's PDF labelled Book 2, kept outside the repo)",11,"Intervals: 4ths, 5ths, 6ths",126,Nobody Knows the Trouble I've Seen,Spiritual,"Intervals: 4ths, 5ths, 6ths (unit only)",Haiku agent reading the PDF's OCR text (2026-10-10); four rows spot-checked against the text
"Faber, Adult Piano Adventures All-in-One Course (Units 1-16; the owner's PDF labelled Book 2, kept outside the repo)",12,The C Major Scale,132,Vive la France!,French Folk Song,Key of C: melody uses the C major scale; piece ends on C in bass,Haiku agent reading the PDF's OCR text (2026-10-10); four rows spot-checked against the text
"Faber, Adult Piano Adventures All-in-One Course (Units 1-16; the owner's PDF labelled Book 2, kept outside the repo)",12,The C Major Scale,134,unreadable,,Melody and harmony: L.H. harmony softer than melody; play lightly,Haiku agent reading the PDF's OCR text (2026-10-10); four rows spot-checked against the text
"Faber, Adult Piano Adventures All-in-One Course (Units 1-16; the owner's PDF labelled Book 2, kept outside the repo)",13,The G7 Chord,137,Trumpet Voluntary,"Jeremiah Clarke (1673-1707, England)",Chord letter names above the staff; Roman numerals below,Haiku agent reading the PDF's OCR text (2026-10-10); four rows spot-checked against the text
"Faber, Adult Piano Adventures All-in-One Course (Units 1-16; the owner's PDF labelled Book 2, kept outside the repo)",13,The G7 Chord,138,Can-Can,"Jacques Offenbach (1819-1880, France)",Finger substitution: changing to a new finger on a repeated note,Haiku agent reading the PDF's OCR text (2026-10-10); four rows spot-checked against the text
"Faber, Adult Piano Adventures All-in-One Course (Units 1-16; the owner's PDF labelled Book 2, kept outside the repo)",13,The G7 Chord,140,Ice Skaters,"Emile Waldteufel (1837-1915, France)","Waltz chord pattern: I and V7 chords, played light, light",Haiku agent reading the PDF's OCR text (2026-10-10); four rows spot-checked against the text
"Faber, Adult Piano Adventures All-in-One Course (Units 1-16; the owner's PDF labelled Book 2, kept outside the repo)",14,Primary Chords in C Major,147,Rise and Shine,Traditional,"Play R.H. melody alone, then hands together slowly",Haiku agent reading the PDF's OCR text (2026-10-10); four rows spot-checked against the text
"Faber, Adult Piano Adventures All-in-One Course (Units 1-16; the owner's PDF labelled Book 2, kept outside the repo)",14,Primary Chords in C Major,148,Theme from Trumpet Concerto,"Franz Joseph Haydn (1732-1809, Austria); arranged","Play beats 2 and 3 lightly with L.H., from the surface of the key",Haiku agent reading the PDF's OCR text (2026-10-10); four rows spot-checked against the text
"Faber, Adult Piano Adventures All-in-One Course (Units 1-16; the owner's PDF labelled Book 2, kept outside the repo)",14,Primary Chords in C Major,150,The Entertainer,"Scott Joplin (1868-1917, USA)","Accidentals; write I, IV, or V7 in each box for measures 1-7",Haiku agent reading the PDF's OCR text (2026-10-10); four rows spot-checked against the text
"Faber, Adult Piano Adventures All-in-One Course (Units 1-16; the owner's PDF labelled Book 2, kept outside the repo)",14,Primary Chords in C Major,152,Home on the Range,Traditional,"Lead sheet: melody with pedal, then L.H. blocked chords on beat 1",Haiku agent reading the PDF's OCR text (2026-10-10); four rows spot-checked against the text
"Faber, Adult Piano Adventures All-in-One Course (Units 1-16; the owner's PDF labelled Book 2, kept outside the repo)",14,Primary Chords in C Major,154,Chord Etude,,R.H. wrist gently lifts toward the next higher chord; quarter rest allows preparation,Haiku agent reading the PDF's OCR text (2026-10-10); four rows spot-checked against the text
"Faber, Adult Piano Adventures All-in-One Course (Units 1-16; the owner's PDF labelled Book 2, kept outside the repo)",15,The G Major Scale,158,Minuet in G,Christian Pezold (from the Notebook for Anna Magdalena Bach; adapted),Key signature for G major: scan the music and circle all F-sharps,Haiku agent reading the PDF's OCR text (2026-10-10); four rows spot-checked against the text
"Faber, Adult Piano Adventures All-in-One Course (Units 1-16; the owner's PDF labelled Book 2, kept outside the repo)",15,The G Major Scale,160,Bells on a G Scale,Traditional,"G major scale split between hands; steady, unwavering quarter-note tempo",Haiku agent reading the PDF's OCR text (2026-10-10); four rows spot-checked against the text
"Faber, Adult Piano Adventures All-in-One Course (Units 1-16; the owner's PDF labelled Book 2, kept outside the repo)",16,Primary Chords in G Major,163,Alexander March,"unreadable (composer name garbled; dates 1770-1827, Germany)",Observe the staccatos and slurs; play R.H. alone rather slowly first,Haiku agent reading the PDF's OCR text (2026-10-10); four rows spot-checked against the text
"Faber, Adult Piano Adventures All-in-One Course (Units 1-16; the owner's PDF labelled Book 2, kept outside the repo)",16,Primary Chords in G Major,164,Amazing Grace,Words by John Newton; Early American melody (arranged),"pianissimo (pp): very soft, softer than piano",Haiku agent reading the PDF's OCR text (2026-10-10); four rows spot-checked against the text
"Faber, Adult Piano Adventures All-in-One Course (Units 1-16; the owner's PDF labelled Book 2, kept outside the repo)",16,Primary Chords in G Major,167,French Dance,17th Century Melody; anonymous,"1st and 2nd endings: play 1st ending, repeat, then skip to 2nd",Haiku agent reading the PDF's OCR text (2026-10-10); four rows spot-checked against the text
"Faber, Adult Piano Adventures All-in-One Course (Units 1-16; the owner's PDF labelled Book 2, kept outside the repo)",16,Primary Chords in G Major,168,Polovtsian Dance (No. 17),"Alexander Borodin (1833-1887, Russia); arranged",Tricky spots: 3rd finger cross-over (mm. 4-5); finger substitution (m. 9),Haiku agent reading the PDF's OCR text (2026-10-10); four rows spot-checked against the text
"Faber, Adult Piano Adventures All-in-One Course (Units 1-16; the owner's PDF labelled Book 2, kept outside the repo)",16,Primary Chords in G Major,169,unreadable,,"Point out phrase mark, tie, I, IV, V7 chords, cresc., dim., octave",Haiku agent reading the PDF's OCR text (2026-10-10); four rows spot-checked against the text
"Faber, Adult Piano Adventures All-in-One Course (Units 1-16; the owner's PDF labelled Book 2, kept outside the repo)",16,Primary Chords in G Major,170,For He's a Jolly Good Fellow,Traditional,"Lead sheet in G major: melody first, then L.H. blocked chords on beat 1",Haiku agent reading the PDF's OCR text (2026-10-10); four rows spot-checked against the text
"Faber, Adult Piano Adventures All-in-One Course (Units 1-16; the owner's PDF labelled Book 2, kept outside the repo)",16,Primary Chords in G Major,172,Banuwa (Village),Folk Melody from Liberia,"Which two primary chords are used in this piece? (I, IV, or V7)",Haiku agent reading the PDF's OCR text (2026-10-10); four rows spot-checked against the text
"Faber, Adult Piano Adventures All-in-One Course (Units 1-16; the owner's PDF labelled Book 2, kept outside the repo)",16,Primary Chords in G Major,174,Music Box Etude,,Slurs: gentle rolling gesture from L.H. to R.H.; R.H. enters with thumb,Haiku agent reading the PDF's OCR text (2026-10-10); four rows spot-checked against the text
"Faber, Adult Piano Adventures All-in-One Course (Units 1-16; the owner's PDF labelled Book 2, kept outside the repo)",16,Primary Chords in G Major,176,The Carnival of Venice (Carnivale di Venezia),Traditional Italian,Moderate waltz tempo; bounce (down-up) feel,Haiku agent reading the PDF's OCR text (2026-10-10); four rows spot-checked against the text
