source,level,unit,unit_concept,title,how_read
"Faber, Piano Adventures 2nd ed., Level 2B Performance Book",Faber 2B (our Level B),1,The Family of C's,The Time Machine,"contents page of the owner's PDF (kept outside the repo; the owner has the books in print), read 2026-10-10"
"Faber, Piano Adventures 2nd ed., Level 2B Performance Book",Faber 2B (our Level B),2,Arpeggios,The Dragon Hunt,"contents page of the owner's PDF (kept outside the repo; the owner has the books in print), read 2026-10-10"
"Faber, Piano Adventures 2nd ed., Level 2B Performance Book",Faber 2B (our Level B),3,Sixth (6th),Pagoda in the Purple Mist,"contents page of the owner's PDF (kept outside the repo; the owner has the books in print), read 2026-10-10"
"Faber, Piano Adventures 2nd ed., Level 2B Performance Book",Faber 2B (our Level B),4,The C Major Scale,A Day at the Carnival,"contents page of the owner's PDF (kept outside the repo; the owner has the books in print), read 2026-10-10"
"Faber, Piano Adventures 2nd ed., Level 2B Performance Book",Faber 2B (our Level B),4,The C Major Scale,Sunburst Waltz,"contents page of the owner's PDF (kept outside the repo; the owner has the books in print), read 2026-10-10"
"Faber, Piano Adventures 2nd ed., Level 2B Performance Book",Faber 2B (our Level B),5,The G Major Scale,Theme by Haydn,"contents page of the owner's PDF (kept outside the repo; the owner has the books in print), read 2026-10-10"
"Faber, Piano Adventures 2nd ed., Level 2B Performance Book",Faber 2B (our Level B),6,About the Damper Pedal,The Milky Way,"contents page of the owner's PDF (kept outside the repo; the owner has the books in print), read 2026-10-10"
"Faber, Piano Adventures 2nd ed., Level 2B Performance Book",Faber 2B (our Level B),7,The Eighth Rest,Dudelsack,"contents page of the owner's PDF (kept outside the repo; the owner has the books in print), read 2026-10-10"
"Faber, Piano Adventures 2nd ed., Level 2B Performance Book",Faber 2B (our Level B),7,The Eighth Rest,Rockin' Bagpipes,"contents page of the owner's PDF (kept outside the repo; the owner has the books in print), read 2026-10-10"
"Faber, Piano Adventures 2nd ed., Level 2B Performance Book",Faber 2B (our Level B),8,The Dotted Quarter Note,Kum Ba Yah,"contents page of the owner's PDF (kept outside the repo; the owner has the books in print), read 2026-10-10"
"Faber, Piano Adventures 2nd ed., Level 2B Performance Book",Faber 2B (our Level B),8,The Dotted Quarter Note,Fur Elise,"contents page of the owner's PDF (kept outside the repo; the owner has the books in print), read 2026-10-10"
"Faber, Piano Adventures 2nd ed., Level 2B Performance Book",Faber 2B (our Level B),9,The Primary Chords,In My Red Convertible,"contents page of the owner's PDF (kept outside the repo; the owner has the books in print), read 2026-10-10"
"Faber, Piano Adventures 2nd ed., Level 2B Performance Book",Faber 2B (our Level B),9,The Primary Chords,Everybody Loves Saturday Night,"contents page of the owner's PDF (kept outside the repo; the owner has the books in print), read 2026-10-10"
"Faber, Piano Adventures 2nd ed., Level 2B Performance Book",Faber 2B (our Level B),10,The F Major Scale,The British Grenadiers,"contents page of the owner's PDF (kept outside the repo; the owner has the books in print), read 2026-10-10"
"Faber, Piano Adventures 2nd ed., Level 2B Performance Book",Faber 2B (our Level B),10,The F Major Scale,The Banana Boat Song,"contents page of the owner's PDF (kept outside the repo; the owner has the books in print), read 2026-10-10"
"Faber, Piano Adventures 2nd ed., Level 2B Performance Book",Faber 2B (our Level B),10,The F Major Scale,"Classic Sonatina (Allegro, Andante moderato, Presto)","contents page of the owner's PDF (kept outside the repo; the owner has the books in print), read 2026-10-10"
