book,publisher,session,page,title,source_url,how_read
Learn & Master Piano (lesson book v2),Legacy Learning Systems / learnandmaster.com,25,95,Ain’t Misbehavin’,https://www.learnandmaster.com/piano/resources/Piano_Lessons_book_v2.pdf,"pdf text (pymupdf), title found on the session's pages"
Learn & Master Piano (lesson book v2),Legacy Learning Systems / learnandmaster.com,7,26,Amazing Grace,https://www.learnandmaster.com/piano/resources/Piano_Lessons_book_v2.pdf,"pdf text (pymupdf), title found on the session's pages"
Learn & Master Piano (lesson book v2),Legacy Learning Systems / learnandmaster.com,20,77,Blueberry Hill,https://www.learnandmaster.com/piano/resources/Piano_Lessons_book_v2.pdf,"pdf text (pymupdf), title found on the session's pages"
Learn & Master Piano (lesson book v2),Legacy Learning Systems / learnandmaster.com,27,103,Calient,https://www.learnandmaster.com/piano/resources/Piano_Lessons_book_v2.pdf,"pdf text (pymupdf), title found on the session's pages"
Learn & Master Piano (lesson book v2),Legacy Learning Systems / learnandmaster.com,27,103,Caliente,https://www.learnandmaster.com/piano/resources/Piano_Lessons_book_v2.pdf,"pdf text (pymupdf), title found on the session's pages"
Learn & Master Piano (lesson book v2),Legacy Learning Systems / learnandmaster.com,13,51,Classic Rock & Roll Prog.,https://www.learnandmaster.com/piano/resources/Piano_Lessons_book_v2.pdf,"pdf text (pymupdf), title found on the session's pages"
Learn & Master Piano (lesson book v2),Legacy Learning Systems / learnandmaster.com,22,85,Country Saints,https://www.learnandmaster.com/piano/resources/Piano_Lessons_book_v2.pdf,"pdf text (pymupdf), title found on the session's pages"
Learn & Master Piano (lesson book v2),Legacy Learning Systems / learnandmaster.com,14,54,Fur Elis,https://www.learnandmaster.com/piano/resources/Piano_Lessons_book_v2.pdf,"pdf text (pymupdf), title found on the session's pages"
Learn & Master Piano (lesson book v2),Legacy Learning Systems / learnandmaster.com,14,54,Fur Elise,https://www.learnandmaster.com/piano/resources/Piano_Lessons_book_v2.pdf,"pdf text (pymupdf), title found on the session's pages"
Learn & Master Piano (lesson book v2),Legacy Learning Systems / learnandmaster.com,15,58,Gymnopedie,https://www.learnandmaster.com/piano/resources/Piano_Lessons_book_v2.pdf,"pdf text (pymupdf), title found on the session's pages"
Learn & Master Piano (lesson book v2),Legacy Learning Systems / learnandmaster.com,8,30,Home on the Range,https://www.learnandmaster.com/piano/resources/Piano_Lessons_book_v2.pdf,"pdf text (pymupdf), title found on the session's pages"
Learn & Master Piano (lesson book v2),Legacy Learning Systems / learnandmaster.com,16,62,Home to You,https://www.learnandmaster.com/piano/resources/Piano_Lessons_book_v2.pdf,"pdf text (pymupdf), title found on the session's pages"
Learn & Master Piano (lesson book v2),Legacy Learning Systems / learnandmaster.com,10,38,Inversion Connections,https://www.learnandmaster.com/piano/resources/Piano_Lessons_book_v2.pdf,"pdf text (pymupdf), title found on the session's pages"
Learn & Master Piano (lesson book v2),Legacy Learning Systems / learnandmaster.com,3,12,Joy to the World,https://www.learnandmaster.com/piano/resources/Piano_Lessons_book_v2.pdf,"pdf text (pymupdf), title found on the session's pages"
Learn & Master Piano (lesson book v2),Legacy Learning Systems / learnandmaster.com,22,85,Last Date,https://www.learnandmaster.com/piano/resources/Piano_Lessons_book_v2.pdf,"pdf text (pymupdf), title found on the session's pages"
Learn & Master Piano (lesson book v2),Legacy Learning Systems / learnandmaster.com,5,18,Lazy,https://www.learnandmaster.com/piano/resources/Piano_Lessons_book_v2.pdf,"pdf text (pymupdf), title found on the session's pages"
Learn & Master Piano (lesson book v2),Legacy Learning Systems / learnandmaster.com,6,22,Lean on Me,https://www.learnandmaster.com/piano/resources/Piano_Lessons_book_v2.pdf,"pdf text (pymupdf), title found on the session's pages"
Learn & Master Piano (lesson book v2),Legacy Learning Systems / learnandmaster.com,21,81,Left-Hand Ostinato in C,https://www.learnandmaster.com/piano/resources/Piano_Lessons_book_v2.pdf,"pdf text (pymupdf), title found on the session's pages"
Learn & Master Piano (lesson book v2),Legacy Learning Systems / learnandmaster.com,11,43,Let it Be,https://www.learnandmaster.com/piano/resources/Piano_Lessons_book_v2.pdf,"pdf text (pymupdf), title found on the session's pages"
Learn & Master Piano (lesson book v2),Legacy Learning Systems / learnandmaster.com,15,58,Lovin’ You,https://www.learnandmaster.com/piano/resources/Piano_Lessons_book_v2.pdf,"pdf text (pymupdf), title found on the session's pages"
Learn & Master Piano (lesson book v2),Legacy Learning Systems / learnandmaster.com,19,73,Minor Details,https://www.learnandmaster.com/piano/resources/Piano_Lessons_book_v2.pdf,"pdf text (pymupdf), title found on the session's pages"
Learn & Master Piano (lesson book v2),Legacy Learning Systems / learnandmaster.com,19,73,Moondance,https://www.learnandmaster.com/piano/resources/Piano_Lessons_book_v2.pdf,"pdf text (pymupdf), title found on the session's pages"
Learn & Master Piano (lesson book v2),Legacy Learning Systems / learnandmaster.com,12,49,Old School Minor Triplets,https://www.learnandmaster.com/piano/resources/Piano_Lessons_book_v2.pdf,"pdf text (pymupdf), title found on the session's pages"
Learn & Master Piano (lesson book v2),Legacy Learning Systems / learnandmaster.com,12,47,Old School Triplets,https://www.learnandmaster.com/piano/resources/Piano_Lessons_book_v2.pdf,"pdf text (pymupdf), title found on the session's pages"
Learn & Master Piano (lesson book v2),Legacy Learning Systems / learnandmaster.com,23,88,Open 2 Arpeggio Chord Prog.,https://www.learnandmaster.com/piano/resources/Piano_Lessons_book_v2.pdf,"pdf text (pymupdf), title found on the session's pages"
Learn & Master Piano (lesson book v2),Legacy Learning Systems / learnandmaster.com,15,58,Right-Hand Ostinato in Dm,https://www.learnandmaster.com/piano/resources/Piano_Lessons_book_v2.pdf,"pdf text (pymupdf), title found on the session's pages"
Learn & Master Piano (lesson book v2),Legacy Learning Systems / learnandmaster.com,21,81,Spinning Song,https://www.learnandmaster.com/piano/resources/Piano_Lessons_book_v2.pdf,"pdf text (pymupdf), title found on the session's pages"
Learn & Master Piano (lesson book v2),Legacy Learning Systems / learnandmaster.com,9,34,Swanee River,https://www.learnandmaster.com/piano/resources/Piano_Lessons_book_v2.pdf,"pdf text (pymupdf), title found on the session's pages"
Learn & Master Piano (lesson book v2),Legacy Learning Systems / learnandmaster.com,25,95,The Entertainer,https://www.learnandmaster.com/piano/resources/Piano_Lessons_book_v2.pdf,"pdf text (pymupdf), title found on the session's pages"
Learn & Master Piano (lesson book v2),Legacy Learning Systems / learnandmaster.com,27,103,The Girl from Ipanema,https://www.learnandmaster.com/piano/resources/Piano_Lessons_book_v2.pdf,"pdf text (pymupdf), title found on the session's pages"
Learn & Master Piano (lesson book v2),Legacy Learning Systems / learnandmaster.com,2,9,When the Saints Go Marching In,https://www.learnandmaster.com/piano/resources/Piano_Lessons_book_v2.pdf,"pdf text (pymupdf), title found on the session's pages"
Learn & Master Piano (lesson book v2),Legacy Learning Systems / learnandmaster.com,26,100,Will’s Blues,https://www.learnandmaster.com/piano/resources/Piano_Lessons_book_v2.pdf,"pdf text (pymupdf), title found on the session's pages"
