session,session_title,subtitle,page,pieces,overview,skills,rungs,rung_basis,source_url
1,First Things First,Finding the Notes on the Keyboard,7,,The Layout of the Keyboard | The Notes of the Keyboard | Finger Numbers | 1st Chord Progression,Finding any Note on the Keyboard | Sitting Properly at the Keyboard | Understanding How Different Parts of the Body are Used for Different Actions at the Keyboard,P.1,Sitting Properly at the Keyboard; The Layout of the Keyboard,https://www.learnandmaster.com/piano/resources/Piano_Lessons_book_v2.pdf
2,Major Progress,"Major Chords, Notes on the Treble Clef",9,When the Saints Go Marching In,"The Music Staff | Notes on the Treble Clef | Major Chords: C, F, & G | When the Saints Go Marching In | C-F-G Progressions #1 and #2","Knowing the Components of the Music Staff | Knowing the Notes on the Treble Clef | Playing the C, F, and G Chords | Playing When the Saints Go Marching In | Playing C-F-G Progressions #1 and #2",B.5,"Playing the C, F, and G Chords",https://www.learnandmaster.com/piano/resources/Piano_Lessons_book_v2.pdf
3,Scaling the Ivories,"C Major Scale, Scale Intervals, Chord Intervals",12,Joy to the World,Major Scales and the C Major Scale | Intervals in the C Major Scale and in Chords | C-F-G Progression #3 | Joy to the World | 1st Chord Progression (Broken Up),Understanding How a Major Scale is Formed | Playing a C Major Scale Using Correct Fingering | Understanding Intervals in Scales and Chords | Playing a Melody by Ear,B.4,Playing a C Major Scale Using Correct Fingering,https://www.learnandmaster.com/piano/resources/Piano_Lessons_book_v2.pdf
4,Left Hand & Right Foot,"Bass Clef Notes, Sustain Pedal",15,,Notes on the Bass Clef | Using the Sustain Pedal | Playing Left-Hand Bass Lines and Melodies | Repeat Signs | 1st Chord Progression with Sustain Pedal,Reading Notes on the Bass Clef | Using the Sustain Pedal Properly | Understanding Repeat Signs,A.6,Using the Sustain Pedal Properly,https://www.learnandmaster.com/piano/resources/Piano_Lessons_book_v2.pdf
5,Minor Adjustments,Minor Chords and How They Work,18,Lazy,"Minor Chords: Cm, Fm, & Gm | Minor Chords: Am, Dm, & Em | Triads of the C Major Scale | Lazy",Knowing How to Build Minor Chords | Relating Chords to the Major Scale by Number | Hearing Chord Movement,B.5,Knowing How to Build Minor Chords; Relating Chords to the Major Scale by Number,https://www.learnandmaster.com/piano/resources/Piano_Lessons_book_v2.pdf
6,Upside Down Chords,"Chord Inversions, Reading Rhythms",22,Lean on Me,Triad Inversions: 1st Inversion | Lean on Me | Reading Rhythms | Time Signatures,Knowing How to Form Triad Inversions | Understanding Note Values in Music,2.3,Knowing How to Form Triad Inversions,https://www.learnandmaster.com/piano/resources/Piano_Lessons_book_v2.pdf
7,The Piano as a Singer,"Playing Lyrically, Reading Rests in Music",26,Amazing Grace,Playing Lyrically | Amazing Grace Melody | Triads in Alternating Notes Exercise | Reading Rests,Playing a Melody Lyrically | Relating Note Fingering as Shapes or Clusters | Reading Rest Values in Music,A.3; B.8,"Reading Rest Values in Music (A.3); Playing a Melody Lyrically (B.8 phrasing); Amazing Grace is printed as a melody only, one staff with lyrics (p. 27)",https://www.learnandmaster.com/piano/resources/Piano_Lessons_book_v2.pdf
8,Black is Beautiful,Learning the Notes on the Black Keys,30,Home on the Range,"The Black Keys & Sharps and Flats | Keys and Key Signatures | Black Key Major Triads: A, D, & E | Home on the Range | Reggae in A",Understanding the Chromatic Scale | Reading Sharps and Flats in Written Music | Playing the Black Keys | Interpreting Keys and Key Signatures,A.5; B.3,Reading Sharps and Flats (A.5); Interpreting Keys and Key Signatures (B.3),https://www.learnandmaster.com/piano/resources/Piano_Lessons_book_v2.pdf
9,Black Magic,"More Work with Black Keys, The Minor Scale",34,Swanee River,"Black Key Major Triads: Ab, Db, Eb, Gb, Bb, B | The C Minor Scale | Reading Natural Signs | Swanee River | Reggae in Ab",Relating Triads by Shape | Understanding Natural Signs | Building a Minor Scale,B.4,Building a Minor Scale (B.4 alternatives: natural minor),https://www.learnandmaster.com/piano/resources/Piano_Lessons_book_v2.pdf
10,Making the Connection,"Inversions, Left-Hand Accompaniment Patterns",38,Inversion Connections,"Connecting Chord Inversions | 1st Inversion Chords: Ab, Db, & Eb | Left-Hand Accompaniment Pattern: Root-5th-Root | Amazing Grace",Connecting Chords by Using the Closest Inversion | Using the Sustain Pedal when Stacking Chords | Using the Root-5th-Root Accompaniment Pattern,B.6; B.8; 2.3,Root-5th-Root Accompaniment Pattern (B.6); Sustain Pedal when Stacking Chords (B.8); Connecting Chords by the Closest Inversion (2.3),https://www.learnandmaster.com/piano/resources/Piano_Lessons_book_v2.pdf
11,Let It Be,"Song Form, Alternate Bass Chords",43,Let it Be,Song Form | Let It Be | Relative Major & Minor Keys | Chords with Alternate Bass Notes,Playing “Let It Be” | Reading and Playing Chords with Alternate Bass Notes,,,https://www.learnandmaster.com/piano/resources/Piano_Lessons_book_v2.pdf
12,Breaking Up’s Not Hard to Do,"Arpeggios, Triplets",47,Old School Minor Triplets | Old School Triplets,Arpeggios | 1st Chord Progression Arpeggios | Triplets | Old School Triplets: Major and Minor | F Major Scale,Using Arpeggios to Play Chords and Accompaniments | Reading Triplets | Playing the F Major Scale,1.3; 1.4,Using Arpeggios (1.3); Reading Triplets (1.4),https://www.learnandmaster.com/piano/resources/Piano_Lessons_book_v2.pdf
13,Rockin’ the Piano,"Repeated Rhythmic Figures, Reading Ties, Playing by Ear",51,Classic Rock & Roll Prog.,Repeated Rhythmic Figures | Classic Rock & Roll Progression | G Major Scale | Ties | Playing by Ear,Understanding the Physical Dynamics of Playing Repeated Rhythms | Playing and Reading Rhythmic Piano | Understanding Syncopated Rhythms | Learning the Process of Playing by Ear,2.4,Understanding Syncopated Rhythms,https://www.learnandmaster.com/piano/resources/Piano_Lessons_book_v2.pdf
14,A Bit of Beethoven,"Compound Arpeggios, Harmonic Minor Scale",54,Fur Elis | Fur Elise,Fur Elise | A Harmonic Minor Scale | Compound Arpeggios | Compound Arpeggio Exercises 1 & 2,Playing Compound Arpeggios Between Both Hands | Understanding 1st & 2nd Endings | Understanding and Playing the Harmonic Minor Scale,,,https://www.learnandmaster.com/piano/resources/Piano_Lessons_book_v2.pdf
15,Pretty Chords,"Major 7th Chords, Sixteenth Notes",58,Gymnopedie | Lovin’ You | Right-Hand Ostinato in Dm,Major 7th Chords | Major 7th Groove | Gymnopedie | Lovin’ You | Sixteenth Notes,Understanding How Major 7th Chords are Formed | Playing Sixteenth Notes Correctly | Understanding Rootless Chord Voicings,2.4,Playing Sixteenth Notes Correctly,https://www.learnandmaster.com/piano/resources/Piano_Lessons_book_v2.pdf
16,The Dominant Sound,"Dominant Seventh Chords, Left-Hand Triads, D Major Scale",62,Home to You,Dominant Seventh Chords | Left-Hand Triads | Bluesy Dominants | D Major Scale | Home to You Chords,"Understanding Dominant 7th Chords | Playing C7, F7, Bb7, and G7 | Playing the D Major Scale | Understanding Octave Placement Notation",2.6,Understanding Dominant 7th Chords (2.6 alternative: seventh chords met),https://www.learnandmaster.com/piano/resources/Piano_Lessons_book_v2.pdf
17,Gettin’ the Blues,"The 12-Bar Blues Form, Syncopated Rhythms",66,,12-Bar Blues Form | 12-Bar Blues in G | Syncopated Rhythms | Pop Progression | 12-Bar Blues Lyrics Form,Knowing the Blues Progression | Playing the Dotted Eighth-Sixteenth Note Syncopated Rhythm | Understanding the Lyric Form of the Blues,2.4; 2.6,Dotted Eighth-Sixteenth Syncopated Rhythm (2.4); Knowing the Blues Progression (2.6),https://www.learnandmaster.com/piano/resources/Piano_Lessons_book_v2.pdf
18,Boogie-Woogie & Bending the Keys,"Boogie-Woogie Bass Line, Grace Notes",70,,The Boogie-Woogie Bass Figure | G Boogie-Woogie | Grace Notes | Blues Licks,The Physical Aspects of Playing Repetitive Motions | Applying the Boogie-Woogie Bass Figure | Understanding Grace Notes,B.6; 2.6,Applying the Boogie-Woogie Bass Figure (B.6 meet); Understanding Grace Notes (2.6),https://www.learnandmaster.com/piano/resources/Piano_Lessons_book_v2.pdf
19,Minor Details,Minor 7th Chords,73,Minor Details | Moondance,Minor 7th Chords | Minor Details | 7th Chords of the C Major Scale | Moondance | Am Pentatonic Scale and Licks,Forming a Minor 7th Chord | Knowing the 7th Chords of the C Major Scale | Understanding and Playing the Am Pentatonic Scale,,,https://www.learnandmaster.com/piano/resources/Piano_Lessons_book_v2.pdf
20,The Left Hand as a Bass Player,Left-Hand Bass Lines,77,Blueberry Hill,The Calypso Bass Pattern | Classic Rock & Roll Progression with Calypso Bass Line | Blueberry Hill | Walk-Ups and Walk-Downs | Left-Hand Octaves,Playing the Calypso Bass Pattern | Understanding Repeat Signs and 1st & 2nd Endings | Playing Walk-Ups and Walk-Downs | Playing the Extended Black Key Chord Progression,,,https://www.learnandmaster.com/piano/resources/Piano_Lessons_book_v2.pdf
21,The Art of Ostinato,"Ostinato, Suspended Chords",81,Left-Hand Ostinato in C | Spinning Song,Left-Hand Ostinato in C | Spinning Song | Right-Hand Ostinato in Dm | Suspended Chords,Playing the Left-Hand and Right-Hand Ostinato Progressions | Understanding Suspended Chords | Playing Suspended Chords in Progressions,1.5; B.6,Playing the Left-Hand and Right-Hand Ostinato Progressions (1.5 prepare; B.6 meet); the book prints only a 2-bar excerpt of Spinning Song (p. 82),https://www.learnandmaster.com/piano/resources/Piano_Lessons_book_v2.pdf
22,Harmonizing,"Harmony, Augmented Chords",85,Country Saints | Last Date,Amazing Grace Harmonized | Country Piano Concepts | Country Saints | Last Date | Augmented Chords,Melody Harmonizing | Harmonizing a Song Using Different Chord Changes | Understanding and Playing Augmented Chords,,,https://www.learnandmaster.com/piano/resources/Piano_Lessons_book_v2.pdf
23,Modern Pop Piano,Major 2 Chords,88,Open 2 Arpeggio Chord Prog.,Major 2 Chords | Modern Pop Progression | Open 2 Arpeggio Chord Progression | Chromatic Voice Leading,Forming Major 2 Chords | Understanding Chromatic Voice Leading,,,https://www.learnandmaster.com/piano/resources/Piano_Lessons_book_v2.pdf
24,Walkin’ the Blues & Shakin’ the Keys,"Sixth Chords, Walking Bass Lines, The Blues Scale, Tremolo",91,,Sixth Chords | Walking Bass Lines | C6 Walking Blues | The Blues Scale | Tremolo,Forming Sixth Chords | Walking a Bass Line | Forming a Blues Scale | Using Tremolo in the Right and Left Hand,,,https://www.learnandmaster.com/piano/resources/Piano_Lessons_book_v2.pdf
25,"Ragtime, Stride, & Diminished Chords","Ragtime, Diminished Chords",95,Ain’t Misbehavin’ | The Entertainer,Ragtime | The Entertainer | Diminished and Diminished 7th Chords | Ain’t Misbehavin’ | Stride Piano,Playing “The Entertainer” | Forming Diminished and Diminished 7th Chords | Understanding Stride Piano,1.5,"Understanding Stride Piano; Ragtime (1.5: ragtime bass, meet); The Entertainer is the book's simplified first section, 18 bars, both hands (p. 95)",https://www.learnandmaster.com/piano/resources/Piano_Lessons_book_v2.pdf
26,Jazz Piano,"Swing Rhythm, Chord Voicing, Improvising",99,Will’s Blues,"Swing Phrasing | Dominant 7th Rootless Left-Hand Voicings | F Blues Scale | Improvising | Turn-Arounds, Extensions & Alterations",Swing Phrasing | Forming Dominant Rootless 7th Chord Voicings | Understanding Improvising | Playing a Basic Turn-Around | Playing Extensions and Alterations of Chords,1.4; 2.4,"Swing Phrasing (1.4 and 2.4: swing, meet)",https://www.learnandmaster.com/piano/resources/Piano_Lessons_book_v2.pdf
27,“Caliente y Frio” - Hot & Cool Piano,"Montunos, Bossa Novas, Ninth Chords",103,Calient | Caliente | The Girl from Ipanema,Montuno in Em | Caliente | The Girl from Ipanema | Ninth Chords,Clapping the 2-3 Clave Rhythm | Playing a Montuno Piano Figure | Clapping the Basic Bossa Nova Rhythm | Forming Ninth Chords | Playing a Two Octave Chromatic Scale from C to C,,,https://www.learnandmaster.com/piano/resources/Piano_Lessons_book_v2.pdf
28,Building Bridges,"Vocal Accompaniment, Minor Add 2 Chords",107,,Moondance | Vocal Accompaniment | Fur Elise | Minor Add 2 Chords,Playing “Moondance” in its Entirety | Playing “Fur Elise” | Accompanying a Vocalist | Forming Minor Add 2 Chords,,,https://www.learnandmaster.com/piano/resources/Piano_Lessons_book_v2.pdf
