source,section,title,composer,teaches,how_read
Piano and Keyboard All-in-One For Dummies (Holly Day et al.),II.5 Playing Songs with Challenging Rhythms,When the Saints Go Marching In,,three-beat pickup; ties and dots,"the owner's PDF (kept outside the repo), read 2026-10-10: song sections and performance pieces; skill in the book's words, shortened"
Piano and Keyboard All-in-One For Dummies (Holly Day et al.),II.5,"Oh, Susannah",Stephen Foster,two eighth-note pickups,"the owner's PDF (kept outside the repo), read 2026-10-10: song sections and performance pieces; skill in the book's words, shortened"
Piano and Keyboard All-in-One For Dummies (Holly Day et al.),II.5,Scheherazade (theme),Rimsky-Korsakov,"dotted half notes in 3/4, ties","the owner's PDF (kept outside the repo), read 2026-10-10: song sections and performance pieces; skill in the book's words, shortened"
Piano and Keyboard All-in-One For Dummies (Holly Day et al.),II.5,Swanee River,Stephen Foster,dotted quarters and dotted eighths,"the owner's PDF (kept outside the repo), read 2026-10-10: song sections and performance pieces; skill in the book's words, shortened"
Piano and Keyboard All-in-One For Dummies (Holly Day et al.),II.5,By the Light of the Silvery Moon,,swing eighth notes,"the owner's PDF (kept outside the repo), read 2026-10-10: song sections and performance pieces; skill in the book's words, shortened"
Piano and Keyboard All-in-One For Dummies (Holly Day et al.),II.5,I've Been Working on the Railroad,,shuffle feel,"the owner's PDF (kept outside the repo), read 2026-10-10: song sections and performance pieces; skill in the book's words, shortened"
Piano and Keyboard All-in-One For Dummies (Holly Day et al.),II.5,Limehouse Blues,,syncopation held by a tie,"the owner's PDF (kept outside the repo), read 2026-10-10: song sections and performance pieces; skill in the book's words, shortened"
Piano and Keyboard All-in-One For Dummies (Holly Day et al.),III.2 Playing Songs Made of Scales,Danny Boy,,F major scale,"the owner's PDF (kept outside the repo), read 2026-10-10: song sections and performance pieces; skill in the book's words, shortened"
Piano and Keyboard All-in-One For Dummies (Holly Day et al.),III.2,House of the Rising Sun,,E natural minor scale,"the owner's PDF (kept outside the repo), read 2026-10-10: song sections and performance pieces; skill in the book's words, shortened"
Piano and Keyboard All-in-One For Dummies (Holly Day et al.),III.2,Greensleeves,,"natural and melodic minor, then G major","the owner's PDF (kept outside the repo), read 2026-10-10: song sections and performance pieces; skill in the book's words, shortened"
Piano and Keyboard All-in-One For Dummies (Holly Day et al.),III.3 Playing Songs with Both Hands,The Sidewalks of New York,,"one-note left-hand accompaniment, 3/4, bass clef, sharps","the owner's PDF (kept outside the repo), read 2026-10-10: song sections and performance pieces; skill in the book's words, shortened"
Piano and Keyboard All-in-One For Dummies (Holly Day et al.),III.3,Stars and Stripes Forever,Sousa,"pickup, 2/4, left-hand accompaniment pattern","the owner's PDF (kept outside the repo), read 2026-10-10: song sections and performance pieces; skill in the book's words, shortened"
Piano and Keyboard All-in-One For Dummies (Holly Day et al.),III.4 Playing Songs with More Harmony,I'm Called Little Buttercup,Sullivan,"single bass notes under the melody, hands moving differently","the owner's PDF (kept outside the repo), read 2026-10-10: song sections and performance pieces; skill in the book's words, shortened"
Piano and Keyboard All-in-One For Dummies (Holly Day et al.),III.4,Marianne,,two-note harmony,"the owner's PDF (kept outside the repo), read 2026-10-10: song sections and performance pieces; skill in the book's words, shortened"
Piano and Keyboard All-in-One For Dummies (Holly Day et al.),III.4,Aura Lee,,an interval below the melody in the right hand,"the owner's PDF (kept outside the repo), read 2026-10-10: song sections and performance pieces; skill in the book's words, shortened"
Piano and Keyboard All-in-One For Dummies (Holly Day et al.),III.4,Shenandoah,,"left hand mirrors the melody in harmony, same rhythm","the owner's PDF (kept outside the repo), read 2026-10-10: song sections and performance pieces; skill in the book's words, shortened"
Piano and Keyboard All-in-One For Dummies (Holly Day et al.),III.4,Auld Lang Syne,,"four-part harmony, mixed intervals","the owner's PDF (kept outside the repo), read 2026-10-10: song sections and performance pieces; skill in the book's words, shortened"
Piano and Keyboard All-in-One For Dummies (Holly Day et al.),III.5 Playing Songs with Key Signatures,Worried Man Blues,,"key of G, one sharp","the owner's PDF (kept outside the repo), read 2026-10-10: song sections and performance pieces; skill in the book's words, shortened"
Piano and Keyboard All-in-One For Dummies (Holly Day et al.),III.5,After the Ball,,key of G with a brief change of key; natural sign,"the owner's PDF (kept outside the repo), read 2026-10-10: song sections and performance pieces; skill in the book's words, shortened"
Piano and Keyboard All-in-One For Dummies (Holly Day et al.),III.6 Playing Songs with Chords,Down by the Station,,major chords in the left hand,"the owner's PDF (kept outside the repo), read 2026-10-10: song sections and performance pieces; skill in the book's words, shortened"
Piano and Keyboard All-in-One For Dummies (Holly Day et al.),III.6,Sometimes I Feel Like a Motherless Child,,"minor chords, inversions","the owner's PDF (kept outside the repo), read 2026-10-10: song sections and performance pieces; skill in the book's words, shortened"
Piano and Keyboard All-in-One For Dummies (Holly Day et al.),III.6,Lullaby,Brahms,seventh chords,"the owner's PDF (kept outside the repo), read 2026-10-10: song sections and performance pieces; skill in the book's words, shortened"
Piano and Keyboard All-in-One For Dummies (Holly Day et al.),III.6,Scarborough Fair,,D minor; left-hand chords from chord symbols,"the owner's PDF (kept outside the repo), read 2026-10-10: song sections and performance pieces; skill in the book's words, shortened"
Piano and Keyboard All-in-One For Dummies (Holly Day et al.),III.6,Red River Valley,,"chord inversions, triads and seventh chords","the owner's PDF (kept outside the repo), read 2026-10-10: song sections and performance pieces; skill in the book's words, shortened"
Piano and Keyboard All-in-One For Dummies (Holly Day et al.),IV.1 Dressing Up Your Songs,Polovtsian Dance,Borodin,"dynamic shading, hairpins","the owner's PDF (kept outside the repo), read 2026-10-10: song sections and performance pieces; skill in the book's words, shortened"
Piano and Keyboard All-in-One For Dummies (Holly Day et al.),IV.1,Camptown Races,Stephen Foster,"staccato, tenuto, accent","the owner's PDF (kept outside the repo), read 2026-10-10: song sections and performance pieces; skill in the book's words, shortened"
Piano and Keyboard All-in-One For Dummies (Holly Day et al.),IV.1,Trumpet Voluntary,Jeremiah Clarke,trills,"the owner's PDF (kept outside the repo), read 2026-10-10: song sections and performance pieces; skill in the book's words, shortened"
Piano and Keyboard All-in-One For Dummies (Holly Day et al.),IV.1,Also Sprach Zarathustra,R. Strauss,octave tremolo,"the owner's PDF (kept outside the repo), read 2026-10-10: song sections and performance pieces; skill in the book's words, shortened"
Piano and Keyboard All-in-One For Dummies (Holly Day et al.),IV.1,Quiet Sunset,(book's own),damper pedal indications,"the owner's PDF (kept outside the repo), read 2026-10-10: song sections and performance pieces; skill in the book's words, shortened"
Piano and Keyboard All-in-One For Dummies (Holly Day et al.),IV.2 Playing Songs with Left-Hand Grooves,Country Riffin',(book's own),"bum-ba-di-da bass, finale","the owner's PDF (kept outside the repo), read 2026-10-10: song sections and performance pieces; skill in the book's words, shortened"
Piano and Keyboard All-in-One For Dummies (Holly Day et al.),IV.2,Love Me Like You Used To,(book's own),"root-fifth-octave arpeggiated left hand, intro and finale","the owner's PDF (kept outside the repo), read 2026-10-10: song sections and performance pieces; skill in the book's words, shortened"
Piano and Keyboard All-in-One For Dummies (Holly Day et al.),V.2 performance piece,"Variations on Twinkle, Twinkle, Little Star",Mozart,scales,"the owner's PDF (kept outside the repo), read 2026-10-10: song sections and performance pieces; skill in the book's words, shortened"
Piano and Keyboard All-in-One For Dummies (Holly Day et al.),V.3 performance piece,Turkey in the Straw,,"parallel-motion harmony, matched articulation","the owner's PDF (kept outside the repo), read 2026-10-10: song sections and performance pieces; skill in the book's words, shortened"
Piano and Keyboard All-in-One For Dummies (Holly Day et al.),V.3 performance piece,Simple Gifts,,damper pedal: up and down with the register; held pedal at the end,"the owner's PDF (kept outside the repo), read 2026-10-10: song sections and performance pieces; skill in the book's words, shortened"
Piano and Keyboard All-in-One For Dummies (Holly Day et al.),V.4 performance piece,Lily Pad Rag,(book's own),syncopated melody over a steady left hand (ragtime),"the owner's PDF (kept outside the repo), read 2026-10-10: song sections and performance pieces; skill in the book's words, shortened"
Piano and Keyboard All-in-One For Dummies (Holly Day et al.),V.5 performance piece,Harp Heaven,(book's own),arpeggios with changing harmony,"the owner's PDF (kept outside the repo), read 2026-10-10: song sections and performance pieces; skill in the book's words, shortened"
Piano and Keyboard All-in-One For Dummies (Holly Day et al.),V.6 performance piece,Schumann's Octave Workout,"Schumann (Papillons, adapted)",right-hand octaves,"the owner's PDF (kept outside the repo), read 2026-10-10: song sections and performance pieces; skill in the book's words, shortened"
