source,chapter,figure,title,composer,teaches,how_read
"Piano For Dummies, 3rd edition (Hal Leonard; Wiley)",8,8-15,After You've Gone,,syncopation (Ch. 8 Playing Offbeat Rhythms),"list of figures and table of contents, read in the owner's Libby loan (2026-10-10); skill from the figure caption or chapter heading"
"Piano For Dummies, 3rd edition (Hal Leonard; Wiley)",9,9-3,Frere Jacques,,melody in C position (Ch. 9 Playing a Melody),"list of figures and table of contents, read in the owner's Libby loan (2026-10-10); skill from the figure caption or chapter heading"
"Piano For Dummies, 3rd edition (Hal Leonard; Wiley)",9,9-4,Ode to Joy,Beethoven,melody in C position,"list of figures and table of contents, read in the owner's Libby loan (2026-10-10); skill from the figure caption or chapter heading"
"Piano For Dummies, 3rd edition (Hal Leonard; Wiley)",9,9-5,Skip to My Lou,,"C position, thumb extends to B","list of figures and table of contents, read in the owner's Libby loan (2026-10-10); skill from the figure caption or chapter heading"
"Piano For Dummies, 3rd edition (Hal Leonard; Wiley)",9,9-6,Kumbaya,,"C position, right-hand 5 stretches","list of figures and table of contents, read in the owner's Libby loan (2026-10-10); skill from the figure caption or chapter heading"
"Piano For Dummies, 3rd edition (Hal Leonard; Wiley)",9,9-7,Chiapanecas,,stretching and shifting C position,"list of figures and table of contents, read in the owner's Libby loan (2026-10-10); skill from the figure caption or chapter heading"
"Piano For Dummies, 3rd edition (Hal Leonard; Wiley)",9,9-9,Little Bo-Peep,,G position,"list of figures and table of contents, read in the owner's Libby loan (2026-10-10); skill from the figure caption or chapter heading"
"Piano For Dummies, 3rd edition (Hal Leonard; Wiley)",9,9-10,This Old Man,,G position with some stretching,"list of figures and table of contents, read in the owner's Libby loan (2026-10-10); skill from the figure caption or chapter heading"
"Piano For Dummies, 3rd edition (Hal Leonard; Wiley)",9,9-13,Minuet,J. S. Bach,right-hand 2 crossover,"list of figures and table of contents, read in the owner's Libby loan (2026-10-10); skill from the figure caption or chapter heading"
"Piano For Dummies, 3rd edition (Hal Leonard; Wiley)",9,9-14,"Row, Row, Row Your Boat",,crossing the thumb (Ch. 9 Crossing Your Fingers),"list of figures and table of contents, read in the owner's Libby loan (2026-10-10); skill from the figure caption or chapter heading"
"Piano For Dummies, 3rd edition (Hal Leonard; Wiley)",10,10-9,Joy to the World (in C minor),,minor scale (Ch. 10 Exploring Minor Variations),"list of figures and table of contents, read in the owner's Libby loan (2026-10-10); skill from the figure caption or chapter heading"
"Piano For Dummies, 3rd edition (Hal Leonard; Wiley)",11,11-4,"Swing Low, Sweet Chariot",,melody in the left hand,"list of figures and table of contents, read in the owner's Libby loan (2026-10-10); skill from the figure caption or chapter heading"
"Piano For Dummies, 3rd edition (Hal Leonard; Wiley)",11,11-5,Little Brown Jug,,melody in the left hand,"list of figures and table of contents, read in the owner's Libby loan (2026-10-10); skill from the figure caption or chapter heading"
"Piano For Dummies, 3rd edition (Hal Leonard; Wiley)",11,11-16,A simple melody and accompaniment,Mozart,melody with left-hand accompaniment (Ch. 11),"list of figures and table of contents, read in the owner's Libby loan (2026-10-10); skill from the figure caption or chapter heading"
"Piano For Dummies, 3rd edition (Hal Leonard; Wiley)",11,11-17,Old Smoky,,three-note left-hand pattern,"list of figures and table of contents, read in the owner's Libby loan (2026-10-10); skill from the figure caption or chapter heading"
"Piano For Dummies, 3rd edition (Hal Leonard; Wiley)",12,12-3,London Bridge,,major seconds (Ch. 12 Measuring Melodic Intervals),"list of figures and table of contents, read in the owner's Libby loan (2026-10-10); skill from the figure caption or chapter heading"
"Piano For Dummies, 3rd edition (Hal Leonard; Wiley)",12,12-4,Fur Elise,Beethoven,minor second,"list of figures and table of contents, read in the owner's Libby loan (2026-10-10); skill from the figure caption or chapter heading"
"Piano For Dummies, 3rd edition (Hal Leonard; Wiley)",12,12-12,Here Comes the Bride,,perfect fourth and fifth,"list of figures and table of contents, read in the owner's Libby loan (2026-10-10); skill from the figure caption or chapter heading"
"Piano For Dummies, 3rd edition (Hal Leonard; Wiley)",12,12-18,Aura Lee,,a melody to harmonize (Ch. 12 Playing Songs with More Harmony),"list of figures and table of contents, read in the owner's Libby loan (2026-10-10); skill from the figure caption or chapter heading"
"Piano For Dummies, 3rd edition (Hal Leonard; Wiley)",12,12-19,Yankee Doodle,,harmonizing a melody,"list of figures and table of contents, read in the owner's Libby loan (2026-10-10); skill from the figure caption or chapter heading"
"Piano For Dummies, 3rd edition (Hal Leonard; Wiley)",12,12-20,"America, the Beautiful",,single-note left-hand harmony part,"list of figures and table of contents, read in the owner's Libby loan (2026-10-10); skill from the figure caption or chapter heading"
"Piano For Dummies, 3rd edition (Hal Leonard; Wiley)",13,13-1/13-2,"Good Night, Ladies",,the same melody in C and in F; key signatures (Ch. 13 Understanding Keys),"list of figures and table of contents, read in the owner's Libby loan (2026-10-10); skill from the figure caption or chapter heading"
"Piano For Dummies, 3rd edition (Hal Leonard; Wiley)",14,14-8,Old Folks at Home,Stephen Foster,augmented and diminished chords,"list of figures and table of contents, read in the owner's Libby loan (2026-10-10); skill from the figure caption or chapter heading"
"Piano For Dummies, 3rd edition (Hal Leonard; Wiley)",15,15-10,Amazing Grace,,grace notes,"list of figures and table of contents, read in the owner's Libby loan (2026-10-10); skill from the figure caption or chapter heading"
"Piano For Dummies, 3rd edition (Hal Leonard; Wiley)",15,15-11,Pop Goes the Weasel,,grace notes,"list of figures and table of contents, read in the owner's Libby loan (2026-10-10); skill from the figure caption or chapter heading"
"Piano For Dummies, 3rd edition (Hal Leonard; Wiley)",15,15-13,Simon Says (trill example),,trill,"list of figures and table of contents, read in the owner's Libby loan (2026-10-10); skill from the figure caption or chapter heading"
"Piano For Dummies, 3rd edition (Hal Leonard; Wiley)",16,16-4,Picking and Grinning,,left-hand chord picking (Ch. 16 Great Grooves),"list of figures and table of contents, read in the owner's Libby loan (2026-10-10); skill from the figure caption or chapter heading"
"Piano For Dummies, 3rd edition (Hal Leonard; Wiley)",16,16-5,Octaves in the Left,,left-hand octaves,"list of figures and table of contents, read in the owner's Libby loan (2026-10-10); skill from the figure caption or chapter heading"
"Piano For Dummies, 3rd edition (Hal Leonard; Wiley)",16,16-6,Jumping Octaves,,octaves on different chord notes,"list of figures and table of contents, read in the owner's Libby loan (2026-10-10); skill from the figure caption or chapter heading"
"Piano For Dummies, 3rd edition (Hal Leonard; Wiley)",16,16-8,Berry-Style Blues,,open-interval left-hand pattern,"list of figures and table of contents, read in the owner's Libby loan (2026-10-10); skill from the figure caption or chapter heading"
"Piano For Dummies, 3rd edition (Hal Leonard; Wiley)",16,16-10,(boogie-woogie pattern),,boogie-woogie left hand,"list of figures and table of contents, read in the owner's Libby loan (2026-10-10); skill from the figure caption or chapter heading"
"Piano For Dummies, 3rd edition (Hal Leonard; Wiley)",17,17-1,Sonata in C (excerpt),Mozart,classical style (Ch. 17 Perusing the Aisle of Style),"list of figures and table of contents, read in the owner's Libby loan (2026-10-10); skill from the figure caption or chapter heading"
"Piano For Dummies, 3rd edition (Hal Leonard; Wiley)",17,17-2,Piano Concerto (excerpt),Grieg,classical style,"list of figures and table of contents, read in the owner's Libby loan (2026-10-10); skill from the figure caption or chapter heading"
"Piano For Dummies, 3rd edition (Hal Leonard; Wiley)",17,17-4,(12-bar blues),,the 12-bar blues,"list of figures and table of contents, read in the owner's Libby loan (2026-10-10); skill from the figure caption or chapter heading"
"Piano For Dummies, 3rd edition (Hal Leonard; Wiley)",17,17-11,Yankee Doodle (swing),,swing,"list of figures and table of contents, read in the owner's Libby loan (2026-10-10); skill from the figure caption or chapter heading"
"Piano For Dummies, 3rd edition (Hal Leonard; Wiley)",17,17-12,Merrily We Roll Along,,"standard chords, then three jazz variations","list of figures and table of contents, read in the owner's Libby loan (2026-10-10); skill from the figure caption or chapter heading"
